queried_protein,queried_target_chembl_id,activity_comment,activity_id,activity_properties,assay_chembl_id,assay_description.x,assay_type,assay_variant_accession,assay_variant_mutation,bao_endpoint,bao_format.x,bao_label,canonical_smiles,data_validity_comment,data_validity_description,document_chembl_id,document_journal,document_year,modality,molecule_chembl_id,molecule_pref_name,parent_molecule_chembl_id,pchembl_value,potential_duplicate,qudt_units,record_id,relation,src_id,standard_flag,standard_relation,standard_text_value,standard_type,standard_units,standard_upper_value,standard_value,target_chembl_id,target_organism,target_pref_name,target_tax_id,text_value,toid,type,units,uo_units,upper_value,value,action_type.action_type,action_type.description,action_type.parent_type,ligand_efficiency.bei,ligand_efficiency.le,ligand_efficiency.lle,ligand_efficiency.sei,standard_value_numeric,pchembl_value_numeric,has_numeric_value,has_molecule_id,is_nanomolar,is_exact_or_upper_bound,has_validity_warning,is_potential_duplicate,evidence_class,is_quantitative_concentration,is_inhibitory_measurement,is_binding_measurement,is_functional_measurement,evidence_tier,potency_band,assay_retrieved,assay_type_api,assay_description.y,assay_organism,assay_tissue,assay_cell_type,assay_subcellular_fraction,bao_format.y,bao_label_api,confidence_score,target_chembl_id_api,relationship_type,document_chembl_id_api,src_assay_id,assay_category,assay_tax_id,final_document_chembl_id,final_assay_type,final_bao_label,final_target_chembl_id,high_confidence_target_assignment,single_protein_high_confidence,direct_binding_assay,functional_assay,document_retrieved,document_type,title,abstract,authors,journal,journal_full_title,year,volume,issue,first_page,last_page,doi,pubmed_id,patent_id
RPL18A,CHEMBL6067541,,26221698,,CHEMBL5652291,Binding affinity to human RPL18A incubated for 45 mins by Kinobead based pull down assay,B,,,BAO_0000034,BAO_0000357,single protein format,Cc1ccc(C(=O)Nc2cccc(C(F)(F)F)c2)cc1Nc1nc(-c2cccnc2)nc2nn(C)cc12,,,CHEMBL5649169,ChemMedChem,2018,,CHEMBL5653589,,CHEMBL5653589,5.5,0,http://www.openphacts.org/units/Nanomolar,4136306,=,72,1,=,,Kd,nM,,3154.06,CHEMBL6067541,Homo sapiens,Large ribosomal subunit protein eL20,9606,,,Kd(app),nM,UO_0000065,,3154.061,BINDING AGENT,"Binds to a substance such as a cell surface antigen, targeting a drug to that location, but not necessarily affecting the functioning of the substance itself",OTHER,10.93,0.2,-0.25,5.64,3154.06,5.5,TRUE,TRUE,TRUE,TRUE,FALSE,FALSE,Binding affinity,TRUE,FALSE,TRUE,FALSE,Tier 2: quantitative binding,Lower apparent potency (>1 to 10 uM),TRUE,B,Binding affinity to human RPL18A incubated for 45 mins by Kinobead based pull down assay,Homo sapiens,,,,BAO_0000357,single protein format,9,CHEMBL6067541,D,CHEMBL5649169,,,9606,CHEMBL5649169,B,single protein format,CHEMBL6067541,TRUE,TRUE,TRUE,FALSE,TRUE,PUBLICATION,NVP-BHG712: Effects of Regioisomers on the Affinity and Selectivity toward the EPHrin Family.,"Erythropoietin-producing hepatocellular (EPH) receptors are transmembrane receptor tyrosine kinases. Their extracellular domains bind specifically to ephrin A/B ligands, and this binding modulates intracellular kinase activity. EPHs are key players in bidirectional intercellular signaling, controlling cell morphology, adhesion, and migration. They are increasingly recognized as cancer drug targets. We analyzed the binding of NVP-BHG712 (NVP) to EPHA2 and EPHB4. Unexpectedly, all tested commercially available NVP samples turned out to be a regioisomer (NVPiso) of the inhibitor, initially described in a Novartis patent application. They only differ by the localization of a single methyl group on either one of two adjacent nitrogen atoms. The two compounds of identical mass revealed different binding modes. Furthermore, both in vitro and in vivo experiments showed that the isomers differ in their kinase affinity and selectivity.","Tröster A, Heinzlmeir S, Berger BT, Gande SL, Saxena K, Sreeramulu S, Linhard V, Nasiri AH, Bolte M, Müller S, Kuster B, Médard G, Kudlinzki D, Schwalbe H.",ChemMedChem,,2018,13,16,1629,1633,10.1002/cmdc.201800398,29928781,
RPL18A,CHEMBL6067541,,26221699,,CHEMBL5652291,Binding affinity to human RPL18A incubated for 45 mins by Kinobead based pull down assay,B,,,BAO_0003036,BAO_0000357,single protein format,Cc1ccc(C(=O)Nc2cccc(C(F)(F)F)c2)cc1Nc1nc(-c2cccnc2)nc2nn(C)cc12,,,CHEMBL5649169,ChemMedChem,2018,,CHEMBL5653589,,CHEMBL5653589,5.5,0,http://www.openphacts.org/units/Nanomolar,4136306,=,72,0,=,,ED50,nM,,3154.06,CHEMBL6067541,Homo sapiens,Large ribosomal subunit protein eL20,9606,,,ED50,nM,UO_0000065,,3154.061,BINDING AGENT,"Binds to a substance such as a cell surface antigen, targeting a drug to that location, but not necessarily affecting the functioning of the substance itself",OTHER,,,,,3154.06,5.5,TRUE,TRUE,TRUE,TRUE,FALSE,FALSE,Functional dose response,TRUE,FALSE,FALSE,TRUE,Tier 3: quantitative functional response,Lower apparent potency (>1 to 10 uM),TRUE,B,Binding affinity to human RPL18A incubated for 45 mins by Kinobead based pull down assay,Homo sapiens,,,,BAO_0000357,single protein format,9,CHEMBL6067541,D,CHEMBL5649169,,,9606,CHEMBL5649169,B,single protein format,CHEMBL6067541,TRUE,TRUE,TRUE,FALSE,TRUE,PUBLICATION,NVP-BHG712: Effects of Regioisomers on the Affinity and Selectivity toward the EPHrin Family.,"Erythropoietin-producing hepatocellular (EPH) receptors are transmembrane receptor tyrosine kinases. Their extracellular domains bind specifically to ephrin A/B ligands, and this binding modulates intracellular kinase activity. EPHs are key players in bidirectional intercellular signaling, controlling cell morphology, adhesion, and migration. They are increasingly recognized as cancer drug targets. We analyzed the binding of NVP-BHG712 (NVP) to EPHA2 and EPHB4. Unexpectedly, all tested commercially available NVP samples turned out to be a regioisomer (NVPiso) of the inhibitor, initially described in a Novartis patent application. They only differ by the localization of a single methyl group on either one of two adjacent nitrogen atoms. The two compounds of identical mass revealed different binding modes. Furthermore, both in vitro and in vivo experiments showed that the isomers differ in their kinase affinity and selectivity.","Tröster A, Heinzlmeir S, Berger BT, Gande SL, Saxena K, Sreeramulu S, Linhard V, Nasiri AH, Bolte M, Müller S, Kuster B, Médard G, Kudlinzki D, Schwalbe H.",ChemMedChem,,2018,13,16,1629,1633,10.1002/cmdc.201800398,29928781,
RPL18A,CHEMBL6067541,,26221700,,CHEMBL5652291,Binding affinity to human RPL18A incubated for 45 mins by Kinobead based pull down assay,B,,,BAO_0000034,BAO_0000357,single protein format,Cc1ccc(C(=O)Nc2cccc(C(F)(F)F)c2)cc1Nc1nc(-c2cccnc2)nc2c1cnn2C,,,CHEMBL5649169,ChemMedChem,2018,,CHEMBL3752910,,CHEMBL3752910,7.01,0,http://www.openphacts.org/units/Nanomolar,4136305,=,72,1,=,,Kd,nM,,98.14,CHEMBL6067541,Homo sapiens,Large ribosomal subunit protein eL20,9606,,,Kd(app),nM,UO_0000065,,98.14,BINDING AGENT,"Binds to a substance such as a cell surface antigen, targeting a drug to that location, but not necessarily affecting the functioning of the substance itself",OTHER,13.92,0.26,1.26,7.18,98.14,7.01,TRUE,TRUE,TRUE,TRUE,FALSE,FALSE,Binding affinity,TRUE,FALSE,TRUE,FALSE,Tier 2: quantitative binding,High apparent potency (>10 to 100 nM),TRUE,B,Binding affinity to human RPL18A incubated for 45 mins by Kinobead based pull down assay,Homo sapiens,,,,BAO_0000357,single protein format,9,CHEMBL6067541,D,CHEMBL5649169,,,9606,CHEMBL5649169,B,single protein format,CHEMBL6067541,TRUE,TRUE,TRUE,FALSE,TRUE,PUBLICATION,NVP-BHG712: Effects of Regioisomers on the Affinity and Selectivity toward the EPHrin Family.,"Erythropoietin-producing hepatocellular (EPH) receptors are transmembrane receptor tyrosine kinases. Their extracellular domains bind specifically to ephrin A/B ligands, and this binding modulates intracellular kinase activity. EPHs are key players in bidirectional intercellular signaling, controlling cell morphology, adhesion, and migration. They are increasingly recognized as cancer drug targets. We analyzed the binding of NVP-BHG712 (NVP) to EPHA2 and EPHB4. Unexpectedly, all tested commercially available NVP samples turned out to be a regioisomer (NVPiso) of the inhibitor, initially described in a Novartis patent application. They only differ by the localization of a single methyl group on either one of two adjacent nitrogen atoms. The two compounds of identical mass revealed different binding modes. Furthermore, both in vitro and in vivo experiments showed that the isomers differ in their kinase affinity and selectivity.","Tröster A, Heinzlmeir S, Berger BT, Gande SL, Saxena K, Sreeramulu S, Linhard V, Nasiri AH, Bolte M, Müller S, Kuster B, Médard G, Kudlinzki D, Schwalbe H.",ChemMedChem,,2018,13,16,1629,1633,10.1002/cmdc.201800398,29928781,
RPL18A,CHEMBL6067541,,26221701,,CHEMBL5652291,Binding affinity to human RPL18A incubated for 45 mins by Kinobead based pull down assay,B,,,BAO_0003036,BAO_0000357,single protein format,Cc1ccc(C(=O)Nc2cccc(C(F)(F)F)c2)cc1Nc1nc(-c2cccnc2)nc2c1cnn2C,,,CHEMBL5649169,ChemMedChem,2018,,CHEMBL3752910,,CHEMBL3752910,7.01,0,http://www.openphacts.org/units/Nanomolar,4136305,=,72,0,=,,ED50,nM,,98.14,CHEMBL6067541,Homo sapiens,Large ribosomal subunit protein eL20,9606,,,ED50,nM,UO_0000065,,98.14,BINDING AGENT,"Binds to a substance such as a cell surface antigen, targeting a drug to that location, but not necessarily affecting the functioning of the substance itself",OTHER,,,,,98.14,7.01,TRUE,TRUE,TRUE,TRUE,FALSE,FALSE,Functional dose response,TRUE,FALSE,FALSE,TRUE,Tier 3: quantitative functional response,High apparent potency (>10 to 100 nM),TRUE,B,Binding affinity to human RPL18A incubated for 45 mins by Kinobead based pull down assay,Homo sapiens,,,,BAO_0000357,single protein format,9,CHEMBL6067541,D,CHEMBL5649169,,,9606,CHEMBL5649169,B,single protein format,CHEMBL6067541,TRUE,TRUE,TRUE,FALSE,TRUE,PUBLICATION,NVP-BHG712: Effects of Regioisomers on the Affinity and Selectivity toward the EPHrin Family.,"Erythropoietin-producing hepatocellular (EPH) receptors are transmembrane receptor tyrosine kinases. Their extracellular domains bind specifically to ephrin A/B ligands, and this binding modulates intracellular kinase activity. EPHs are key players in bidirectional intercellular signaling, controlling cell morphology, adhesion, and migration. They are increasingly recognized as cancer drug targets. We analyzed the binding of NVP-BHG712 (NVP) to EPHA2 and EPHB4. Unexpectedly, all tested commercially available NVP samples turned out to be a regioisomer (NVPiso) of the inhibitor, initially described in a Novartis patent application. They only differ by the localization of a single methyl group on either one of two adjacent nitrogen atoms. The two compounds of identical mass revealed different binding modes. Furthermore, both in vitro and in vivo experiments showed that the isomers differ in their kinase affinity and selectivity.","Tröster A, Heinzlmeir S, Berger BT, Gande SL, Saxena K, Sreeramulu S, Linhard V, Nasiri AH, Bolte M, Müller S, Kuster B, Médard G, Kudlinzki D, Schwalbe H.",ChemMedChem,,2018,13,16,1629,1633,10.1002/cmdc.201800398,29928781,
RPS3,CHEMBL6066939,,26221906,,CHEMBL5652347,Binding affinity to human RPS3 incubated for 45 mins by Kinobead based pull down assay,B,,,BAO_0000034,BAO_0000357,single protein format,Cc1ccc(C(=O)Nc2cccc(C(F)(F)F)c2)cc1Nc1nc(-c2cccnc2)nc2nn(C)cc12,,,CHEMBL5649169,ChemMedChem,2018,,CHEMBL5653589,,CHEMBL5653589,7.39,0,http://www.openphacts.org/units/Nanomolar,4136306,=,72,1,=,,Kd,nM,,40.59,CHEMBL6066939,Homo sapiens,Small ribosomal subunit protein uS3,9606,,,Kd(app),nM,UO_0000065,,40.588,BINDING AGENT,"Binds to a substance such as a cell surface antigen, targeting a drug to that location, but not necessarily affecting the functioning of the substance itself",OTHER,14.68,0.27,1.64,7.57,40.59,7.39,TRUE,TRUE,TRUE,TRUE,FALSE,FALSE,Binding affinity,TRUE,FALSE,TRUE,FALSE,Tier 2: quantitative binding,High apparent potency (>10 to 100 nM),TRUE,B,Binding affinity to human RPS3 incubated for 45 mins by Kinobead based pull down assay,Homo sapiens,,,,BAO_0000357,single protein format,9,CHEMBL6066939,D,CHEMBL5649169,,,9606,CHEMBL5649169,B,single protein format,CHEMBL6066939,TRUE,TRUE,TRUE,FALSE,TRUE,PUBLICATION,NVP-BHG712: Effects of Regioisomers on the Affinity and Selectivity toward the EPHrin Family.,"Erythropoietin-producing hepatocellular (EPH) receptors are transmembrane receptor tyrosine kinases. Their extracellular domains bind specifically to ephrin A/B ligands, and this binding modulates intracellular kinase activity. EPHs are key players in bidirectional intercellular signaling, controlling cell morphology, adhesion, and migration. They are increasingly recognized as cancer drug targets. We analyzed the binding of NVP-BHG712 (NVP) to EPHA2 and EPHB4. Unexpectedly, all tested commercially available NVP samples turned out to be a regioisomer (NVPiso) of the inhibitor, initially described in a Novartis patent application. They only differ by the localization of a single methyl group on either one of two adjacent nitrogen atoms. The two compounds of identical mass revealed different binding modes. Furthermore, both in vitro and in vivo experiments showed that the isomers differ in their kinase affinity and selectivity.","Tröster A, Heinzlmeir S, Berger BT, Gande SL, Saxena K, Sreeramulu S, Linhard V, Nasiri AH, Bolte M, Müller S, Kuster B, Médard G, Kudlinzki D, Schwalbe H.",ChemMedChem,,2018,13,16,1629,1633,10.1002/cmdc.201800398,29928781,
RPS3,CHEMBL6066939,,26221907,,CHEMBL5652347,Binding affinity to human RPS3 incubated for 45 mins by Kinobead based pull down assay,B,,,BAO_0003036,BAO_0000357,single protein format,Cc1ccc(C(=O)Nc2cccc(C(F)(F)F)c2)cc1Nc1nc(-c2cccnc2)nc2nn(C)cc12,,,CHEMBL5649169,ChemMedChem,2018,,CHEMBL5653589,,CHEMBL5653589,7.39,0,http://www.openphacts.org/units/Nanomolar,4136306,=,72,0,=,,ED50,nM,,40.59,CHEMBL6066939,Homo sapiens,Small ribosomal subunit protein uS3,9606,,,ED50,nM,UO_0000065,,40.588,BINDING AGENT,"Binds to a substance such as a cell surface antigen, targeting a drug to that location, but not necessarily affecting the functioning of the substance itself",OTHER,,,,,40.59,7.39,TRUE,TRUE,TRUE,TRUE,FALSE,FALSE,Functional dose response,TRUE,FALSE,FALSE,TRUE,Tier 3: quantitative functional response,High apparent potency (>10 to 100 nM),TRUE,B,Binding affinity to human RPS3 incubated for 45 mins by Kinobead based pull down assay,Homo sapiens,,,,BAO_0000357,single protein format,9,CHEMBL6066939,D,CHEMBL5649169,,,9606,CHEMBL5649169,B,single protein format,CHEMBL6066939,TRUE,TRUE,TRUE,FALSE,TRUE,PUBLICATION,NVP-BHG712: Effects of Regioisomers on the Affinity and Selectivity toward the EPHrin Family.,"Erythropoietin-producing hepatocellular (EPH) receptors are transmembrane receptor tyrosine kinases. Their extracellular domains bind specifically to ephrin A/B ligands, and this binding modulates intracellular kinase activity. EPHs are key players in bidirectional intercellular signaling, controlling cell morphology, adhesion, and migration. They are increasingly recognized as cancer drug targets. We analyzed the binding of NVP-BHG712 (NVP) to EPHA2 and EPHB4. Unexpectedly, all tested commercially available NVP samples turned out to be a regioisomer (NVPiso) of the inhibitor, initially described in a Novartis patent application. They only differ by the localization of a single methyl group on either one of two adjacent nitrogen atoms. The two compounds of identical mass revealed different binding modes. Furthermore, both in vitro and in vivo experiments showed that the isomers differ in their kinase affinity and selectivity.","Tröster A, Heinzlmeir S, Berger BT, Gande SL, Saxena K, Sreeramulu S, Linhard V, Nasiri AH, Bolte M, Müller S, Kuster B, Médard G, Kudlinzki D, Schwalbe H.",ChemMedChem,,2018,13,16,1629,1633,10.1002/cmdc.201800398,29928781,
RPS3,CHEMBL6066939,,26221908,,CHEMBL5652347,Binding affinity to human RPS3 incubated for 45 mins by Kinobead based pull down assay,B,,,BAO_0000034,BAO_0000357,single protein format,Cc1ccc(C(=O)Nc2cccc(C(F)(F)F)c2)cc1Nc1nc(-c2cccnc2)nc2c1cnn2C,,,CHEMBL5649169,ChemMedChem,2018,,CHEMBL3752910,,CHEMBL3752910,8.41,0,http://www.openphacts.org/units/Nanomolar,4136305,=,72,1,=,,Kd,nM,,3.858,CHEMBL6066939,Homo sapiens,Small ribosomal subunit protein uS3,9606,,,Kd(app),nM,UO_0000065,,3.858,BINDING AGENT,"Binds to a substance such as a cell surface antigen, targeting a drug to that location, but not necessarily affecting the functioning of the substance itself",OTHER,16.71,0.31,2.66,8.62,3.858,8.41,TRUE,TRUE,TRUE,TRUE,FALSE,FALSE,Binding affinity,TRUE,FALSE,TRUE,FALSE,Tier 2: quantitative binding,Very high apparent potency (<=10 nM),TRUE,B,Binding affinity to human RPS3 incubated for 45 mins by Kinobead based pull down assay,Homo sapiens,,,,BAO_0000357,single protein format,9,CHEMBL6066939,D,CHEMBL5649169,,,9606,CHEMBL5649169,B,single protein format,CHEMBL6066939,TRUE,TRUE,TRUE,FALSE,TRUE,PUBLICATION,NVP-BHG712: Effects of Regioisomers on the Affinity and Selectivity toward the EPHrin Family.,"Erythropoietin-producing hepatocellular (EPH) receptors are transmembrane receptor tyrosine kinases. Their extracellular domains bind specifically to ephrin A/B ligands, and this binding modulates intracellular kinase activity. EPHs are key players in bidirectional intercellular signaling, controlling cell morphology, adhesion, and migration. They are increasingly recognized as cancer drug targets. We analyzed the binding of NVP-BHG712 (NVP) to EPHA2 and EPHB4. Unexpectedly, all tested commercially available NVP samples turned out to be a regioisomer (NVPiso) of the inhibitor, initially described in a Novartis patent application. They only differ by the localization of a single methyl group on either one of two adjacent nitrogen atoms. The two compounds of identical mass revealed different binding modes. Furthermore, both in vitro and in vivo experiments showed that the isomers differ in their kinase affinity and selectivity.","Tröster A, Heinzlmeir S, Berger BT, Gande SL, Saxena K, Sreeramulu S, Linhard V, Nasiri AH, Bolte M, Müller S, Kuster B, Médard G, Kudlinzki D, Schwalbe H.",ChemMedChem,,2018,13,16,1629,1633,10.1002/cmdc.201800398,29928781,
RPS3,CHEMBL6066939,,26221909,,CHEMBL5652347,Binding affinity to human RPS3 incubated for 45 mins by Kinobead based pull down assay,B,,,BAO_0003036,BAO_0000357,single protein format,Cc1ccc(C(=O)Nc2cccc(C(F)(F)F)c2)cc1Nc1nc(-c2cccnc2)nc2c1cnn2C,,,CHEMBL5649169,ChemMedChem,2018,,CHEMBL3752910,,CHEMBL3752910,8.41,0,http://www.openphacts.org/units/Nanomolar,4136305,=,72,0,=,,ED50,nM,,3.858,CHEMBL6066939,Homo sapiens,Small ribosomal subunit protein uS3,9606,,,ED50,nM,UO_0000065,,3.858,BINDING AGENT,"Binds to a substance such as a cell surface antigen, targeting a drug to that location, but not necessarily affecting the functioning of the substance itself",OTHER,,,,,3.858,8.41,TRUE,TRUE,TRUE,TRUE,FALSE,FALSE,Functional dose response,TRUE,FALSE,FALSE,TRUE,Tier 3: quantitative functional response,Very high apparent potency (<=10 nM),TRUE,B,Binding affinity to human RPS3 incubated for 45 mins by Kinobead based pull down assay,Homo sapiens,,,,BAO_0000357,single protein format,9,CHEMBL6066939,D,CHEMBL5649169,,,9606,CHEMBL5649169,B,single protein format,CHEMBL6066939,TRUE,TRUE,TRUE,FALSE,TRUE,PUBLICATION,NVP-BHG712: Effects of Regioisomers on the Affinity and Selectivity toward the EPHrin Family.,"Erythropoietin-producing hepatocellular (EPH) receptors are transmembrane receptor tyrosine kinases. Their extracellular domains bind specifically to ephrin A/B ligands, and this binding modulates intracellular kinase activity. EPHs are key players in bidirectional intercellular signaling, controlling cell morphology, adhesion, and migration. They are increasingly recognized as cancer drug targets. We analyzed the binding of NVP-BHG712 (NVP) to EPHA2 and EPHB4. Unexpectedly, all tested commercially available NVP samples turned out to be a regioisomer (NVPiso) of the inhibitor, initially described in a Novartis patent application. They only differ by the localization of a single methyl group on either one of two adjacent nitrogen atoms. The two compounds of identical mass revealed different binding modes. Furthermore, both in vitro and in vivo experiments showed that the isomers differ in their kinase affinity and selectivity.","Tröster A, Heinzlmeir S, Berger BT, Gande SL, Saxena K, Sreeramulu S, Linhard V, Nasiri AH, Bolte M, Müller S, Kuster B, Médard G, Kudlinzki D, Schwalbe H.",ChemMedChem,,2018,13,16,1629,1633,10.1002/cmdc.201800398,29928781,
RPS3,CHEMBL6066939,,26298253,,CHEMBL5697120,Inhibition of RPS3 (unknown origin) assessed as fold change at 10 uM incubated for 1 hr by colloidal coomassie staining based LC-MS/MS analysis,B,,,BAO_0000179,BAO_0000357,single protein format,CCNC(=O)C[C@@H]1N=C(c2ccc(Cl)cc2)c2cc(OC)ccc2-n2c(C)nnc21,,,CHEMBL5696440,Nature,2011,,CHEMBL1232461,MOLIBRESIB,CHEMBL1232461,,0,,4139758,=,72,0,=,,FC,,,0.414,CHEMBL6066939,Homo sapiens,Small ribosomal subunit protein uS3,9606,,,FC,,,,0.414,INHIBITOR,"Negatively effects (inhibits) the normal functioning of the protein e.g., prevention of enzymatic reaction or activation of downstream pathway",NEGATIVE MODULATOR,,,,,0.414,,TRUE,TRUE,,TRUE,FALSE,FALSE,Contextual activity,FALSE,FALSE,FALSE,FALSE,Contextual record,Not concentration-ranked,TRUE,B,Inhibition of RPS3 (unknown origin) assessed as fold change at 10 uM incubated for 1 hr by colloidal coomassie staining based LC-MS/MS analysis,Homo sapiens,,,,BAO_0000357,single protein format,9,CHEMBL6066939,D,CHEMBL5696440,,,9606,CHEMBL5696440,B,single protein format,CHEMBL6066939,TRUE,TRUE,TRUE,FALSE,TRUE,PUBLICATION,Inhibition of BET recruitment to chromatin as an effective treatment for MLL-fusion leukaemia.,"Recurrent chromosomal translocations involving the mixed lineage leukaemia (MLL) gene initiate aggressive forms of leukaemia, which are often refractory to conventional therapies. Many MLL-fusion partners are members of the super elongation complex (SEC), a critical regulator of transcriptional elongation, suggesting that aberrant control of this process has an important role in leukaemia induction. Here we use a global proteomic strategy to demonstrate that MLL fusions, as part of SEC and the polymerase-associated factor complex (PAFc), are associated with the BET family of acetyl-lysine recognizing, chromatin 'adaptor' proteins. These data provided the basis for therapeutic intervention in MLL-fusion leukaemia, via the displacement of the BET family of proteins from chromatin. We show that a novel small molecule inhibitor of the BET family, GSK1210151A (I-BET151), has profound efficacy against human and murine MLL-fusion leukaemic cell lines, through the induction of early cell cycle arrest and apoptosis. I-BET151 treatment in two human leukaemia cell lines with different MLL fusions alters the expression of a common set of genes whose function may account for these phenotypic changes. The mode of action of I-BET151 is, at least in part, due to the inhibition of transcription at key genes (BCL2, C-MYC and CDK6) through the displacement of BRD3/4, PAFc and SEC components from chromatin. In vivo studies indicate that I-BET151 has significant therapeutic value, providing survival benefit in two distinct mouse models of murine MLL-AF9 and human MLL-AF4 leukaemia. Finally, the efficacy of I-BET151 against human leukaemia stem cells is demonstrated, providing further evidence of its potent therapeutic potential. These findings establish the displacement of BET proteins from chromatin as a promising epigenetic therapy for these aggressive leukaemias.","Dawson MA, Prinjha RK, Dittmann A, Giotopoulos G, Bantscheff M, Chan WI, Robson SC, Chung CW, Hopf C, Savitski MM, Huthmacher C, Gudgin E, Lugo D, Beinke S, Chapman TD, Roberts EJ, Soden PE, Auger KR, Mirguet O, Doehner K, Delwel R, Burnett AK, Jeffrey P, Drewes G, Lee K, Huntly BJ, Kouzarides T.",Nature,,2011,478,7370,529,533,10.1038/nature10509,21964340,
RPS3,CHEMBL6066939,,26298953,,CHEMBL5697820,Inhibition of RPS3 (unknown origin) assessed as fold change at 2 uM incubated for 1 hr by colloidal coomassie staining based LC-MS/MS analysis,B,,,BAO_0000179,BAO_0000357,single protein format,CCNC(=O)C[C@@H]1N=C(c2ccc(Cl)cc2)c2cc(OC)ccc2-n2c(C)nnc21,,,CHEMBL5696440,Nature,2011,,CHEMBL1232461,MOLIBRESIB,CHEMBL1232461,,0,,4139758,=,72,0,=,,FC,,,0.246,CHEMBL6066939,Homo sapiens,Small ribosomal subunit protein uS3,9606,,,FC,,,,0.246,INHIBITOR,"Negatively effects (inhibits) the normal functioning of the protein e.g., prevention of enzymatic reaction or activation of downstream pathway",NEGATIVE MODULATOR,,,,,0.246,,TRUE,TRUE,,TRUE,FALSE,FALSE,Contextual activity,FALSE,FALSE,FALSE,FALSE,Contextual record,Not concentration-ranked,TRUE,B,Inhibition of RPS3 (unknown origin) assessed as fold change at 2 uM incubated for 1 hr by colloidal coomassie staining based LC-MS/MS analysis,Homo sapiens,,,,BAO_0000357,single protein format,9,CHEMBL6066939,D,CHEMBL5696440,,,9606,CHEMBL5696440,B,single protein format,CHEMBL6066939,TRUE,TRUE,TRUE,FALSE,TRUE,PUBLICATION,Inhibition of BET recruitment to chromatin as an effective treatment for MLL-fusion leukaemia.,"Recurrent chromosomal translocations involving the mixed lineage leukaemia (MLL) gene initiate aggressive forms of leukaemia, which are often refractory to conventional therapies. Many MLL-fusion partners are members of the super elongation complex (SEC), a critical regulator of transcriptional elongation, suggesting that aberrant control of this process has an important role in leukaemia induction. Here we use a global proteomic strategy to demonstrate that MLL fusions, as part of SEC and the polymerase-associated factor complex (PAFc), are associated with the BET family of acetyl-lysine recognizing, chromatin 'adaptor' proteins. These data provided the basis for therapeutic intervention in MLL-fusion leukaemia, via the displacement of the BET family of proteins from chromatin. We show that a novel small molecule inhibitor of the BET family, GSK1210151A (I-BET151), has profound efficacy against human and murine MLL-fusion leukaemic cell lines, through the induction of early cell cycle arrest and apoptosis. I-BET151 treatment in two human leukaemia cell lines with different MLL fusions alters the expression of a common set of genes whose function may account for these phenotypic changes. The mode of action of I-BET151 is, at least in part, due to the inhibition of transcription at key genes (BCL2, C-MYC and CDK6) through the displacement of BRD3/4, PAFc and SEC components from chromatin. In vivo studies indicate that I-BET151 has significant therapeutic value, providing survival benefit in two distinct mouse models of murine MLL-AF9 and human MLL-AF4 leukaemia. Finally, the efficacy of I-BET151 against human leukaemia stem cells is demonstrated, providing further evidence of its potent therapeutic potential. These findings establish the displacement of BET proteins from chromatin as a promising epigenetic therapy for these aggressive leukaemias.","Dawson MA, Prinjha RK, Dittmann A, Giotopoulos G, Bantscheff M, Chan WI, Robson SC, Chung CW, Hopf C, Savitski MM, Huthmacher C, Gudgin E, Lugo D, Beinke S, Chapman TD, Roberts EJ, Soden PE, Auger KR, Mirguet O, Doehner K, Delwel R, Burnett AK, Jeffrey P, Drewes G, Lee K, Huntly BJ, Kouzarides T.",Nature,,2011,478,7370,529,533,10.1038/nature10509,21964340,
RPS3,CHEMBL6066939,,26299653,,CHEMBL5698520,Inhibition of RPS3 (unknown origin) assessed as fold change at 0.4 uM incubated for 1 hr by colloidal coomassie staining based LC-MS/MS analysis,B,,,BAO_0000179,BAO_0000357,single protein format,CCNC(=O)C[C@@H]1N=C(c2ccc(Cl)cc2)c2cc(OC)ccc2-n2c(C)nnc21,,,CHEMBL5696440,Nature,2011,,CHEMBL1232461,MOLIBRESIB,CHEMBL1232461,,0,,4139758,=,72,0,=,,FC,,,0.507,CHEMBL6066939,Homo sapiens,Small ribosomal subunit protein uS3,9606,,,FC,,,,0.507,INHIBITOR,"Negatively effects (inhibits) the normal functioning of the protein e.g., prevention of enzymatic reaction or activation of downstream pathway",NEGATIVE MODULATOR,,,,,0.507,,TRUE,TRUE,,TRUE,FALSE,FALSE,Contextual activity,FALSE,FALSE,FALSE,FALSE,Contextual record,Not concentration-ranked,TRUE,B,Inhibition of RPS3 (unknown origin) assessed as fold change at 0.4 uM incubated for 1 hr by colloidal coomassie staining based LC-MS/MS analysis,Homo sapiens,,,,BAO_0000357,single protein format,9,CHEMBL6066939,D,CHEMBL5696440,,,9606,CHEMBL5696440,B,single protein format,CHEMBL6066939,TRUE,TRUE,TRUE,FALSE,TRUE,PUBLICATION,Inhibition of BET recruitment to chromatin as an effective treatment for MLL-fusion leukaemia.,"Recurrent chromosomal translocations involving the mixed lineage leukaemia (MLL) gene initiate aggressive forms of leukaemia, which are often refractory to conventional therapies. Many MLL-fusion partners are members of the super elongation complex (SEC), a critical regulator of transcriptional elongation, suggesting that aberrant control of this process has an important role in leukaemia induction. Here we use a global proteomic strategy to demonstrate that MLL fusions, as part of SEC and the polymerase-associated factor complex (PAFc), are associated with the BET family of acetyl-lysine recognizing, chromatin 'adaptor' proteins. These data provided the basis for therapeutic intervention in MLL-fusion leukaemia, via the displacement of the BET family of proteins from chromatin. We show that a novel small molecule inhibitor of the BET family, GSK1210151A (I-BET151), has profound efficacy against human and murine MLL-fusion leukaemic cell lines, through the induction of early cell cycle arrest and apoptosis. I-BET151 treatment in two human leukaemia cell lines with different MLL fusions alters the expression of a common set of genes whose function may account for these phenotypic changes. The mode of action of I-BET151 is, at least in part, due to the inhibition of transcription at key genes (BCL2, C-MYC and CDK6) through the displacement of BRD3/4, PAFc and SEC components from chromatin. In vivo studies indicate that I-BET151 has significant therapeutic value, providing survival benefit in two distinct mouse models of murine MLL-AF9 and human MLL-AF4 leukaemia. Finally, the efficacy of I-BET151 against human leukaemia stem cells is demonstrated, providing further evidence of its potent therapeutic potential. These findings establish the displacement of BET proteins from chromatin as a promising epigenetic therapy for these aggressive leukaemias.","Dawson MA, Prinjha RK, Dittmann A, Giotopoulos G, Bantscheff M, Chan WI, Robson SC, Chung CW, Hopf C, Savitski MM, Huthmacher C, Gudgin E, Lugo D, Beinke S, Chapman TD, Roberts EJ, Soden PE, Auger KR, Mirguet O, Doehner K, Delwel R, Burnett AK, Jeffrey P, Drewes G, Lee K, Huntly BJ, Kouzarides T.",Nature,,2011,478,7370,529,533,10.1038/nature10509,21964340,
RPS3,CHEMBL6066939,,26300353,,CHEMBL5699220,Inhibition of RPS3 (unknown origin) assessed as fold change at 0.08 uM incubated for 1 hr by colloidal coomassie staining based LC-MS/MS analysis,B,,,BAO_0000179,BAO_0000357,single protein format,CCNC(=O)C[C@@H]1N=C(c2ccc(Cl)cc2)c2cc(OC)ccc2-n2c(C)nnc21,,,CHEMBL5696440,Nature,2011,,CHEMBL1232461,MOLIBRESIB,CHEMBL1232461,,0,,4139758,=,72,0,=,,FC,,,0.618,CHEMBL6066939,Homo sapiens,Small ribosomal subunit protein uS3,9606,,,FC,,,,0.618,INHIBITOR,"Negatively effects (inhibits) the normal functioning of the protein e.g., prevention of enzymatic reaction or activation of downstream pathway",NEGATIVE MODULATOR,,,,,0.618,,TRUE,TRUE,,TRUE,FALSE,FALSE,Contextual activity,FALSE,FALSE,FALSE,FALSE,Contextual record,Not concentration-ranked,TRUE,B,Inhibition of RPS3 (unknown origin) assessed as fold change at 0.08 uM incubated for 1 hr by colloidal coomassie staining based LC-MS/MS analysis,Homo sapiens,,,,BAO_0000357,single protein format,9,CHEMBL6066939,D,CHEMBL5696440,,,9606,CHEMBL5696440,B,single protein format,CHEMBL6066939,TRUE,TRUE,TRUE,FALSE,TRUE,PUBLICATION,Inhibition of BET recruitment to chromatin as an effective treatment for MLL-fusion leukaemia.,"Recurrent chromosomal translocations involving the mixed lineage leukaemia (MLL) gene initiate aggressive forms of leukaemia, which are often refractory to conventional therapies. Many MLL-fusion partners are members of the super elongation complex (SEC), a critical regulator of transcriptional elongation, suggesting that aberrant control of this process has an important role in leukaemia induction. Here we use a global proteomic strategy to demonstrate that MLL fusions, as part of SEC and the polymerase-associated factor complex (PAFc), are associated with the BET family of acetyl-lysine recognizing, chromatin 'adaptor' proteins. These data provided the basis for therapeutic intervention in MLL-fusion leukaemia, via the displacement of the BET family of proteins from chromatin. We show that a novel small molecule inhibitor of the BET family, GSK1210151A (I-BET151), has profound efficacy against human and murine MLL-fusion leukaemic cell lines, through the induction of early cell cycle arrest and apoptosis. I-BET151 treatment in two human leukaemia cell lines with different MLL fusions alters the expression of a common set of genes whose function may account for these phenotypic changes. The mode of action of I-BET151 is, at least in part, due to the inhibition of transcription at key genes (BCL2, C-MYC and CDK6) through the displacement of BRD3/4, PAFc and SEC components from chromatin. In vivo studies indicate that I-BET151 has significant therapeutic value, providing survival benefit in two distinct mouse models of murine MLL-AF9 and human MLL-AF4 leukaemia. Finally, the efficacy of I-BET151 against human leukaemia stem cells is demonstrated, providing further evidence of its potent therapeutic potential. These findings establish the displacement of BET proteins from chromatin as a promising epigenetic therapy for these aggressive leukaemias.","Dawson MA, Prinjha RK, Dittmann A, Giotopoulos G, Bantscheff M, Chan WI, Robson SC, Chung CW, Hopf C, Savitski MM, Huthmacher C, Gudgin E, Lugo D, Beinke S, Chapman TD, Roberts EJ, Soden PE, Auger KR, Mirguet O, Doehner K, Delwel R, Burnett AK, Jeffrey P, Drewes G, Lee K, Huntly BJ, Kouzarides T.",Nature,,2011,478,7370,529,533,10.1038/nature10509,21964340,
RPS3,CHEMBL6066939,,26301053,,CHEMBL5699920,Inhibition of RPS3 (unknown origin) assessed as fold change at 0.016 uM incubated for 1 hr by colloidal coomassie staining based LC-MS/MS analysis,B,,,BAO_0000179,BAO_0000357,single protein format,CCNC(=O)C[C@@H]1N=C(c2ccc(Cl)cc2)c2cc(OC)ccc2-n2c(C)nnc21,,,CHEMBL5696440,Nature,2011,,CHEMBL1232461,MOLIBRESIB,CHEMBL1232461,,0,,4139758,=,72,0,=,,FC,,,0.858,CHEMBL6066939,Homo sapiens,Small ribosomal subunit protein uS3,9606,,,FC,,,,0.858,INHIBITOR,"Negatively effects (inhibits) the normal functioning of the protein e.g., prevention of enzymatic reaction or activation of downstream pathway",NEGATIVE MODULATOR,,,,,0.858,,TRUE,TRUE,,TRUE,FALSE,FALSE,Contextual activity,FALSE,FALSE,FALSE,FALSE,Contextual record,Not concentration-ranked,TRUE,B,Inhibition of RPS3 (unknown origin) assessed as fold change at 0.016 uM incubated for 1 hr by colloidal coomassie staining based LC-MS/MS analysis,Homo sapiens,,,,BAO_0000357,single protein format,9,CHEMBL6066939,D,CHEMBL5696440,,,9606,CHEMBL5696440,B,single protein format,CHEMBL6066939,TRUE,TRUE,TRUE,FALSE,TRUE,PUBLICATION,Inhibition of BET recruitment to chromatin as an effective treatment for MLL-fusion leukaemia.,"Recurrent chromosomal translocations involving the mixed lineage leukaemia (MLL) gene initiate aggressive forms of leukaemia, which are often refractory to conventional therapies. Many MLL-fusion partners are members of the super elongation complex (SEC), a critical regulator of transcriptional elongation, suggesting that aberrant control of this process has an important role in leukaemia induction. Here we use a global proteomic strategy to demonstrate that MLL fusions, as part of SEC and the polymerase-associated factor complex (PAFc), are associated with the BET family of acetyl-lysine recognizing, chromatin 'adaptor' proteins. These data provided the basis for therapeutic intervention in MLL-fusion leukaemia, via the displacement of the BET family of proteins from chromatin. We show that a novel small molecule inhibitor of the BET family, GSK1210151A (I-BET151), has profound efficacy against human and murine MLL-fusion leukaemic cell lines, through the induction of early cell cycle arrest and apoptosis. I-BET151 treatment in two human leukaemia cell lines with different MLL fusions alters the expression of a common set of genes whose function may account for these phenotypic changes. The mode of action of I-BET151 is, at least in part, due to the inhibition of transcription at key genes (BCL2, C-MYC and CDK6) through the displacement of BRD3/4, PAFc and SEC components from chromatin. In vivo studies indicate that I-BET151 has significant therapeutic value, providing survival benefit in two distinct mouse models of murine MLL-AF9 and human MLL-AF4 leukaemia. Finally, the efficacy of I-BET151 against human leukaemia stem cells is demonstrated, providing further evidence of its potent therapeutic potential. These findings establish the displacement of BET proteins from chromatin as a promising epigenetic therapy for these aggressive leukaemias.","Dawson MA, Prinjha RK, Dittmann A, Giotopoulos G, Bantscheff M, Chan WI, Robson SC, Chung CW, Hopf C, Savitski MM, Huthmacher C, Gudgin E, Lugo D, Beinke S, Chapman TD, Roberts EJ, Soden PE, Auger KR, Mirguet O, Doehner K, Delwel R, Burnett AK, Jeffrey P, Drewes G, Lee K, Huntly BJ, Kouzarides T.",Nature,,2011,478,7370,529,533,10.1038/nature10509,21964340,
RPS3,CHEMBL6066939,,26301753,,CHEMBL5700620,Inhibition of RPS3 (unknown origin) incubated for 1 hr by colloidal coomassie staining based LC-MS/MS analysis,B,,,BAO_0000190,BAO_0000357,single protein format,CCNC(=O)C[C@@H]1N=C(c2ccc(Cl)cc2)c2cc(OC)ccc2-n2c(C)nnc21,,,CHEMBL5696440,Nature,2011,,CHEMBL1232461,MOLIBRESIB,CHEMBL1232461,,0,http://www.openphacts.org/units/Nanomolar,4139758,>=,72,1,>=,,IC50,nM,,240,CHEMBL6066939,Homo sapiens,Small ribosomal subunit protein uS3,9606,,,IC50,uM,UO_0000065,,0.24,,,,,,,,240,,TRUE,TRUE,TRUE,FALSE,FALSE,FALSE,Inhibitory potency,TRUE,TRUE,FALSE,FALSE,Quantitative record requiring review,Moderate apparent potency (>100 to 1000 nM),TRUE,B,Inhibition of RPS3 (unknown origin) incubated for 1 hr by colloidal coomassie staining based LC-MS/MS analysis,Homo sapiens,,,,BAO_0000357,single protein format,9,CHEMBL6066939,D,CHEMBL5696440,,,9606,CHEMBL5696440,B,single protein format,CHEMBL6066939,TRUE,TRUE,TRUE,FALSE,TRUE,PUBLICATION,Inhibition of BET recruitment to chromatin as an effective treatment for MLL-fusion leukaemia.,"Recurrent chromosomal translocations involving the mixed lineage leukaemia (MLL) gene initiate aggressive forms of leukaemia, which are often refractory to conventional therapies. Many MLL-fusion partners are members of the super elongation complex (SEC), a critical regulator of transcriptional elongation, suggesting that aberrant control of this process has an important role in leukaemia induction. Here we use a global proteomic strategy to demonstrate that MLL fusions, as part of SEC and the polymerase-associated factor complex (PAFc), are associated with the BET family of acetyl-lysine recognizing, chromatin 'adaptor' proteins. These data provided the basis for therapeutic intervention in MLL-fusion leukaemia, via the displacement of the BET family of proteins from chromatin. We show that a novel small molecule inhibitor of the BET family, GSK1210151A (I-BET151), has profound efficacy against human and murine MLL-fusion leukaemic cell lines, through the induction of early cell cycle arrest and apoptosis. I-BET151 treatment in two human leukaemia cell lines with different MLL fusions alters the expression of a common set of genes whose function may account for these phenotypic changes. The mode of action of I-BET151 is, at least in part, due to the inhibition of transcription at key genes (BCL2, C-MYC and CDK6) through the displacement of BRD3/4, PAFc and SEC components from chromatin. In vivo studies indicate that I-BET151 has significant therapeutic value, providing survival benefit in two distinct mouse models of murine MLL-AF9 and human MLL-AF4 leukaemia. Finally, the efficacy of I-BET151 against human leukaemia stem cells is demonstrated, providing further evidence of its potent therapeutic potential. These findings establish the displacement of BET proteins from chromatin as a promising epigenetic therapy for these aggressive leukaemias.","Dawson MA, Prinjha RK, Dittmann A, Giotopoulos G, Bantscheff M, Chan WI, Robson SC, Chung CW, Hopf C, Savitski MM, Huthmacher C, Gudgin E, Lugo D, Beinke S, Chapman TD, Roberts EJ, Soden PE, Auger KR, Mirguet O, Doehner K, Delwel R, Burnett AK, Jeffrey P, Drewes G, Lee K, Huntly BJ, Kouzarides T.",Nature,,2011,478,7370,529,533,10.1038/nature10509,21964340,
RPL4,CHEMBL6066910,,26221772,,CHEMBL5652312,Binding affinity to human RPL4 incubated for 45 mins by Kinobead based pull down assay,B,,,BAO_0000034,BAO_0000357,single protein format,Cc1ccc(C(=O)Nc2cccc(C(F)(F)F)c2)cc1Nc1nc(-c2cccnc2)nc2nn(C)cc12,,,CHEMBL5649169,ChemMedChem,2018,,CHEMBL5653589,,CHEMBL5653589,4.6,0,http://www.openphacts.org/units/Nanomolar,4136306,=,72,1,=,,Kd,nM,,24906.3,CHEMBL6066910,Homo sapiens,Large ribosomal subunit protein uL4,9606,,,Kd(app),nM,UO_0000065,,24906.3,BINDING AGENT,"Binds to a substance such as a cell surface antigen, targeting a drug to that location, but not necessarily affecting the functioning of the substance itself",OTHER,9.14,0.17,-1.15,4.72,24906.3,4.6,TRUE,TRUE,TRUE,TRUE,FALSE,FALSE,Binding affinity,TRUE,FALSE,TRUE,FALSE,Tier 2: quantitative binding,Weak apparent potency (>10 uM),TRUE,B,Binding affinity to human RPL4 incubated for 45 mins by Kinobead based pull down assay,Homo sapiens,,,,BAO_0000357,single protein format,9,CHEMBL6066910,D,CHEMBL5649169,,,9606,CHEMBL5649169,B,single protein format,CHEMBL6066910,TRUE,TRUE,TRUE,FALSE,TRUE,PUBLICATION,NVP-BHG712: Effects of Regioisomers on the Affinity and Selectivity toward the EPHrin Family.,"Erythropoietin-producing hepatocellular (EPH) receptors are transmembrane receptor tyrosine kinases. Their extracellular domains bind specifically to ephrin A/B ligands, and this binding modulates intracellular kinase activity. EPHs are key players in bidirectional intercellular signaling, controlling cell morphology, adhesion, and migration. They are increasingly recognized as cancer drug targets. We analyzed the binding of NVP-BHG712 (NVP) to EPHA2 and EPHB4. Unexpectedly, all tested commercially available NVP samples turned out to be a regioisomer (NVPiso) of the inhibitor, initially described in a Novartis patent application. They only differ by the localization of a single methyl group on either one of two adjacent nitrogen atoms. The two compounds of identical mass revealed different binding modes. Furthermore, both in vitro and in vivo experiments showed that the isomers differ in their kinase affinity and selectivity.","Tröster A, Heinzlmeir S, Berger BT, Gande SL, Saxena K, Sreeramulu S, Linhard V, Nasiri AH, Bolte M, Müller S, Kuster B, Médard G, Kudlinzki D, Schwalbe H.",ChemMedChem,,2018,13,16,1629,1633,10.1002/cmdc.201800398,29928781,
RPL4,CHEMBL6066910,,26221773,,CHEMBL5652312,Binding affinity to human RPL4 incubated for 45 mins by Kinobead based pull down assay,B,,,BAO_0003036,BAO_0000357,single protein format,Cc1ccc(C(=O)Nc2cccc(C(F)(F)F)c2)cc1Nc1nc(-c2cccnc2)nc2nn(C)cc12,,,CHEMBL5649169,ChemMedChem,2018,,CHEMBL5653589,,CHEMBL5653589,4.6,0,http://www.openphacts.org/units/Nanomolar,4136306,=,72,0,=,,ED50,nM,,24906.3,CHEMBL6066910,Homo sapiens,Large ribosomal subunit protein uL4,9606,,,ED50,nM,UO_0000065,,24906.3,BINDING AGENT,"Binds to a substance such as a cell surface antigen, targeting a drug to that location, but not necessarily affecting the functioning of the substance itself",OTHER,,,,,24906.3,4.6,TRUE,TRUE,TRUE,TRUE,FALSE,FALSE,Functional dose response,TRUE,FALSE,FALSE,TRUE,Tier 3: quantitative functional response,Weak apparent potency (>10 uM),TRUE,B,Binding affinity to human RPL4 incubated for 45 mins by Kinobead based pull down assay,Homo sapiens,,,,BAO_0000357,single protein format,9,CHEMBL6066910,D,CHEMBL5649169,,,9606,CHEMBL5649169,B,single protein format,CHEMBL6066910,TRUE,TRUE,TRUE,FALSE,TRUE,PUBLICATION,NVP-BHG712: Effects of Regioisomers on the Affinity and Selectivity toward the EPHrin Family.,"Erythropoietin-producing hepatocellular (EPH) receptors are transmembrane receptor tyrosine kinases. Their extracellular domains bind specifically to ephrin A/B ligands, and this binding modulates intracellular kinase activity. EPHs are key players in bidirectional intercellular signaling, controlling cell morphology, adhesion, and migration. They are increasingly recognized as cancer drug targets. We analyzed the binding of NVP-BHG712 (NVP) to EPHA2 and EPHB4. Unexpectedly, all tested commercially available NVP samples turned out to be a regioisomer (NVPiso) of the inhibitor, initially described in a Novartis patent application. They only differ by the localization of a single methyl group on either one of two adjacent nitrogen atoms. The two compounds of identical mass revealed different binding modes. Furthermore, both in vitro and in vivo experiments showed that the isomers differ in their kinase affinity and selectivity.","Tröster A, Heinzlmeir S, Berger BT, Gande SL, Saxena K, Sreeramulu S, Linhard V, Nasiri AH, Bolte M, Müller S, Kuster B, Médard G, Kudlinzki D, Schwalbe H.",ChemMedChem,,2018,13,16,1629,1633,10.1002/cmdc.201800398,29928781,
RPL4,CHEMBL6066910,,26221774,,CHEMBL5652312,Binding affinity to human RPL4 incubated for 45 mins by Kinobead based pull down assay,B,,,BAO_0000034,BAO_0000357,single protein format,Cc1ccc(C(=O)Nc2cccc(C(F)(F)F)c2)cc1Nc1nc(-c2cccnc2)nc2c1cnn2C,,,CHEMBL5649169,ChemMedChem,2018,,CHEMBL3752910,,CHEMBL3752910,5.33,0,http://www.openphacts.org/units/Nanomolar,4136305,=,72,1,=,,Kd,nM,,4728.58,CHEMBL6066910,Homo sapiens,Large ribosomal subunit protein uL4,9606,,,Kd(app),nM,UO_0000065,,4728.576,BINDING AGENT,"Binds to a substance such as a cell surface antigen, targeting a drug to that location, but not necessarily affecting the functioning of the substance itself",OTHER,10.58,0.2,-0.42,5.46,4728.58,5.33,TRUE,TRUE,TRUE,TRUE,FALSE,FALSE,Binding affinity,TRUE,FALSE,TRUE,FALSE,Tier 2: quantitative binding,Lower apparent potency (>1 to 10 uM),TRUE,B,Binding affinity to human RPL4 incubated for 45 mins by Kinobead based pull down assay,Homo sapiens,,,,BAO_0000357,single protein format,9,CHEMBL6066910,D,CHEMBL5649169,,,9606,CHEMBL5649169,B,single protein format,CHEMBL6066910,TRUE,TRUE,TRUE,FALSE,TRUE,PUBLICATION,NVP-BHG712: Effects of Regioisomers on the Affinity and Selectivity toward the EPHrin Family.,"Erythropoietin-producing hepatocellular (EPH) receptors are transmembrane receptor tyrosine kinases. Their extracellular domains bind specifically to ephrin A/B ligands, and this binding modulates intracellular kinase activity. EPHs are key players in bidirectional intercellular signaling, controlling cell morphology, adhesion, and migration. They are increasingly recognized as cancer drug targets. We analyzed the binding of NVP-BHG712 (NVP) to EPHA2 and EPHB4. Unexpectedly, all tested commercially available NVP samples turned out to be a regioisomer (NVPiso) of the inhibitor, initially described in a Novartis patent application. They only differ by the localization of a single methyl group on either one of two adjacent nitrogen atoms. The two compounds of identical mass revealed different binding modes. Furthermore, both in vitro and in vivo experiments showed that the isomers differ in their kinase affinity and selectivity.","Tröster A, Heinzlmeir S, Berger BT, Gande SL, Saxena K, Sreeramulu S, Linhard V, Nasiri AH, Bolte M, Müller S, Kuster B, Médard G, Kudlinzki D, Schwalbe H.",ChemMedChem,,2018,13,16,1629,1633,10.1002/cmdc.201800398,29928781,
RPL4,CHEMBL6066910,,26221775,,CHEMBL5652312,Binding affinity to human RPL4 incubated for 45 mins by Kinobead based pull down assay,B,,,BAO_0003036,BAO_0000357,single protein format,Cc1ccc(C(=O)Nc2cccc(C(F)(F)F)c2)cc1Nc1nc(-c2cccnc2)nc2c1cnn2C,,,CHEMBL5649169,ChemMedChem,2018,,CHEMBL3752910,,CHEMBL3752910,5.33,0,http://www.openphacts.org/units/Nanomolar,4136305,=,72,0,=,,ED50,nM,,4728.58,CHEMBL6066910,Homo sapiens,Large ribosomal subunit protein uL4,9606,,,ED50,nM,UO_0000065,,4728.576,BINDING AGENT,"Binds to a substance such as a cell surface antigen, targeting a drug to that location, but not necessarily affecting the functioning of the substance itself",OTHER,,,,,4728.58,5.33,TRUE,TRUE,TRUE,TRUE,FALSE,FALSE,Functional dose response,TRUE,FALSE,FALSE,TRUE,Tier 3: quantitative functional response,Lower apparent potency (>1 to 10 uM),TRUE,B,Binding affinity to human RPL4 incubated for 45 mins by Kinobead based pull down assay,Homo sapiens,,,,BAO_0000357,single protein format,9,CHEMBL6066910,D,CHEMBL5649169,,,9606,CHEMBL5649169,B,single protein format,CHEMBL6066910,TRUE,TRUE,TRUE,FALSE,TRUE,PUBLICATION,NVP-BHG712: Effects of Regioisomers on the Affinity and Selectivity toward the EPHrin Family.,"Erythropoietin-producing hepatocellular (EPH) receptors are transmembrane receptor tyrosine kinases. Their extracellular domains bind specifically to ephrin A/B ligands, and this binding modulates intracellular kinase activity. EPHs are key players in bidirectional intercellular signaling, controlling cell morphology, adhesion, and migration. They are increasingly recognized as cancer drug targets. We analyzed the binding of NVP-BHG712 (NVP) to EPHA2 and EPHB4. Unexpectedly, all tested commercially available NVP samples turned out to be a regioisomer (NVPiso) of the inhibitor, initially described in a Novartis patent application. They only differ by the localization of a single methyl group on either one of two adjacent nitrogen atoms. The two compounds of identical mass revealed different binding modes. Furthermore, both in vitro and in vivo experiments showed that the isomers differ in their kinase affinity and selectivity.","Tröster A, Heinzlmeir S, Berger BT, Gande SL, Saxena K, Sreeramulu S, Linhard V, Nasiri AH, Bolte M, Müller S, Kuster B, Médard G, Kudlinzki D, Schwalbe H.",ChemMedChem,,2018,13,16,1629,1633,10.1002/cmdc.201800398,29928781,
EEF1G,CHEMBL4295735,,26218669,,CHEMBL5651330,Binding affinity to human EEF1G incubated for 45 mins by Kinobead based pull down assay,B,,,BAO_0000034,BAO_0000357,single protein format,Cc1ccc(C(=O)Nc2cccc(C(F)(F)F)c2)cc1Nc1nc(-c2cccnc2)nc2nn(C)cc12,,,CHEMBL5649169,ChemMedChem,2018,,CHEMBL5653589,,CHEMBL5653589,9.31,0,http://www.openphacts.org/units/Nanomolar,4136306,=,72,1,=,,Kd,nM,,0.491,CHEMBL4295735,Homo sapiens,Elongation factor 1-gamma,9606,,,Kd(app),nM,UO_0000065,,0.491,BINDING AGENT,"Binds to a substance such as a cell surface antigen, targeting a drug to that location, but not necessarily affecting the functioning of the substance itself",OTHER,18.49,0.34,3.56,9.54,0.491,9.31,TRUE,TRUE,TRUE,TRUE,FALSE,FALSE,Binding affinity,TRUE,FALSE,TRUE,FALSE,Tier 2: quantitative binding,Very high apparent potency (<=10 nM),TRUE,B,Binding affinity to human EEF1G incubated for 45 mins by Kinobead based pull down assay,Homo sapiens,,,,BAO_0000357,single protein format,9,CHEMBL4295735,D,CHEMBL5649169,,,9606,CHEMBL5649169,B,single protein format,CHEMBL4295735,TRUE,TRUE,TRUE,FALSE,TRUE,PUBLICATION,NVP-BHG712: Effects of Regioisomers on the Affinity and Selectivity toward the EPHrin Family.,"Erythropoietin-producing hepatocellular (EPH) receptors are transmembrane receptor tyrosine kinases. Their extracellular domains bind specifically to ephrin A/B ligands, and this binding modulates intracellular kinase activity. EPHs are key players in bidirectional intercellular signaling, controlling cell morphology, adhesion, and migration. They are increasingly recognized as cancer drug targets. We analyzed the binding of NVP-BHG712 (NVP) to EPHA2 and EPHB4. Unexpectedly, all tested commercially available NVP samples turned out to be a regioisomer (NVPiso) of the inhibitor, initially described in a Novartis patent application. They only differ by the localization of a single methyl group on either one of two adjacent nitrogen atoms. The two compounds of identical mass revealed different binding modes. Furthermore, both in vitro and in vivo experiments showed that the isomers differ in their kinase affinity and selectivity.","Tröster A, Heinzlmeir S, Berger BT, Gande SL, Saxena K, Sreeramulu S, Linhard V, Nasiri AH, Bolte M, Müller S, Kuster B, Médard G, Kudlinzki D, Schwalbe H.",ChemMedChem,,2018,13,16,1629,1633,10.1002/cmdc.201800398,29928781,
EEF1G,CHEMBL4295735,,26218670,,CHEMBL5651330,Binding affinity to human EEF1G incubated for 45 mins by Kinobead based pull down assay,B,,,BAO_0003036,BAO_0000357,single protein format,Cc1ccc(C(=O)Nc2cccc(C(F)(F)F)c2)cc1Nc1nc(-c2cccnc2)nc2nn(C)cc12,,,CHEMBL5649169,ChemMedChem,2018,,CHEMBL5653589,,CHEMBL5653589,9.31,0,http://www.openphacts.org/units/Nanomolar,4136306,=,72,0,=,,ED50,nM,,0.491,CHEMBL4295735,Homo sapiens,Elongation factor 1-gamma,9606,,,ED50,nM,UO_0000065,,0.491,BINDING AGENT,"Binds to a substance such as a cell surface antigen, targeting a drug to that location, but not necessarily affecting the functioning of the substance itself",OTHER,,,,,0.491,9.31,TRUE,TRUE,TRUE,TRUE,FALSE,FALSE,Functional dose response,TRUE,FALSE,FALSE,TRUE,Tier 3: quantitative functional response,Very high apparent potency (<=10 nM),TRUE,B,Binding affinity to human EEF1G incubated for 45 mins by Kinobead based pull down assay,Homo sapiens,,,,BAO_0000357,single protein format,9,CHEMBL4295735,D,CHEMBL5649169,,,9606,CHEMBL5649169,B,single protein format,CHEMBL4295735,TRUE,TRUE,TRUE,FALSE,TRUE,PUBLICATION,NVP-BHG712: Effects of Regioisomers on the Affinity and Selectivity toward the EPHrin Family.,"Erythropoietin-producing hepatocellular (EPH) receptors are transmembrane receptor tyrosine kinases. Their extracellular domains bind specifically to ephrin A/B ligands, and this binding modulates intracellular kinase activity. EPHs are key players in bidirectional intercellular signaling, controlling cell morphology, adhesion, and migration. They are increasingly recognized as cancer drug targets. We analyzed the binding of NVP-BHG712 (NVP) to EPHA2 and EPHB4. Unexpectedly, all tested commercially available NVP samples turned out to be a regioisomer (NVPiso) of the inhibitor, initially described in a Novartis patent application. They only differ by the localization of a single methyl group on either one of two adjacent nitrogen atoms. The two compounds of identical mass revealed different binding modes. Furthermore, both in vitro and in vivo experiments showed that the isomers differ in their kinase affinity and selectivity.","Tröster A, Heinzlmeir S, Berger BT, Gande SL, Saxena K, Sreeramulu S, Linhard V, Nasiri AH, Bolte M, Müller S, Kuster B, Médard G, Kudlinzki D, Schwalbe H.",ChemMedChem,,2018,13,16,1629,1633,10.1002/cmdc.201800398,29928781,
EEF1G,CHEMBL4295735,,26218671,,CHEMBL5651330,Binding affinity to human EEF1G incubated for 45 mins by Kinobead based pull down assay,B,,,BAO_0000034,BAO_0000357,single protein format,Cc1ccc(C(=O)Nc2cccc(C(F)(F)F)c2)cc1Nc1nc(-c2cccnc2)nc2c1cnn2C,,,CHEMBL5649169,ChemMedChem,2018,,CHEMBL3752910,,CHEMBL3752910,7.94,0,http://www.openphacts.org/units/Nanomolar,4136305,=,72,1,=,,Kd,nM,,11.42,CHEMBL4295735,Homo sapiens,Elongation factor 1-gamma,9606,,,Kd(app),nM,UO_0000065,,11.424,BINDING AGENT,"Binds to a substance such as a cell surface antigen, targeting a drug to that location, but not necessarily affecting the functioning of the substance itself",OTHER,15.77,0.29,2.19,8.14,11.42,7.94,TRUE,TRUE,TRUE,TRUE,FALSE,FALSE,Binding affinity,TRUE,FALSE,TRUE,FALSE,Tier 2: quantitative binding,High apparent potency (>10 to 100 nM),TRUE,B,Binding affinity to human EEF1G incubated for 45 mins by Kinobead based pull down assay,Homo sapiens,,,,BAO_0000357,single protein format,9,CHEMBL4295735,D,CHEMBL5649169,,,9606,CHEMBL5649169,B,single protein format,CHEMBL4295735,TRUE,TRUE,TRUE,FALSE,TRUE,PUBLICATION,NVP-BHG712: Effects of Regioisomers on the Affinity and Selectivity toward the EPHrin Family.,"Erythropoietin-producing hepatocellular (EPH) receptors are transmembrane receptor tyrosine kinases. Their extracellular domains bind specifically to ephrin A/B ligands, and this binding modulates intracellular kinase activity. EPHs are key players in bidirectional intercellular signaling, controlling cell morphology, adhesion, and migration. They are increasingly recognized as cancer drug targets. We analyzed the binding of NVP-BHG712 (NVP) to EPHA2 and EPHB4. Unexpectedly, all tested commercially available NVP samples turned out to be a regioisomer (NVPiso) of the inhibitor, initially described in a Novartis patent application. They only differ by the localization of a single methyl group on either one of two adjacent nitrogen atoms. The two compounds of identical mass revealed different binding modes. Furthermore, both in vitro and in vivo experiments showed that the isomers differ in their kinase affinity and selectivity.","Tröster A, Heinzlmeir S, Berger BT, Gande SL, Saxena K, Sreeramulu S, Linhard V, Nasiri AH, Bolte M, Müller S, Kuster B, Médard G, Kudlinzki D, Schwalbe H.",ChemMedChem,,2018,13,16,1629,1633,10.1002/cmdc.201800398,29928781,
EEF1G,CHEMBL4295735,,26218672,,CHEMBL5651330,Binding affinity to human EEF1G incubated for 45 mins by Kinobead based pull down assay,B,,,BAO_0003036,BAO_0000357,single protein format,Cc1ccc(C(=O)Nc2cccc(C(F)(F)F)c2)cc1Nc1nc(-c2cccnc2)nc2c1cnn2C,,,CHEMBL5649169,ChemMedChem,2018,,CHEMBL3752910,,CHEMBL3752910,7.94,0,http://www.openphacts.org/units/Nanomolar,4136305,=,72,0,=,,ED50,nM,,11.42,CHEMBL4295735,Homo sapiens,Elongation factor 1-gamma,9606,,,ED50,nM,UO_0000065,,11.424,BINDING AGENT,"Binds to a substance such as a cell surface antigen, targeting a drug to that location, but not necessarily affecting the functioning of the substance itself",OTHER,,,,,11.42,7.94,TRUE,TRUE,TRUE,TRUE,FALSE,FALSE,Functional dose response,TRUE,FALSE,FALSE,TRUE,Tier 3: quantitative functional response,High apparent potency (>10 to 100 nM),TRUE,B,Binding affinity to human EEF1G incubated for 45 mins by Kinobead based pull down assay,Homo sapiens,,,,BAO_0000357,single protein format,9,CHEMBL4295735,D,CHEMBL5649169,,,9606,CHEMBL5649169,B,single protein format,CHEMBL4295735,TRUE,TRUE,TRUE,FALSE,TRUE,PUBLICATION,NVP-BHG712: Effects of Regioisomers on the Affinity and Selectivity toward the EPHrin Family.,"Erythropoietin-producing hepatocellular (EPH) receptors are transmembrane receptor tyrosine kinases. Their extracellular domains bind specifically to ephrin A/B ligands, and this binding modulates intracellular kinase activity. EPHs are key players in bidirectional intercellular signaling, controlling cell morphology, adhesion, and migration. They are increasingly recognized as cancer drug targets. We analyzed the binding of NVP-BHG712 (NVP) to EPHA2 and EPHB4. Unexpectedly, all tested commercially available NVP samples turned out to be a regioisomer (NVPiso) of the inhibitor, initially described in a Novartis patent application. They only differ by the localization of a single methyl group on either one of two adjacent nitrogen atoms. The two compounds of identical mass revealed different binding modes. Furthermore, both in vitro and in vivo experiments showed that the isomers differ in their kinase affinity and selectivity.","Tröster A, Heinzlmeir S, Berger BT, Gande SL, Saxena K, Sreeramulu S, Linhard V, Nasiri AH, Bolte M, Müller S, Kuster B, Médard G, Kudlinzki D, Schwalbe H.",ChemMedChem,,2018,13,16,1629,1633,10.1002/cmdc.201800398,29928781,
EEF1G,CHEMBL4295735,,26298719,,CHEMBL5697586,Inhibition of EEF1G (unknown origin) assessed as fold change at 10 uM incubated for 1 hr by colloidal coomassie staining based LC-MS/MS analysis,B,,,BAO_0000179,BAO_0000357,single protein format,CCNC(=O)C[C@@H]1N=C(c2ccc(Cl)cc2)c2cc(OC)ccc2-n2c(C)nnc21,,,CHEMBL5696440,Nature,2011,,CHEMBL1232461,MOLIBRESIB,CHEMBL1232461,,0,,4139758,=,72,0,=,,FC,,,0.618,CHEMBL4295735,Homo sapiens,Elongation factor 1-gamma,9606,,,FC,,,,0.618,INHIBITOR,"Negatively effects (inhibits) the normal functioning of the protein e.g., prevention of enzymatic reaction or activation of downstream pathway",NEGATIVE MODULATOR,,,,,0.618,,TRUE,TRUE,,TRUE,FALSE,FALSE,Contextual activity,FALSE,FALSE,FALSE,FALSE,Contextual record,Not concentration-ranked,TRUE,B,Inhibition of EEF1G (unknown origin) assessed as fold change at 10 uM incubated for 1 hr by colloidal coomassie staining based LC-MS/MS analysis,Homo sapiens,,,,BAO_0000357,single protein format,9,CHEMBL4295735,D,CHEMBL5696440,,,9606,CHEMBL5696440,B,single protein format,CHEMBL4295735,TRUE,TRUE,TRUE,FALSE,TRUE,PUBLICATION,Inhibition of BET recruitment to chromatin as an effective treatment for MLL-fusion leukaemia.,"Recurrent chromosomal translocations involving the mixed lineage leukaemia (MLL) gene initiate aggressive forms of leukaemia, which are often refractory to conventional therapies. Many MLL-fusion partners are members of the super elongation complex (SEC), a critical regulator of transcriptional elongation, suggesting that aberrant control of this process has an important role in leukaemia induction. Here we use a global proteomic strategy to demonstrate that MLL fusions, as part of SEC and the polymerase-associated factor complex (PAFc), are associated with the BET family of acetyl-lysine recognizing, chromatin 'adaptor' proteins. These data provided the basis for therapeutic intervention in MLL-fusion leukaemia, via the displacement of the BET family of proteins from chromatin. We show that a novel small molecule inhibitor of the BET family, GSK1210151A (I-BET151), has profound efficacy against human and murine MLL-fusion leukaemic cell lines, through the induction of early cell cycle arrest and apoptosis. I-BET151 treatment in two human leukaemia cell lines with different MLL fusions alters the expression of a common set of genes whose function may account for these phenotypic changes. The mode of action of I-BET151 is, at least in part, due to the inhibition of transcription at key genes (BCL2, C-MYC and CDK6) through the displacement of BRD3/4, PAFc and SEC components from chromatin. In vivo studies indicate that I-BET151 has significant therapeutic value, providing survival benefit in two distinct mouse models of murine MLL-AF9 and human MLL-AF4 leukaemia. Finally, the efficacy of I-BET151 against human leukaemia stem cells is demonstrated, providing further evidence of its potent therapeutic potential. These findings establish the displacement of BET proteins from chromatin as a promising epigenetic therapy for these aggressive leukaemias.","Dawson MA, Prinjha RK, Dittmann A, Giotopoulos G, Bantscheff M, Chan WI, Robson SC, Chung CW, Hopf C, Savitski MM, Huthmacher C, Gudgin E, Lugo D, Beinke S, Chapman TD, Roberts EJ, Soden PE, Auger KR, Mirguet O, Doehner K, Delwel R, Burnett AK, Jeffrey P, Drewes G, Lee K, Huntly BJ, Kouzarides T.",Nature,,2011,478,7370,529,533,10.1038/nature10509,21964340,
EEF1G,CHEMBL4295735,,26299419,,CHEMBL5698286,Inhibition of EEF1G (unknown origin) assessed as fold change at 2 uM incubated for 1 hr by colloidal coomassie staining based LC-MS/MS analysis,B,,,BAO_0000179,BAO_0000357,single protein format,CCNC(=O)C[C@@H]1N=C(c2ccc(Cl)cc2)c2cc(OC)ccc2-n2c(C)nnc21,,,CHEMBL5696440,Nature,2011,,CHEMBL1232461,MOLIBRESIB,CHEMBL1232461,,0,,4139758,=,72,0,=,,FC,,,0.601,CHEMBL4295735,Homo sapiens,Elongation factor 1-gamma,9606,,,FC,,,,0.601,INHIBITOR,"Negatively effects (inhibits) the normal functioning of the protein e.g., prevention of enzymatic reaction or activation of downstream pathway",NEGATIVE MODULATOR,,,,,0.601,,TRUE,TRUE,,TRUE,FALSE,FALSE,Contextual activity,FALSE,FALSE,FALSE,FALSE,Contextual record,Not concentration-ranked,TRUE,B,Inhibition of EEF1G (unknown origin) assessed as fold change at 2 uM incubated for 1 hr by colloidal coomassie staining based LC-MS/MS analysis,Homo sapiens,,,,BAO_0000357,single protein format,9,CHEMBL4295735,D,CHEMBL5696440,,,9606,CHEMBL5696440,B,single protein format,CHEMBL4295735,TRUE,TRUE,TRUE,FALSE,TRUE,PUBLICATION,Inhibition of BET recruitment to chromatin as an effective treatment for MLL-fusion leukaemia.,"Recurrent chromosomal translocations involving the mixed lineage leukaemia (MLL) gene initiate aggressive forms of leukaemia, which are often refractory to conventional therapies. Many MLL-fusion partners are members of the super elongation complex (SEC), a critical regulator of transcriptional elongation, suggesting that aberrant control of this process has an important role in leukaemia induction. Here we use a global proteomic strategy to demonstrate that MLL fusions, as part of SEC and the polymerase-associated factor complex (PAFc), are associated with the BET family of acetyl-lysine recognizing, chromatin 'adaptor' proteins. These data provided the basis for therapeutic intervention in MLL-fusion leukaemia, via the displacement of the BET family of proteins from chromatin. We show that a novel small molecule inhibitor of the BET family, GSK1210151A (I-BET151), has profound efficacy against human and murine MLL-fusion leukaemic cell lines, through the induction of early cell cycle arrest and apoptosis. I-BET151 treatment in two human leukaemia cell lines with different MLL fusions alters the expression of a common set of genes whose function may account for these phenotypic changes. The mode of action of I-BET151 is, at least in part, due to the inhibition of transcription at key genes (BCL2, C-MYC and CDK6) through the displacement of BRD3/4, PAFc and SEC components from chromatin. In vivo studies indicate that I-BET151 has significant therapeutic value, providing survival benefit in two distinct mouse models of murine MLL-AF9 and human MLL-AF4 leukaemia. Finally, the efficacy of I-BET151 against human leukaemia stem cells is demonstrated, providing further evidence of its potent therapeutic potential. These findings establish the displacement of BET proteins from chromatin as a promising epigenetic therapy for these aggressive leukaemias.","Dawson MA, Prinjha RK, Dittmann A, Giotopoulos G, Bantscheff M, Chan WI, Robson SC, Chung CW, Hopf C, Savitski MM, Huthmacher C, Gudgin E, Lugo D, Beinke S, Chapman TD, Roberts EJ, Soden PE, Auger KR, Mirguet O, Doehner K, Delwel R, Burnett AK, Jeffrey P, Drewes G, Lee K, Huntly BJ, Kouzarides T.",Nature,,2011,478,7370,529,533,10.1038/nature10509,21964340,
EEF1G,CHEMBL4295735,,26300119,,CHEMBL5698986,Inhibition of EEF1G (unknown origin) assessed as fold change at 0.4 uM incubated for 1 hr by colloidal coomassie staining based LC-MS/MS analysis,B,,,BAO_0000179,BAO_0000357,single protein format,CCNC(=O)C[C@@H]1N=C(c2ccc(Cl)cc2)c2cc(OC)ccc2-n2c(C)nnc21,,,CHEMBL5696440,Nature,2011,,CHEMBL1232461,MOLIBRESIB,CHEMBL1232461,,0,,4139758,=,72,0,=,,FC,,,0.728,CHEMBL4295735,Homo sapiens,Elongation factor 1-gamma,9606,,,FC,,,,0.728,INHIBITOR,"Negatively effects (inhibits) the normal functioning of the protein e.g., prevention of enzymatic reaction or activation of downstream pathway",NEGATIVE MODULATOR,,,,,0.728,,TRUE,TRUE,,TRUE,FALSE,FALSE,Contextual activity,FALSE,FALSE,FALSE,FALSE,Contextual record,Not concentration-ranked,TRUE,B,Inhibition of EEF1G (unknown origin) assessed as fold change at 0.4 uM incubated for 1 hr by colloidal coomassie staining based LC-MS/MS analysis,Homo sapiens,,,,BAO_0000357,single protein format,9,CHEMBL4295735,D,CHEMBL5696440,,,9606,CHEMBL5696440,B,single protein format,CHEMBL4295735,TRUE,TRUE,TRUE,FALSE,TRUE,PUBLICATION,Inhibition of BET recruitment to chromatin as an effective treatment for MLL-fusion leukaemia.,"Recurrent chromosomal translocations involving the mixed lineage leukaemia (MLL) gene initiate aggressive forms of leukaemia, which are often refractory to conventional therapies. Many MLL-fusion partners are members of the super elongation complex (SEC), a critical regulator of transcriptional elongation, suggesting that aberrant control of this process has an important role in leukaemia induction. Here we use a global proteomic strategy to demonstrate that MLL fusions, as part of SEC and the polymerase-associated factor complex (PAFc), are associated with the BET family of acetyl-lysine recognizing, chromatin 'adaptor' proteins. These data provided the basis for therapeutic intervention in MLL-fusion leukaemia, via the displacement of the BET family of proteins from chromatin. We show that a novel small molecule inhibitor of the BET family, GSK1210151A (I-BET151), has profound efficacy against human and murine MLL-fusion leukaemic cell lines, through the induction of early cell cycle arrest and apoptosis. I-BET151 treatment in two human leukaemia cell lines with different MLL fusions alters the expression of a common set of genes whose function may account for these phenotypic changes. The mode of action of I-BET151 is, at least in part, due to the inhibition of transcription at key genes (BCL2, C-MYC and CDK6) through the displacement of BRD3/4, PAFc and SEC components from chromatin. In vivo studies indicate that I-BET151 has significant therapeutic value, providing survival benefit in two distinct mouse models of murine MLL-AF9 and human MLL-AF4 leukaemia. Finally, the efficacy of I-BET151 against human leukaemia stem cells is demonstrated, providing further evidence of its potent therapeutic potential. These findings establish the displacement of BET proteins from chromatin as a promising epigenetic therapy for these aggressive leukaemias.","Dawson MA, Prinjha RK, Dittmann A, Giotopoulos G, Bantscheff M, Chan WI, Robson SC, Chung CW, Hopf C, Savitski MM, Huthmacher C, Gudgin E, Lugo D, Beinke S, Chapman TD, Roberts EJ, Soden PE, Auger KR, Mirguet O, Doehner K, Delwel R, Burnett AK, Jeffrey P, Drewes G, Lee K, Huntly BJ, Kouzarides T.",Nature,,2011,478,7370,529,533,10.1038/nature10509,21964340,
EEF1G,CHEMBL4295735,,26300819,,CHEMBL5699686,Inhibition of EEF1G (unknown origin) assessed as fold change at 0.08 uM incubated for 1 hr by colloidal coomassie staining based LC-MS/MS analysis,B,,,BAO_0000179,BAO_0000357,single protein format,CCNC(=O)C[C@@H]1N=C(c2ccc(Cl)cc2)c2cc(OC)ccc2-n2c(C)nnc21,,,CHEMBL5696440,Nature,2011,,CHEMBL1232461,MOLIBRESIB,CHEMBL1232461,,0,,4139758,=,72,0,=,,FC,,,0.675,CHEMBL4295735,Homo sapiens,Elongation factor 1-gamma,9606,,,FC,,,,0.675,INHIBITOR,"Negatively effects (inhibits) the normal functioning of the protein e.g., prevention of enzymatic reaction or activation of downstream pathway",NEGATIVE MODULATOR,,,,,0.675,,TRUE,TRUE,,TRUE,FALSE,FALSE,Contextual activity,FALSE,FALSE,FALSE,FALSE,Contextual record,Not concentration-ranked,TRUE,B,Inhibition of EEF1G (unknown origin) assessed as fold change at 0.08 uM incubated for 1 hr by colloidal coomassie staining based LC-MS/MS analysis,Homo sapiens,,,,BAO_0000357,single protein format,9,CHEMBL4295735,D,CHEMBL5696440,,,9606,CHEMBL5696440,B,single protein format,CHEMBL4295735,TRUE,TRUE,TRUE,FALSE,TRUE,PUBLICATION,Inhibition of BET recruitment to chromatin as an effective treatment for MLL-fusion leukaemia.,"Recurrent chromosomal translocations involving the mixed lineage leukaemia (MLL) gene initiate aggressive forms of leukaemia, which are often refractory to conventional therapies. Many MLL-fusion partners are members of the super elongation complex (SEC), a critical regulator of transcriptional elongation, suggesting that aberrant control of this process has an important role in leukaemia induction. Here we use a global proteomic strategy to demonstrate that MLL fusions, as part of SEC and the polymerase-associated factor complex (PAFc), are associated with the BET family of acetyl-lysine recognizing, chromatin 'adaptor' proteins. These data provided the basis for therapeutic intervention in MLL-fusion leukaemia, via the displacement of the BET family of proteins from chromatin. We show that a novel small molecule inhibitor of the BET family, GSK1210151A (I-BET151), has profound efficacy against human and murine MLL-fusion leukaemic cell lines, through the induction of early cell cycle arrest and apoptosis. I-BET151 treatment in two human leukaemia cell lines with different MLL fusions alters the expression of a common set of genes whose function may account for these phenotypic changes. The mode of action of I-BET151 is, at least in part, due to the inhibition of transcription at key genes (BCL2, C-MYC and CDK6) through the displacement of BRD3/4, PAFc and SEC components from chromatin. In vivo studies indicate that I-BET151 has significant therapeutic value, providing survival benefit in two distinct mouse models of murine MLL-AF9 and human MLL-AF4 leukaemia. Finally, the efficacy of I-BET151 against human leukaemia stem cells is demonstrated, providing further evidence of its potent therapeutic potential. These findings establish the displacement of BET proteins from chromatin as a promising epigenetic therapy for these aggressive leukaemias.","Dawson MA, Prinjha RK, Dittmann A, Giotopoulos G, Bantscheff M, Chan WI, Robson SC, Chung CW, Hopf C, Savitski MM, Huthmacher C, Gudgin E, Lugo D, Beinke S, Chapman TD, Roberts EJ, Soden PE, Auger KR, Mirguet O, Doehner K, Delwel R, Burnett AK, Jeffrey P, Drewes G, Lee K, Huntly BJ, Kouzarides T.",Nature,,2011,478,7370,529,533,10.1038/nature10509,21964340,
EEF1G,CHEMBL4295735,,26301519,,CHEMBL5700386,Inhibition of EEF1G (unknown origin) assessed as fold change at 0.016 uM incubated for 1 hr by colloidal coomassie staining based LC-MS/MS analysis,B,,,BAO_0000179,BAO_0000357,single protein format,CCNC(=O)C[C@@H]1N=C(c2ccc(Cl)cc2)c2cc(OC)ccc2-n2c(C)nnc21,,,CHEMBL5696440,Nature,2011,,CHEMBL1232461,MOLIBRESIB,CHEMBL1232461,,0,,4139758,=,72,0,=,,FC,,,0.793,CHEMBL4295735,Homo sapiens,Elongation factor 1-gamma,9606,,,FC,,,,0.793,INHIBITOR,"Negatively effects (inhibits) the normal functioning of the protein e.g., prevention of enzymatic reaction or activation of downstream pathway",NEGATIVE MODULATOR,,,,,0.793,,TRUE,TRUE,,TRUE,FALSE,FALSE,Contextual activity,FALSE,FALSE,FALSE,FALSE,Contextual record,Not concentration-ranked,TRUE,B,Inhibition of EEF1G (unknown origin) assessed as fold change at 0.016 uM incubated for 1 hr by colloidal coomassie staining based LC-MS/MS analysis,Homo sapiens,,,,BAO_0000357,single protein format,9,CHEMBL4295735,D,CHEMBL5696440,,,9606,CHEMBL5696440,B,single protein format,CHEMBL4295735,TRUE,TRUE,TRUE,FALSE,TRUE,PUBLICATION,Inhibition of BET recruitment to chromatin as an effective treatment for MLL-fusion leukaemia.,"Recurrent chromosomal translocations involving the mixed lineage leukaemia (MLL) gene initiate aggressive forms of leukaemia, which are often refractory to conventional therapies. Many MLL-fusion partners are members of the super elongation complex (SEC), a critical regulator of transcriptional elongation, suggesting that aberrant control of this process has an important role in leukaemia induction. Here we use a global proteomic strategy to demonstrate that MLL fusions, as part of SEC and the polymerase-associated factor complex (PAFc), are associated with the BET family of acetyl-lysine recognizing, chromatin 'adaptor' proteins. These data provided the basis for therapeutic intervention in MLL-fusion leukaemia, via the displacement of the BET family of proteins from chromatin. We show that a novel small molecule inhibitor of the BET family, GSK1210151A (I-BET151), has profound efficacy against human and murine MLL-fusion leukaemic cell lines, through the induction of early cell cycle arrest and apoptosis. I-BET151 treatment in two human leukaemia cell lines with different MLL fusions alters the expression of a common set of genes whose function may account for these phenotypic changes. The mode of action of I-BET151 is, at least in part, due to the inhibition of transcription at key genes (BCL2, C-MYC and CDK6) through the displacement of BRD3/4, PAFc and SEC components from chromatin. In vivo studies indicate that I-BET151 has significant therapeutic value, providing survival benefit in two distinct mouse models of murine MLL-AF9 and human MLL-AF4 leukaemia. Finally, the efficacy of I-BET151 against human leukaemia stem cells is demonstrated, providing further evidence of its potent therapeutic potential. These findings establish the displacement of BET proteins from chromatin as a promising epigenetic therapy for these aggressive leukaemias.","Dawson MA, Prinjha RK, Dittmann A, Giotopoulos G, Bantscheff M, Chan WI, Robson SC, Chung CW, Hopf C, Savitski MM, Huthmacher C, Gudgin E, Lugo D, Beinke S, Chapman TD, Roberts EJ, Soden PE, Auger KR, Mirguet O, Doehner K, Delwel R, Burnett AK, Jeffrey P, Drewes G, Lee K, Huntly BJ, Kouzarides T.",Nature,,2011,478,7370,529,533,10.1038/nature10509,21964340,
EEF1G,CHEMBL4295735,,26302219,,CHEMBL5701086,Inhibition of EEF1G (unknown origin) incubated for 1 hr by colloidal coomassie staining based LC-MS/MS analysis,B,,,BAO_0000190,BAO_0000357,single protein format,CCNC(=O)C[C@@H]1N=C(c2ccc(Cl)cc2)c2cc(OC)ccc2-n2c(C)nnc21,,,CHEMBL5696440,Nature,2011,,CHEMBL1232461,MOLIBRESIB,CHEMBL1232461,5.37,0,http://www.openphacts.org/units/Nanomolar,4139758,=,72,1,=,,IC50,nM,,4300,CHEMBL4295735,Homo sapiens,Elongation factor 1-gamma,9606,,,IC50,uM,UO_0000065,,4.3,INHIBITOR,"Negatively effects (inhibits) the normal functioning of the protein e.g., prevention of enzymatic reaction or activation of downstream pathway",NEGATIVE MODULATOR,12.66,0.24,1.71,6.59,4300,5.37,TRUE,TRUE,TRUE,TRUE,FALSE,FALSE,Inhibitory potency,TRUE,TRUE,FALSE,FALSE,Tier 1: quantitative inhibition,Lower apparent potency (>1 to 10 uM),TRUE,B,Inhibition of EEF1G (unknown origin) incubated for 1 hr by colloidal coomassie staining based LC-MS/MS analysis,Homo sapiens,,,,BAO_0000357,single protein format,9,CHEMBL4295735,D,CHEMBL5696440,,,9606,CHEMBL5696440,B,single protein format,CHEMBL4295735,TRUE,TRUE,TRUE,FALSE,TRUE,PUBLICATION,Inhibition of BET recruitment to chromatin as an effective treatment for MLL-fusion leukaemia.,"Recurrent chromosomal translocations involving the mixed lineage leukaemia (MLL) gene initiate aggressive forms of leukaemia, which are often refractory to conventional therapies. Many MLL-fusion partners are members of the super elongation complex (SEC), a critical regulator of transcriptional elongation, suggesting that aberrant control of this process has an important role in leukaemia induction. Here we use a global proteomic strategy to demonstrate that MLL fusions, as part of SEC and the polymerase-associated factor complex (PAFc), are associated with the BET family of acetyl-lysine recognizing, chromatin 'adaptor' proteins. These data provided the basis for therapeutic intervention in MLL-fusion leukaemia, via the displacement of the BET family of proteins from chromatin. We show that a novel small molecule inhibitor of the BET family, GSK1210151A (I-BET151), has profound efficacy against human and murine MLL-fusion leukaemic cell lines, through the induction of early cell cycle arrest and apoptosis. I-BET151 treatment in two human leukaemia cell lines with different MLL fusions alters the expression of a common set of genes whose function may account for these phenotypic changes. The mode of action of I-BET151 is, at least in part, due to the inhibition of transcription at key genes (BCL2, C-MYC and CDK6) through the displacement of BRD3/4, PAFc and SEC components from chromatin. In vivo studies indicate that I-BET151 has significant therapeutic value, providing survival benefit in two distinct mouse models of murine MLL-AF9 and human MLL-AF4 leukaemia. Finally, the efficacy of I-BET151 against human leukaemia stem cells is demonstrated, providing further evidence of its potent therapeutic potential. These findings establish the displacement of BET proteins from chromatin as a promising epigenetic therapy for these aggressive leukaemias.","Dawson MA, Prinjha RK, Dittmann A, Giotopoulos G, Bantscheff M, Chan WI, Robson SC, Chung CW, Hopf C, Savitski MM, Huthmacher C, Gudgin E, Lugo D, Beinke S, Chapman TD, Roberts EJ, Soden PE, Auger KR, Mirguet O, Doehner K, Delwel R, Burnett AK, Jeffrey P, Drewes G, Lee K, Huntly BJ, Kouzarides T.",Nature,,2011,478,7370,529,533,10.1038/nature10509,21964340,
EEF1A1,CHEMBL1795120,,6278005,,CHEMBL1805138,Binding affinity to eEF1A1 in human MDA-MB-231 cells using biotinylated compound using Western blot analysis based pull down assay,B,,,BAO_0000375,BAO_0000219,cell-based format,COc1ccc(Nc2nc3cc4c(=O)cc(-c5ccc(C(=O)N[C@@H](CC(C)C)C(N)=O)cc5)oc4cc3n2[C@H](C)C2CCCCC2)cc1,,,CHEMBL1799911,J Med Chem,2011,,CHEMBL1802814,,CHEMBL1802814,,0,,1442342,,1,0,,Active,Activity,,,,CHEMBL1795120,Homo sapiens,Elongation factor 1-alpha 1,9606,Active,,Activity,,,,,,,,,,,,,,FALSE,TRUE,,TRUE,FALSE,FALSE,Contextual activity,FALSE,FALSE,FALSE,FALSE,Contextual record,Not concentration-ranked,TRUE,B,Binding affinity to eEF1A1 in human MDA-MB-231 cells using biotinylated compound using Western blot analysis based pull down assay,Homo sapiens,,MDA-MB-231,,BAO_0000219,cell-based format,9,CHEMBL1795120,D,CHEMBL1799911,386269,,9606,CHEMBL1799911,B,cell-based format,CHEMBL1795120,TRUE,TRUE,TRUE,FALSE,TRUE,PUBLICATION,Novel flavonoids with antiproliferative activities against breast cancer cells.,A series of flavone analogues were synthesized and evaluated for their antiproliferation activity against breast cancer cells. The IC(50) of compound 10 and 24 were determined to be at 5 μM. These compounds were used as baits to screen breast cancer cDNA expression phage display proteome library. DNA sequencing of the binding phages suggests that eEF1A1 is a target protein for 10 and 24. Further optimization of these compounds led to the discovery of 39 with higher cytotoxic potency (IC(50) = 1 μM) and binding to eEF1A2. Biological and biochemical data suggest that eEF1A2 might be a therapeutic target and that 39 is an excellent lead compound for further development.,"Yao N, Chen CY, Wu CY, Motonishi K, Kung HJ, Lam KS.",J Med Chem,Journal of medicinal chemistry.,2011,54,13,4339,4349,10.1021/jm101440r,21599001,
EEF1A1,CHEMBL1795120,,6278006,,CHEMBL1805138,Binding affinity to eEF1A1 in human MDA-MB-231 cells using biotinylated compound using Western blot analysis based pull down assay,B,,,BAO_0000375,BAO_0000219,cell-based format,CC(C)CNc1nc2cc3c(=O)cc(-c4ccc(C(=O)N[C@@H](Cc5ccccc5)C(N)=O)cc4)oc3cc2n1Cc1ccccc1,,,CHEMBL1799911,J Med Chem,2011,,CHEMBL1802815,,CHEMBL1802815,,0,,1442343,,1,0,,Active,Activity,,,,CHEMBL1795120,Homo sapiens,Elongation factor 1-alpha 1,9606,Active,,Activity,,,,,,,,,,,,,,FALSE,TRUE,,TRUE,FALSE,FALSE,Contextual activity,FALSE,FALSE,FALSE,FALSE,Contextual record,Not concentration-ranked,TRUE,B,Binding affinity to eEF1A1 in human MDA-MB-231 cells using biotinylated compound using Western blot analysis based pull down assay,Homo sapiens,,MDA-MB-231,,BAO_0000219,cell-based format,9,CHEMBL1795120,D,CHEMBL1799911,386269,,9606,CHEMBL1799911,B,cell-based format,CHEMBL1795120,TRUE,TRUE,TRUE,FALSE,TRUE,PUBLICATION,Novel flavonoids with antiproliferative activities against breast cancer cells.,A series of flavone analogues were synthesized and evaluated for their antiproliferation activity against breast cancer cells. The IC(50) of compound 10 and 24 were determined to be at 5 μM. These compounds were used as baits to screen breast cancer cDNA expression phage display proteome library. DNA sequencing of the binding phages suggests that eEF1A1 is a target protein for 10 and 24. Further optimization of these compounds led to the discovery of 39 with higher cytotoxic potency (IC(50) = 1 μM) and binding to eEF1A2. Biological and biochemical data suggest that eEF1A2 might be a therapeutic target and that 39 is an excellent lead compound for further development.,"Yao N, Chen CY, Wu CY, Motonishi K, Kung HJ, Lam KS.",J Med Chem,Journal of medicinal chemistry.,2011,54,13,4339,4349,10.1021/jm101440r,21599001,
EEF1A1,CHEMBL1795120,,6278020,,CHEMBL1805291,Binding affinity to eEF1A1 expressed in human MDA-MB-231 cells using 1 uM biotinylated compound immobilized on streptavidin sensor chip by surface plasmon resonance method,B,,,BAO_0000034,BAO_0000219,cell-based format,COc1ccc(Nc2nc3cc4c(=O)cc(-c5ccc(C(=O)N[C@@H](CC(C)C)C(N)=O)cc5)oc4cc3n2[C@H](C)C2CCCCC2)cc1,,,CHEMBL1799911,J Med Chem,2011,,CHEMBL1802814,,CHEMBL1802814,8.43,0,http://www.openphacts.org/units/Nanomolar,1442342,=,1,1,=,,Kd,nM,,3.74,CHEMBL1795120,Homo sapiens,Elongation factor 1-alpha 1,9606,,,Kd,nM,UO_0000065,,3.74,,,,12.97,0.24,1.1,5.96,3.74,8.43,TRUE,TRUE,TRUE,TRUE,FALSE,FALSE,Binding affinity,TRUE,FALSE,TRUE,FALSE,Tier 2: quantitative binding,Very high apparent potency (<=10 nM),TRUE,B,Binding affinity to eEF1A1 expressed in human MDA-MB-231 cells using 1 uM biotinylated compound immobilized on streptavidin sensor chip by surface plasmon resonance method,Homo sapiens,,MDA-MB-231,,BAO_0000219,cell-based format,9,CHEMBL1795120,D,CHEMBL1799911,387731,,9606,CHEMBL1799911,B,cell-based format,CHEMBL1795120,TRUE,TRUE,TRUE,FALSE,TRUE,PUBLICATION,Novel flavonoids with antiproliferative activities against breast cancer cells.,A series of flavone analogues were synthesized and evaluated for their antiproliferation activity against breast cancer cells. The IC(50) of compound 10 and 24 were determined to be at 5 μM. These compounds were used as baits to screen breast cancer cDNA expression phage display proteome library. DNA sequencing of the binding phages suggests that eEF1A1 is a target protein for 10 and 24. Further optimization of these compounds led to the discovery of 39 with higher cytotoxic potency (IC(50) = 1 μM) and binding to eEF1A2. Biological and biochemical data suggest that eEF1A2 might be a therapeutic target and that 39 is an excellent lead compound for further development.,"Yao N, Chen CY, Wu CY, Motonishi K, Kung HJ, Lam KS.",J Med Chem,Journal of medicinal chemistry.,2011,54,13,4339,4349,10.1021/jm101440r,21599001,
EEF1A1,CHEMBL1795120,,6278021,,CHEMBL1805291,Binding affinity to eEF1A1 expressed in human MDA-MB-231 cells using 1 uM biotinylated compound immobilized on streptavidin sensor chip by surface plasmon resonance method,B,,,BAO_0000034,BAO_0000219,cell-based format,CC(C)CNc1nc2cc3c(=O)cc(-c4ccc(C(=O)N[C@@H](Cc5ccccc5)C(N)=O)cc4)oc3cc2n1Cc1ccccc1,,,CHEMBL1799911,J Med Chem,2011,,CHEMBL1802815,,CHEMBL1802815,8.09,0,http://www.openphacts.org/units/Nanomolar,1442343,=,1,1,=,,Kd,nM,,8.15,CHEMBL1795120,Homo sapiens,Elongation factor 1-alpha 1,9606,,,Kd,nM,UO_0000065,,8.15,,,,13.18,0.24,2.34,6.12,8.15,8.09,TRUE,TRUE,TRUE,TRUE,FALSE,FALSE,Binding affinity,TRUE,FALSE,TRUE,FALSE,Tier 2: quantitative binding,Very high apparent potency (<=10 nM),TRUE,B,Binding affinity to eEF1A1 expressed in human MDA-MB-231 cells using 1 uM biotinylated compound immobilized on streptavidin sensor chip by surface plasmon resonance method,Homo sapiens,,MDA-MB-231,,BAO_0000219,cell-based format,9,CHEMBL1795120,D,CHEMBL1799911,387731,,9606,CHEMBL1799911,B,cell-based format,CHEMBL1795120,TRUE,TRUE,TRUE,FALSE,TRUE,PUBLICATION,Novel flavonoids with antiproliferative activities against breast cancer cells.,A series of flavone analogues were synthesized and evaluated for their antiproliferation activity against breast cancer cells. The IC(50) of compound 10 and 24 were determined to be at 5 μM. These compounds were used as baits to screen breast cancer cDNA expression phage display proteome library. DNA sequencing of the binding phages suggests that eEF1A1 is a target protein for 10 and 24. Further optimization of these compounds led to the discovery of 39 with higher cytotoxic potency (IC(50) = 1 μM) and binding to eEF1A2. Biological and biochemical data suggest that eEF1A2 might be a therapeutic target and that 39 is an excellent lead compound for further development.,"Yao N, Chen CY, Wu CY, Motonishi K, Kung HJ, Lam KS.",J Med Chem,Journal of medicinal chemistry.,2011,54,13,4339,4349,10.1021/jm101440r,21599001,
EEF1A1,CHEMBL1795120,,6278022,,CHEMBL1805291,Binding affinity to eEF1A1 expressed in human MDA-MB-231 cells using 1 uM biotinylated compound immobilized on streptavidin sensor chip by surface plasmon resonance method,B,,,BAO_0000034,BAO_0000219,cell-based format,CC(C)C[C@H](NC(=O)c1ccc(-c2cc(=O)c3cc([N+](=O)[O-])c(N[C@H](C)C4CCCCC4)cc3o2)cc1)C(N)=O,,,CHEMBL1799911,J Med Chem,2011,,CHEMBL1802973,,CHEMBL1802973,7.24,0,http://www.openphacts.org/units/Nanomolar,1442522,=,1,1,=,,Kd,nM,,57.2,CHEMBL1795120,Homo sapiens,Elongation factor 1-alpha 1,9606,,,Kd,nM,UO_0000065,,57.2,,,,13.2,0.25,1.86,4.6,57.2,7.24,TRUE,TRUE,TRUE,TRUE,FALSE,FALSE,Binding affinity,TRUE,FALSE,TRUE,FALSE,Tier 2: quantitative binding,High apparent potency (>10 to 100 nM),TRUE,B,Binding affinity to eEF1A1 expressed in human MDA-MB-231 cells using 1 uM biotinylated compound immobilized on streptavidin sensor chip by surface plasmon resonance method,Homo sapiens,,MDA-MB-231,,BAO_0000219,cell-based format,9,CHEMBL1795120,D,CHEMBL1799911,387731,,9606,CHEMBL1799911,B,cell-based format,CHEMBL1795120,TRUE,TRUE,TRUE,FALSE,TRUE,PUBLICATION,Novel flavonoids with antiproliferative activities against breast cancer cells.,A series of flavone analogues were synthesized and evaluated for their antiproliferation activity against breast cancer cells. The IC(50) of compound 10 and 24 were determined to be at 5 μM. These compounds were used as baits to screen breast cancer cDNA expression phage display proteome library. DNA sequencing of the binding phages suggests that eEF1A1 is a target protein for 10 and 24. Further optimization of these compounds led to the discovery of 39 with higher cytotoxic potency (IC(50) = 1 μM) and binding to eEF1A2. Biological and biochemical data suggest that eEF1A2 might be a therapeutic target and that 39 is an excellent lead compound for further development.,"Yao N, Chen CY, Wu CY, Motonishi K, Kung HJ, Lam KS.",J Med Chem,Journal of medicinal chemistry.,2011,54,13,4339,4349,10.1021/jm101440r,21599001,
EEF1A1,CHEMBL1795120,,26298606,,CHEMBL5697473,Inhibition of EEF1A1 (unknown origin) assessed as fold change at 10 uM incubated for 1 hr by colloidal coomassie staining based LC-MS/MS analysis,B,,,BAO_0000179,BAO_0000357,single protein format,CCNC(=O)C[C@@H]1N=C(c2ccc(Cl)cc2)c2cc(OC)ccc2-n2c(C)nnc21,,,CHEMBL5696440,Nature,2011,,CHEMBL1232461,MOLIBRESIB,CHEMBL1232461,,0,,4139758,=,72,0,=,,FC,,,0.825,CHEMBL1795120,Homo sapiens,Elongation factor 1-alpha 1,9606,,,FC,,,,0.825,INHIBITOR,"Negatively effects (inhibits) the normal functioning of the protein e.g., prevention of enzymatic reaction or activation of downstream pathway",NEGATIVE MODULATOR,,,,,0.825,,TRUE,TRUE,,TRUE,FALSE,FALSE,Contextual activity,FALSE,FALSE,FALSE,FALSE,Contextual record,Not concentration-ranked,TRUE,B,Inhibition of EEF1A1 (unknown origin) assessed as fold change at 10 uM incubated for 1 hr by colloidal coomassie staining based LC-MS/MS analysis,Homo sapiens,,,,BAO_0000357,single protein format,9,CHEMBL1795120,D,CHEMBL5696440,,,9606,CHEMBL5696440,B,single protein format,CHEMBL1795120,TRUE,TRUE,TRUE,FALSE,TRUE,PUBLICATION,Inhibition of BET recruitment to chromatin as an effective treatment for MLL-fusion leukaemia.,"Recurrent chromosomal translocations involving the mixed lineage leukaemia (MLL) gene initiate aggressive forms of leukaemia, which are often refractory to conventional therapies. Many MLL-fusion partners are members of the super elongation complex (SEC), a critical regulator of transcriptional elongation, suggesting that aberrant control of this process has an important role in leukaemia induction. Here we use a global proteomic strategy to demonstrate that MLL fusions, as part of SEC and the polymerase-associated factor complex (PAFc), are associated with the BET family of acetyl-lysine recognizing, chromatin 'adaptor' proteins. These data provided the basis for therapeutic intervention in MLL-fusion leukaemia, via the displacement of the BET family of proteins from chromatin. We show that a novel small molecule inhibitor of the BET family, GSK1210151A (I-BET151), has profound efficacy against human and murine MLL-fusion leukaemic cell lines, through the induction of early cell cycle arrest and apoptosis. I-BET151 treatment in two human leukaemia cell lines with different MLL fusions alters the expression of a common set of genes whose function may account for these phenotypic changes. The mode of action of I-BET151 is, at least in part, due to the inhibition of transcription at key genes (BCL2, C-MYC and CDK6) through the displacement of BRD3/4, PAFc and SEC components from chromatin. In vivo studies indicate that I-BET151 has significant therapeutic value, providing survival benefit in two distinct mouse models of murine MLL-AF9 and human MLL-AF4 leukaemia. Finally, the efficacy of I-BET151 against human leukaemia stem cells is demonstrated, providing further evidence of its potent therapeutic potential. These findings establish the displacement of BET proteins from chromatin as a promising epigenetic therapy for these aggressive leukaemias.","Dawson MA, Prinjha RK, Dittmann A, Giotopoulos G, Bantscheff M, Chan WI, Robson SC, Chung CW, Hopf C, Savitski MM, Huthmacher C, Gudgin E, Lugo D, Beinke S, Chapman TD, Roberts EJ, Soden PE, Auger KR, Mirguet O, Doehner K, Delwel R, Burnett AK, Jeffrey P, Drewes G, Lee K, Huntly BJ, Kouzarides T.",Nature,,2011,478,7370,529,533,10.1038/nature10509,21964340,
EEF1A1,CHEMBL1795120,,26299306,,CHEMBL5698173,Inhibition of EEF1A1 (unknown origin) assessed as fold change at 2 uM incubated for 1 hr by colloidal coomassie staining based LC-MS/MS analysis,B,,,BAO_0000179,BAO_0000357,single protein format,CCNC(=O)C[C@@H]1N=C(c2ccc(Cl)cc2)c2cc(OC)ccc2-n2c(C)nnc21,,,CHEMBL5696440,Nature,2011,,CHEMBL1232461,MOLIBRESIB,CHEMBL1232461,,0,,4139758,=,72,0,=,,FC,,,1,CHEMBL1795120,Homo sapiens,Elongation factor 1-alpha 1,9606,,,FC,,,,1,INHIBITOR,"Negatively effects (inhibits) the normal functioning of the protein e.g., prevention of enzymatic reaction or activation of downstream pathway",NEGATIVE MODULATOR,,,,,1,,TRUE,TRUE,,TRUE,FALSE,FALSE,Contextual activity,FALSE,FALSE,FALSE,FALSE,Contextual record,Not concentration-ranked,TRUE,B,Inhibition of EEF1A1 (unknown origin) assessed as fold change at 2 uM incubated for 1 hr by colloidal coomassie staining based LC-MS/MS analysis,Homo sapiens,,,,BAO_0000357,single protein format,9,CHEMBL1795120,D,CHEMBL5696440,,,9606,CHEMBL5696440,B,single protein format,CHEMBL1795120,TRUE,TRUE,TRUE,FALSE,TRUE,PUBLICATION,Inhibition of BET recruitment to chromatin as an effective treatment for MLL-fusion leukaemia.,"Recurrent chromosomal translocations involving the mixed lineage leukaemia (MLL) gene initiate aggressive forms of leukaemia, which are often refractory to conventional therapies. Many MLL-fusion partners are members of the super elongation complex (SEC), a critical regulator of transcriptional elongation, suggesting that aberrant control of this process has an important role in leukaemia induction. Here we use a global proteomic strategy to demonstrate that MLL fusions, as part of SEC and the polymerase-associated factor complex (PAFc), are associated with the BET family of acetyl-lysine recognizing, chromatin 'adaptor' proteins. These data provided the basis for therapeutic intervention in MLL-fusion leukaemia, via the displacement of the BET family of proteins from chromatin. We show that a novel small molecule inhibitor of the BET family, GSK1210151A (I-BET151), has profound efficacy against human and murine MLL-fusion leukaemic cell lines, through the induction of early cell cycle arrest and apoptosis. I-BET151 treatment in two human leukaemia cell lines with different MLL fusions alters the expression of a common set of genes whose function may account for these phenotypic changes. The mode of action of I-BET151 is, at least in part, due to the inhibition of transcription at key genes (BCL2, C-MYC and CDK6) through the displacement of BRD3/4, PAFc and SEC components from chromatin. In vivo studies indicate that I-BET151 has significant therapeutic value, providing survival benefit in two distinct mouse models of murine MLL-AF9 and human MLL-AF4 leukaemia. Finally, the efficacy of I-BET151 against human leukaemia stem cells is demonstrated, providing further evidence of its potent therapeutic potential. These findings establish the displacement of BET proteins from chromatin as a promising epigenetic therapy for these aggressive leukaemias.","Dawson MA, Prinjha RK, Dittmann A, Giotopoulos G, Bantscheff M, Chan WI, Robson SC, Chung CW, Hopf C, Savitski MM, Huthmacher C, Gudgin E, Lugo D, Beinke S, Chapman TD, Roberts EJ, Soden PE, Auger KR, Mirguet O, Doehner K, Delwel R, Burnett AK, Jeffrey P, Drewes G, Lee K, Huntly BJ, Kouzarides T.",Nature,,2011,478,7370,529,533,10.1038/nature10509,21964340,
EEF1A1,CHEMBL1795120,,26300006,,CHEMBL5698873,Inhibition of EEF1A1 (unknown origin) assessed as fold change at 0.4 uM incubated for 1 hr by colloidal coomassie staining based LC-MS/MS analysis,B,,,BAO_0000179,BAO_0000357,single protein format,CCNC(=O)C[C@@H]1N=C(c2ccc(Cl)cc2)c2cc(OC)ccc2-n2c(C)nnc21,,,CHEMBL5696440,Nature,2011,,CHEMBL1232461,MOLIBRESIB,CHEMBL1232461,,0,,4139758,=,72,0,=,,FC,,,0.995,CHEMBL1795120,Homo sapiens,Elongation factor 1-alpha 1,9606,,,FC,,,,0.995,INHIBITOR,"Negatively effects (inhibits) the normal functioning of the protein e.g., prevention of enzymatic reaction or activation of downstream pathway",NEGATIVE MODULATOR,,,,,0.995,,TRUE,TRUE,,TRUE,FALSE,FALSE,Contextual activity,FALSE,FALSE,FALSE,FALSE,Contextual record,Not concentration-ranked,TRUE,B,Inhibition of EEF1A1 (unknown origin) assessed as fold change at 0.4 uM incubated for 1 hr by colloidal coomassie staining based LC-MS/MS analysis,Homo sapiens,,,,BAO_0000357,single protein format,9,CHEMBL1795120,D,CHEMBL5696440,,,9606,CHEMBL5696440,B,single protein format,CHEMBL1795120,TRUE,TRUE,TRUE,FALSE,TRUE,PUBLICATION,Inhibition of BET recruitment to chromatin as an effective treatment for MLL-fusion leukaemia.,"Recurrent chromosomal translocations involving the mixed lineage leukaemia (MLL) gene initiate aggressive forms of leukaemia, which are often refractory to conventional therapies. Many MLL-fusion partners are members of the super elongation complex (SEC), a critical regulator of transcriptional elongation, suggesting that aberrant control of this process has an important role in leukaemia induction. Here we use a global proteomic strategy to demonstrate that MLL fusions, as part of SEC and the polymerase-associated factor complex (PAFc), are associated with the BET family of acetyl-lysine recognizing, chromatin 'adaptor' proteins. These data provided the basis for therapeutic intervention in MLL-fusion leukaemia, via the displacement of the BET family of proteins from chromatin. We show that a novel small molecule inhibitor of the BET family, GSK1210151A (I-BET151), has profound efficacy against human and murine MLL-fusion leukaemic cell lines, through the induction of early cell cycle arrest and apoptosis. I-BET151 treatment in two human leukaemia cell lines with different MLL fusions alters the expression of a common set of genes whose function may account for these phenotypic changes. The mode of action of I-BET151 is, at least in part, due to the inhibition of transcription at key genes (BCL2, C-MYC and CDK6) through the displacement of BRD3/4, PAFc and SEC components from chromatin. In vivo studies indicate that I-BET151 has significant therapeutic value, providing survival benefit in two distinct mouse models of murine MLL-AF9 and human MLL-AF4 leukaemia. Finally, the efficacy of I-BET151 against human leukaemia stem cells is demonstrated, providing further evidence of its potent therapeutic potential. These findings establish the displacement of BET proteins from chromatin as a promising epigenetic therapy for these aggressive leukaemias.","Dawson MA, Prinjha RK, Dittmann A, Giotopoulos G, Bantscheff M, Chan WI, Robson SC, Chung CW, Hopf C, Savitski MM, Huthmacher C, Gudgin E, Lugo D, Beinke S, Chapman TD, Roberts EJ, Soden PE, Auger KR, Mirguet O, Doehner K, Delwel R, Burnett AK, Jeffrey P, Drewes G, Lee K, Huntly BJ, Kouzarides T.",Nature,,2011,478,7370,529,533,10.1038/nature10509,21964340,
EEF1A1,CHEMBL1795120,,26300706,,CHEMBL5699573,Inhibition of EEF1A1 (unknown origin) assessed as fold change at 0.08 uM incubated for 1 hr by colloidal coomassie staining based LC-MS/MS analysis,B,,,BAO_0000179,BAO_0000357,single protein format,CCNC(=O)C[C@@H]1N=C(c2ccc(Cl)cc2)c2cc(OC)ccc2-n2c(C)nnc21,,,CHEMBL5696440,Nature,2011,,CHEMBL1232461,MOLIBRESIB,CHEMBL1232461,,0,,4139758,=,72,0,=,,FC,,,0.951,CHEMBL1795120,Homo sapiens,Elongation factor 1-alpha 1,9606,,,FC,,,,0.951,INHIBITOR,"Negatively effects (inhibits) the normal functioning of the protein e.g., prevention of enzymatic reaction or activation of downstream pathway",NEGATIVE MODULATOR,,,,,0.951,,TRUE,TRUE,,TRUE,FALSE,FALSE,Contextual activity,FALSE,FALSE,FALSE,FALSE,Contextual record,Not concentration-ranked,TRUE,B,Inhibition of EEF1A1 (unknown origin) assessed as fold change at 0.08 uM incubated for 1 hr by colloidal coomassie staining based LC-MS/MS analysis,Homo sapiens,,,,BAO_0000357,single protein format,9,CHEMBL1795120,D,CHEMBL5696440,,,9606,CHEMBL5696440,B,single protein format,CHEMBL1795120,TRUE,TRUE,TRUE,FALSE,TRUE,PUBLICATION,Inhibition of BET recruitment to chromatin as an effective treatment for MLL-fusion leukaemia.,"Recurrent chromosomal translocations involving the mixed lineage leukaemia (MLL) gene initiate aggressive forms of leukaemia, which are often refractory to conventional therapies. Many MLL-fusion partners are members of the super elongation complex (SEC), a critical regulator of transcriptional elongation, suggesting that aberrant control of this process has an important role in leukaemia induction. Here we use a global proteomic strategy to demonstrate that MLL fusions, as part of SEC and the polymerase-associated factor complex (PAFc), are associated with the BET family of acetyl-lysine recognizing, chromatin 'adaptor' proteins. These data provided the basis for therapeutic intervention in MLL-fusion leukaemia, via the displacement of the BET family of proteins from chromatin. We show that a novel small molecule inhibitor of the BET family, GSK1210151A (I-BET151), has profound efficacy against human and murine MLL-fusion leukaemic cell lines, through the induction of early cell cycle arrest and apoptosis. I-BET151 treatment in two human leukaemia cell lines with different MLL fusions alters the expression of a common set of genes whose function may account for these phenotypic changes. The mode of action of I-BET151 is, at least in part, due to the inhibition of transcription at key genes (BCL2, C-MYC and CDK6) through the displacement of BRD3/4, PAFc and SEC components from chromatin. In vivo studies indicate that I-BET151 has significant therapeutic value, providing survival benefit in two distinct mouse models of murine MLL-AF9 and human MLL-AF4 leukaemia. Finally, the efficacy of I-BET151 against human leukaemia stem cells is demonstrated, providing further evidence of its potent therapeutic potential. These findings establish the displacement of BET proteins from chromatin as a promising epigenetic therapy for these aggressive leukaemias.","Dawson MA, Prinjha RK, Dittmann A, Giotopoulos G, Bantscheff M, Chan WI, Robson SC, Chung CW, Hopf C, Savitski MM, Huthmacher C, Gudgin E, Lugo D, Beinke S, Chapman TD, Roberts EJ, Soden PE, Auger KR, Mirguet O, Doehner K, Delwel R, Burnett AK, Jeffrey P, Drewes G, Lee K, Huntly BJ, Kouzarides T.",Nature,,2011,478,7370,529,533,10.1038/nature10509,21964340,
EEF1A1,CHEMBL1795120,,26301406,,CHEMBL5700273,Inhibition of EEF1A1 (unknown origin) assessed as fold change at 0.016 uM incubated for 1 hr by colloidal coomassie staining based LC-MS/MS analysis,B,,,BAO_0000179,BAO_0000357,single protein format,CCNC(=O)C[C@@H]1N=C(c2ccc(Cl)cc2)c2cc(OC)ccc2-n2c(C)nnc21,,,CHEMBL5696440,Nature,2011,,CHEMBL1232461,MOLIBRESIB,CHEMBL1232461,,0,,4139758,=,72,0,=,,FC,,,0.872,CHEMBL1795120,Homo sapiens,Elongation factor 1-alpha 1,9606,,,FC,,,,0.872,INHIBITOR,"Negatively effects (inhibits) the normal functioning of the protein e.g., prevention of enzymatic reaction or activation of downstream pathway",NEGATIVE MODULATOR,,,,,0.872,,TRUE,TRUE,,TRUE,FALSE,FALSE,Contextual activity,FALSE,FALSE,FALSE,FALSE,Contextual record,Not concentration-ranked,TRUE,B,Inhibition of EEF1A1 (unknown origin) assessed as fold change at 0.016 uM incubated for 1 hr by colloidal coomassie staining based LC-MS/MS analysis,Homo sapiens,,,,BAO_0000357,single protein format,9,CHEMBL1795120,D,CHEMBL5696440,,,9606,CHEMBL5696440,B,single protein format,CHEMBL1795120,TRUE,TRUE,TRUE,FALSE,TRUE,PUBLICATION,Inhibition of BET recruitment to chromatin as an effective treatment for MLL-fusion leukaemia.,"Recurrent chromosomal translocations involving the mixed lineage leukaemia (MLL) gene initiate aggressive forms of leukaemia, which are often refractory to conventional therapies. Many MLL-fusion partners are members of the super elongation complex (SEC), a critical regulator of transcriptional elongation, suggesting that aberrant control of this process has an important role in leukaemia induction. Here we use a global proteomic strategy to demonstrate that MLL fusions, as part of SEC and the polymerase-associated factor complex (PAFc), are associated with the BET family of acetyl-lysine recognizing, chromatin 'adaptor' proteins. These data provided the basis for therapeutic intervention in MLL-fusion leukaemia, via the displacement of the BET family of proteins from chromatin. We show that a novel small molecule inhibitor of the BET family, GSK1210151A (I-BET151), has profound efficacy against human and murine MLL-fusion leukaemic cell lines, through the induction of early cell cycle arrest and apoptosis. I-BET151 treatment in two human leukaemia cell lines with different MLL fusions alters the expression of a common set of genes whose function may account for these phenotypic changes. The mode of action of I-BET151 is, at least in part, due to the inhibition of transcription at key genes (BCL2, C-MYC and CDK6) through the displacement of BRD3/4, PAFc and SEC components from chromatin. In vivo studies indicate that I-BET151 has significant therapeutic value, providing survival benefit in two distinct mouse models of murine MLL-AF9 and human MLL-AF4 leukaemia. Finally, the efficacy of I-BET151 against human leukaemia stem cells is demonstrated, providing further evidence of its potent therapeutic potential. These findings establish the displacement of BET proteins from chromatin as a promising epigenetic therapy for these aggressive leukaemias.","Dawson MA, Prinjha RK, Dittmann A, Giotopoulos G, Bantscheff M, Chan WI, Robson SC, Chung CW, Hopf C, Savitski MM, Huthmacher C, Gudgin E, Lugo D, Beinke S, Chapman TD, Roberts EJ, Soden PE, Auger KR, Mirguet O, Doehner K, Delwel R, Burnett AK, Jeffrey P, Drewes G, Lee K, Huntly BJ, Kouzarides T.",Nature,,2011,478,7370,529,533,10.1038/nature10509,21964340,
EEF1A1,CHEMBL1795120,,26302106,,CHEMBL5700973,Inhibition of EEF1A1 (unknown origin) incubated for 1 hr by colloidal coomassie staining based LC-MS/MS analysis,B,,,BAO_0000190,BAO_0000357,single protein format,CCNC(=O)C[C@@H]1N=C(c2ccc(Cl)cc2)c2cc(OC)ccc2-n2c(C)nnc21,,,CHEMBL5696440,Nature,2011,,CHEMBL1232461,MOLIBRESIB,CHEMBL1232461,,0,http://www.openphacts.org/units/Nanomolar,4139758,>=,72,1,>=,,IC50,nM,,10000,CHEMBL1795120,Homo sapiens,Elongation factor 1-alpha 1,9606,,,IC50,uM,UO_0000065,,10,,,,,,,,10000,,TRUE,TRUE,TRUE,FALSE,FALSE,FALSE,Inhibitory potency,TRUE,TRUE,FALSE,FALSE,Quantitative record requiring review,Lower apparent potency (>1 to 10 uM),TRUE,B,Inhibition of EEF1A1 (unknown origin) incubated for 1 hr by colloidal coomassie staining based LC-MS/MS analysis,Homo sapiens,,,,BAO_0000357,single protein format,9,CHEMBL1795120,D,CHEMBL5696440,,,9606,CHEMBL5696440,B,single protein format,CHEMBL1795120,TRUE,TRUE,TRUE,FALSE,TRUE,PUBLICATION,Inhibition of BET recruitment to chromatin as an effective treatment for MLL-fusion leukaemia.,"Recurrent chromosomal translocations involving the mixed lineage leukaemia (MLL) gene initiate aggressive forms of leukaemia, which are often refractory to conventional therapies. Many MLL-fusion partners are members of the super elongation complex (SEC), a critical regulator of transcriptional elongation, suggesting that aberrant control of this process has an important role in leukaemia induction. Here we use a global proteomic strategy to demonstrate that MLL fusions, as part of SEC and the polymerase-associated factor complex (PAFc), are associated with the BET family of acetyl-lysine recognizing, chromatin 'adaptor' proteins. These data provided the basis for therapeutic intervention in MLL-fusion leukaemia, via the displacement of the BET family of proteins from chromatin. We show that a novel small molecule inhibitor of the BET family, GSK1210151A (I-BET151), has profound efficacy against human and murine MLL-fusion leukaemic cell lines, through the induction of early cell cycle arrest and apoptosis. I-BET151 treatment in two human leukaemia cell lines with different MLL fusions alters the expression of a common set of genes whose function may account for these phenotypic changes. The mode of action of I-BET151 is, at least in part, due to the inhibition of transcription at key genes (BCL2, C-MYC and CDK6) through the displacement of BRD3/4, PAFc and SEC components from chromatin. In vivo studies indicate that I-BET151 has significant therapeutic value, providing survival benefit in two distinct mouse models of murine MLL-AF9 and human MLL-AF4 leukaemia. Finally, the efficacy of I-BET151 against human leukaemia stem cells is demonstrated, providing further evidence of its potent therapeutic potential. These findings establish the displacement of BET proteins from chromatin as a promising epigenetic therapy for these aggressive leukaemias.","Dawson MA, Prinjha RK, Dittmann A, Giotopoulos G, Bantscheff M, Chan WI, Robson SC, Chung CW, Hopf C, Savitski MM, Huthmacher C, Gudgin E, Lugo D, Beinke S, Chapman TD, Roberts EJ, Soden PE, Auger KR, Mirguet O, Doehner K, Delwel R, Burnett AK, Jeffrey P, Drewes G, Lee K, Huntly BJ, Kouzarides T.",Nature,,2011,478,7370,529,533,10.1038/nature10509,21964340,
RPL7,CHEMBL6066948,,26221782,,CHEMBL5652315,Binding affinity to human RPL7 incubated for 45 mins by Kinobead based pull down assay,B,,,BAO_0000034,BAO_0000357,single protein format,Cc1ccc(C(=O)Nc2cccc(C(F)(F)F)c2)cc1Nc1nc(-c2cccnc2)nc2nn(C)cc12,,,CHEMBL5649169,ChemMedChem,2018,,CHEMBL5653589,,CHEMBL5653589,4.91,0,http://www.openphacts.org/units/Nanomolar,4136306,=,72,1,=,,Kd,nM,,12290.41,CHEMBL6066948,Homo sapiens,Large ribosomal subunit protein uL30,9606,,,Kd(app),nM,UO_0000065,,12290.41,BINDING AGENT,"Binds to a substance such as a cell surface antigen, targeting a drug to that location, but not necessarily affecting the functioning of the substance itself",OTHER,9.75,0.18,-0.84,5.03,12290.41,4.91,TRUE,TRUE,TRUE,TRUE,FALSE,FALSE,Binding affinity,TRUE,FALSE,TRUE,FALSE,Tier 2: quantitative binding,Weak apparent potency (>10 uM),TRUE,B,Binding affinity to human RPL7 incubated for 45 mins by Kinobead based pull down assay,Homo sapiens,,,,BAO_0000357,single protein format,9,CHEMBL6066948,D,CHEMBL5649169,,,9606,CHEMBL5649169,B,single protein format,CHEMBL6066948,TRUE,TRUE,TRUE,FALSE,TRUE,PUBLICATION,NVP-BHG712: Effects of Regioisomers on the Affinity and Selectivity toward the EPHrin Family.,"Erythropoietin-producing hepatocellular (EPH) receptors are transmembrane receptor tyrosine kinases. Their extracellular domains bind specifically to ephrin A/B ligands, and this binding modulates intracellular kinase activity. EPHs are key players in bidirectional intercellular signaling, controlling cell morphology, adhesion, and migration. They are increasingly recognized as cancer drug targets. We analyzed the binding of NVP-BHG712 (NVP) to EPHA2 and EPHB4. Unexpectedly, all tested commercially available NVP samples turned out to be a regioisomer (NVPiso) of the inhibitor, initially described in a Novartis patent application. They only differ by the localization of a single methyl group on either one of two adjacent nitrogen atoms. The two compounds of identical mass revealed different binding modes. Furthermore, both in vitro and in vivo experiments showed that the isomers differ in their kinase affinity and selectivity.","Tröster A, Heinzlmeir S, Berger BT, Gande SL, Saxena K, Sreeramulu S, Linhard V, Nasiri AH, Bolte M, Müller S, Kuster B, Médard G, Kudlinzki D, Schwalbe H.",ChemMedChem,,2018,13,16,1629,1633,10.1002/cmdc.201800398,29928781,
RPL7,CHEMBL6066948,,26221783,,CHEMBL5652315,Binding affinity to human RPL7 incubated for 45 mins by Kinobead based pull down assay,B,,,BAO_0003036,BAO_0000357,single protein format,Cc1ccc(C(=O)Nc2cccc(C(F)(F)F)c2)cc1Nc1nc(-c2cccnc2)nc2nn(C)cc12,,,CHEMBL5649169,ChemMedChem,2018,,CHEMBL5653589,,CHEMBL5653589,4.91,0,http://www.openphacts.org/units/Nanomolar,4136306,=,72,0,=,,ED50,nM,,12290.41,CHEMBL6066948,Homo sapiens,Large ribosomal subunit protein uL30,9606,,,ED50,nM,UO_0000065,,12290.41,BINDING AGENT,"Binds to a substance such as a cell surface antigen, targeting a drug to that location, but not necessarily affecting the functioning of the substance itself",OTHER,,,,,12290.41,4.91,TRUE,TRUE,TRUE,TRUE,FALSE,FALSE,Functional dose response,TRUE,FALSE,FALSE,TRUE,Tier 3: quantitative functional response,Weak apparent potency (>10 uM),TRUE,B,Binding affinity to human RPL7 incubated for 45 mins by Kinobead based pull down assay,Homo sapiens,,,,BAO_0000357,single protein format,9,CHEMBL6066948,D,CHEMBL5649169,,,9606,CHEMBL5649169,B,single protein format,CHEMBL6066948,TRUE,TRUE,TRUE,FALSE,TRUE,PUBLICATION,NVP-BHG712: Effects of Regioisomers on the Affinity and Selectivity toward the EPHrin Family.,"Erythropoietin-producing hepatocellular (EPH) receptors are transmembrane receptor tyrosine kinases. Their extracellular domains bind specifically to ephrin A/B ligands, and this binding modulates intracellular kinase activity. EPHs are key players in bidirectional intercellular signaling, controlling cell morphology, adhesion, and migration. They are increasingly recognized as cancer drug targets. We analyzed the binding of NVP-BHG712 (NVP) to EPHA2 and EPHB4. Unexpectedly, all tested commercially available NVP samples turned out to be a regioisomer (NVPiso) of the inhibitor, initially described in a Novartis patent application. They only differ by the localization of a single methyl group on either one of two adjacent nitrogen atoms. The two compounds of identical mass revealed different binding modes. Furthermore, both in vitro and in vivo experiments showed that the isomers differ in their kinase affinity and selectivity.","Tröster A, Heinzlmeir S, Berger BT, Gande SL, Saxena K, Sreeramulu S, Linhard V, Nasiri AH, Bolte M, Müller S, Kuster B, Médard G, Kudlinzki D, Schwalbe H.",ChemMedChem,,2018,13,16,1629,1633,10.1002/cmdc.201800398,29928781,
RPL7,CHEMBL6066948,,26221784,,CHEMBL5652315,Binding affinity to human RPL7 incubated for 45 mins by Kinobead based pull down assay,B,,,BAO_0000034,BAO_0000357,single protein format,Cc1ccc(C(=O)Nc2cccc(C(F)(F)F)c2)cc1Nc1nc(-c2cccnc2)nc2c1cnn2C,,,CHEMBL5649169,ChemMedChem,2018,,CHEMBL3752910,,CHEMBL3752910,7.78,0,http://www.openphacts.org/units/Nanomolar,4136305,=,72,1,=,,Kd,nM,,16.7,CHEMBL6066948,Homo sapiens,Large ribosomal subunit protein uL30,9606,,,Kd(app),nM,UO_0000065,,16.697,BINDING AGENT,"Binds to a substance such as a cell surface antigen, targeting a drug to that location, but not necessarily affecting the functioning of the substance itself",OTHER,15.45,0.29,2.03,7.97,16.7,7.78,TRUE,TRUE,TRUE,TRUE,FALSE,FALSE,Binding affinity,TRUE,FALSE,TRUE,FALSE,Tier 2: quantitative binding,High apparent potency (>10 to 100 nM),TRUE,B,Binding affinity to human RPL7 incubated for 45 mins by Kinobead based pull down assay,Homo sapiens,,,,BAO_0000357,single protein format,9,CHEMBL6066948,D,CHEMBL5649169,,,9606,CHEMBL5649169,B,single protein format,CHEMBL6066948,TRUE,TRUE,TRUE,FALSE,TRUE,PUBLICATION,NVP-BHG712: Effects of Regioisomers on the Affinity and Selectivity toward the EPHrin Family.,"Erythropoietin-producing hepatocellular (EPH) receptors are transmembrane receptor tyrosine kinases. Their extracellular domains bind specifically to ephrin A/B ligands, and this binding modulates intracellular kinase activity. EPHs are key players in bidirectional intercellular signaling, controlling cell morphology, adhesion, and migration. They are increasingly recognized as cancer drug targets. We analyzed the binding of NVP-BHG712 (NVP) to EPHA2 and EPHB4. Unexpectedly, all tested commercially available NVP samples turned out to be a regioisomer (NVPiso) of the inhibitor, initially described in a Novartis patent application. They only differ by the localization of a single methyl group on either one of two adjacent nitrogen atoms. The two compounds of identical mass revealed different binding modes. Furthermore, both in vitro and in vivo experiments showed that the isomers differ in their kinase affinity and selectivity.","Tröster A, Heinzlmeir S, Berger BT, Gande SL, Saxena K, Sreeramulu S, Linhard V, Nasiri AH, Bolte M, Müller S, Kuster B, Médard G, Kudlinzki D, Schwalbe H.",ChemMedChem,,2018,13,16,1629,1633,10.1002/cmdc.201800398,29928781,
RPL7,CHEMBL6066948,,26221785,,CHEMBL5652315,Binding affinity to human RPL7 incubated for 45 mins by Kinobead based pull down assay,B,,,BAO_0003036,BAO_0000357,single protein format,Cc1ccc(C(=O)Nc2cccc(C(F)(F)F)c2)cc1Nc1nc(-c2cccnc2)nc2c1cnn2C,,,CHEMBL5649169,ChemMedChem,2018,,CHEMBL3752910,,CHEMBL3752910,7.78,0,http://www.openphacts.org/units/Nanomolar,4136305,=,72,0,=,,ED50,nM,,16.7,CHEMBL6066948,Homo sapiens,Large ribosomal subunit protein uL30,9606,,,ED50,nM,UO_0000065,,16.697,BINDING AGENT,"Binds to a substance such as a cell surface antigen, targeting a drug to that location, but not necessarily affecting the functioning of the substance itself",OTHER,,,,,16.7,7.78,TRUE,TRUE,TRUE,TRUE,FALSE,FALSE,Functional dose response,TRUE,FALSE,FALSE,TRUE,Tier 3: quantitative functional response,High apparent potency (>10 to 100 nM),TRUE,B,Binding affinity to human RPL7 incubated for 45 mins by Kinobead based pull down assay,Homo sapiens,,,,BAO_0000357,single protein format,9,CHEMBL6066948,D,CHEMBL5649169,,,9606,CHEMBL5649169,B,single protein format,CHEMBL6066948,TRUE,TRUE,TRUE,FALSE,TRUE,PUBLICATION,NVP-BHG712: Effects of Regioisomers on the Affinity and Selectivity toward the EPHrin Family.,"Erythropoietin-producing hepatocellular (EPH) receptors are transmembrane receptor tyrosine kinases. Their extracellular domains bind specifically to ephrin A/B ligands, and this binding modulates intracellular kinase activity. EPHs are key players in bidirectional intercellular signaling, controlling cell morphology, adhesion, and migration. They are increasingly recognized as cancer drug targets. We analyzed the binding of NVP-BHG712 (NVP) to EPHA2 and EPHB4. Unexpectedly, all tested commercially available NVP samples turned out to be a regioisomer (NVPiso) of the inhibitor, initially described in a Novartis patent application. They only differ by the localization of a single methyl group on either one of two adjacent nitrogen atoms. The two compounds of identical mass revealed different binding modes. Furthermore, both in vitro and in vivo experiments showed that the isomers differ in their kinase affinity and selectivity.","Tröster A, Heinzlmeir S, Berger BT, Gande SL, Saxena K, Sreeramulu S, Linhard V, Nasiri AH, Bolte M, Müller S, Kuster B, Médard G, Kudlinzki D, Schwalbe H.",ChemMedChem,,2018,13,16,1629,1633,10.1002/cmdc.201800398,29928781,
RPS2,CHEMBL6066954,,26221858,,CHEMBL5652335,Binding affinity to human RPS2 incubated for 45 mins by Kinobead based pull down assay,B,,,BAO_0000034,BAO_0000357,single protein format,Cc1ccc(C(=O)Nc2cccc(C(F)(F)F)c2)cc1Nc1nc(-c2cccnc2)nc2nn(C)cc12,,,CHEMBL5649169,ChemMedChem,2018,,CHEMBL5653589,,CHEMBL5653589,5.74,0,http://www.openphacts.org/units/Nanomolar,4136306,=,72,1,=,,Kd,nM,,1825.35,CHEMBL6066954,Homo sapiens,Small ribosomal subunit protein uS5,9606,,,Kd(app),nM,UO_0000065,,1825.345,BINDING AGENT,"Binds to a substance such as a cell surface antigen, targeting a drug to that location, but not necessarily affecting the functioning of the substance itself",OTHER,11.4,0.21,-0.01,5.88,1825.35,5.74,TRUE,TRUE,TRUE,TRUE,FALSE,FALSE,Binding affinity,TRUE,FALSE,TRUE,FALSE,Tier 2: quantitative binding,Lower apparent potency (>1 to 10 uM),TRUE,B,Binding affinity to human RPS2 incubated for 45 mins by Kinobead based pull down assay,Homo sapiens,,,,BAO_0000357,single protein format,9,CHEMBL6066954,D,CHEMBL5649169,,,9606,CHEMBL5649169,B,single protein format,CHEMBL6066954,TRUE,TRUE,TRUE,FALSE,TRUE,PUBLICATION,NVP-BHG712: Effects of Regioisomers on the Affinity and Selectivity toward the EPHrin Family.,"Erythropoietin-producing hepatocellular (EPH) receptors are transmembrane receptor tyrosine kinases. Their extracellular domains bind specifically to ephrin A/B ligands, and this binding modulates intracellular kinase activity. EPHs are key players in bidirectional intercellular signaling, controlling cell morphology, adhesion, and migration. They are increasingly recognized as cancer drug targets. We analyzed the binding of NVP-BHG712 (NVP) to EPHA2 and EPHB4. Unexpectedly, all tested commercially available NVP samples turned out to be a regioisomer (NVPiso) of the inhibitor, initially described in a Novartis patent application. They only differ by the localization of a single methyl group on either one of two adjacent nitrogen atoms. The two compounds of identical mass revealed different binding modes. Furthermore, both in vitro and in vivo experiments showed that the isomers differ in their kinase affinity and selectivity.","Tröster A, Heinzlmeir S, Berger BT, Gande SL, Saxena K, Sreeramulu S, Linhard V, Nasiri AH, Bolte M, Müller S, Kuster B, Médard G, Kudlinzki D, Schwalbe H.",ChemMedChem,,2018,13,16,1629,1633,10.1002/cmdc.201800398,29928781,
RPS2,CHEMBL6066954,,26221859,,CHEMBL5652335,Binding affinity to human RPS2 incubated for 45 mins by Kinobead based pull down assay,B,,,BAO_0003036,BAO_0000357,single protein format,Cc1ccc(C(=O)Nc2cccc(C(F)(F)F)c2)cc1Nc1nc(-c2cccnc2)nc2nn(C)cc12,,,CHEMBL5649169,ChemMedChem,2018,,CHEMBL5653589,,CHEMBL5653589,5.74,0,http://www.openphacts.org/units/Nanomolar,4136306,=,72,0,=,,ED50,nM,,1825.35,CHEMBL6066954,Homo sapiens,Small ribosomal subunit protein uS5,9606,,,ED50,nM,UO_0000065,,1825.345,BINDING AGENT,"Binds to a substance such as a cell surface antigen, targeting a drug to that location, but not necessarily affecting the functioning of the substance itself",OTHER,,,,,1825.35,5.74,TRUE,TRUE,TRUE,TRUE,FALSE,FALSE,Functional dose response,TRUE,FALSE,FALSE,TRUE,Tier 3: quantitative functional response,Lower apparent potency (>1 to 10 uM),TRUE,B,Binding affinity to human RPS2 incubated for 45 mins by Kinobead based pull down assay,Homo sapiens,,,,BAO_0000357,single protein format,9,CHEMBL6066954,D,CHEMBL5649169,,,9606,CHEMBL5649169,B,single protein format,CHEMBL6066954,TRUE,TRUE,TRUE,FALSE,TRUE,PUBLICATION,NVP-BHG712: Effects of Regioisomers on the Affinity and Selectivity toward the EPHrin Family.,"Erythropoietin-producing hepatocellular (EPH) receptors are transmembrane receptor tyrosine kinases. Their extracellular domains bind specifically to ephrin A/B ligands, and this binding modulates intracellular kinase activity. EPHs are key players in bidirectional intercellular signaling, controlling cell morphology, adhesion, and migration. They are increasingly recognized as cancer drug targets. We analyzed the binding of NVP-BHG712 (NVP) to EPHA2 and EPHB4. Unexpectedly, all tested commercially available NVP samples turned out to be a regioisomer (NVPiso) of the inhibitor, initially described in a Novartis patent application. They only differ by the localization of a single methyl group on either one of two adjacent nitrogen atoms. The two compounds of identical mass revealed different binding modes. Furthermore, both in vitro and in vivo experiments showed that the isomers differ in their kinase affinity and selectivity.","Tröster A, Heinzlmeir S, Berger BT, Gande SL, Saxena K, Sreeramulu S, Linhard V, Nasiri AH, Bolte M, Müller S, Kuster B, Médard G, Kudlinzki D, Schwalbe H.",ChemMedChem,,2018,13,16,1629,1633,10.1002/cmdc.201800398,29928781,
RPS2,CHEMBL6066954,,26221860,,CHEMBL5652335,Binding affinity to human RPS2 incubated for 45 mins by Kinobead based pull down assay,B,,,BAO_0000034,BAO_0000357,single protein format,Cc1ccc(C(=O)Nc2cccc(C(F)(F)F)c2)cc1Nc1nc(-c2cccnc2)nc2c1cnn2C,,,CHEMBL5649169,ChemMedChem,2018,,CHEMBL3752910,,CHEMBL3752910,7.09,0,http://www.openphacts.org/units/Nanomolar,4136305,=,72,1,=,,Kd,nM,,80.43,CHEMBL6066954,Homo sapiens,Small ribosomal subunit protein uS5,9606,,,Kd(app),nM,UO_0000065,,80.432,BINDING AGENT,"Binds to a substance such as a cell surface antigen, targeting a drug to that location, but not necessarily affecting the functioning of the substance itself",OTHER,14.09,0.26,1.34,7.27,80.43,7.09,TRUE,TRUE,TRUE,TRUE,FALSE,FALSE,Binding affinity,TRUE,FALSE,TRUE,FALSE,Tier 2: quantitative binding,High apparent potency (>10 to 100 nM),TRUE,B,Binding affinity to human RPS2 incubated for 45 mins by Kinobead based pull down assay,Homo sapiens,,,,BAO_0000357,single protein format,9,CHEMBL6066954,D,CHEMBL5649169,,,9606,CHEMBL5649169,B,single protein format,CHEMBL6066954,TRUE,TRUE,TRUE,FALSE,TRUE,PUBLICATION,NVP-BHG712: Effects of Regioisomers on the Affinity and Selectivity toward the EPHrin Family.,"Erythropoietin-producing hepatocellular (EPH) receptors are transmembrane receptor tyrosine kinases. Their extracellular domains bind specifically to ephrin A/B ligands, and this binding modulates intracellular kinase activity. EPHs are key players in bidirectional intercellular signaling, controlling cell morphology, adhesion, and migration. They are increasingly recognized as cancer drug targets. We analyzed the binding of NVP-BHG712 (NVP) to EPHA2 and EPHB4. Unexpectedly, all tested commercially available NVP samples turned out to be a regioisomer (NVPiso) of the inhibitor, initially described in a Novartis patent application. They only differ by the localization of a single methyl group on either one of two adjacent nitrogen atoms. The two compounds of identical mass revealed different binding modes. Furthermore, both in vitro and in vivo experiments showed that the isomers differ in their kinase affinity and selectivity.","Tröster A, Heinzlmeir S, Berger BT, Gande SL, Saxena K, Sreeramulu S, Linhard V, Nasiri AH, Bolte M, Müller S, Kuster B, Médard G, Kudlinzki D, Schwalbe H.",ChemMedChem,,2018,13,16,1629,1633,10.1002/cmdc.201800398,29928781,
RPS2,CHEMBL6066954,,26221861,,CHEMBL5652335,Binding affinity to human RPS2 incubated for 45 mins by Kinobead based pull down assay,B,,,BAO_0003036,BAO_0000357,single protein format,Cc1ccc(C(=O)Nc2cccc(C(F)(F)F)c2)cc1Nc1nc(-c2cccnc2)nc2c1cnn2C,,,CHEMBL5649169,ChemMedChem,2018,,CHEMBL3752910,,CHEMBL3752910,7.09,0,http://www.openphacts.org/units/Nanomolar,4136305,=,72,0,=,,ED50,nM,,80.43,CHEMBL6066954,Homo sapiens,Small ribosomal subunit protein uS5,9606,,,ED50,nM,UO_0000065,,80.432,BINDING AGENT,"Binds to a substance such as a cell surface antigen, targeting a drug to that location, but not necessarily affecting the functioning of the substance itself",OTHER,,,,,80.43,7.09,TRUE,TRUE,TRUE,TRUE,FALSE,FALSE,Functional dose response,TRUE,FALSE,FALSE,TRUE,Tier 3: quantitative functional response,High apparent potency (>10 to 100 nM),TRUE,B,Binding affinity to human RPS2 incubated for 45 mins by Kinobead based pull down assay,Homo sapiens,,,,BAO_0000357,single protein format,9,CHEMBL6066954,D,CHEMBL5649169,,,9606,CHEMBL5649169,B,single protein format,CHEMBL6066954,TRUE,TRUE,TRUE,FALSE,TRUE,PUBLICATION,NVP-BHG712: Effects of Regioisomers on the Affinity and Selectivity toward the EPHrin Family.,"Erythropoietin-producing hepatocellular (EPH) receptors are transmembrane receptor tyrosine kinases. Their extracellular domains bind specifically to ephrin A/B ligands, and this binding modulates intracellular kinase activity. EPHs are key players in bidirectional intercellular signaling, controlling cell morphology, adhesion, and migration. They are increasingly recognized as cancer drug targets. We analyzed the binding of NVP-BHG712 (NVP) to EPHA2 and EPHB4. Unexpectedly, all tested commercially available NVP samples turned out to be a regioisomer (NVPiso) of the inhibitor, initially described in a Novartis patent application. They only differ by the localization of a single methyl group on either one of two adjacent nitrogen atoms. The two compounds of identical mass revealed different binding modes. Furthermore, both in vitro and in vivo experiments showed that the isomers differ in their kinase affinity and selectivity.","Tröster A, Heinzlmeir S, Berger BT, Gande SL, Saxena K, Sreeramulu S, Linhard V, Nasiri AH, Bolte M, Müller S, Kuster B, Médard G, Kudlinzki D, Schwalbe H.",ChemMedChem,,2018,13,16,1629,1633,10.1002/cmdc.201800398,29928781,
RPL3,CHEMBL6066907,,26221738,,CHEMBL5652302,Binding affinity to human RPL3 incubated for 45 mins by Kinobead based pull down assay,B,,,BAO_0000034,BAO_0000357,single protein format,Cc1ccc(C(=O)Nc2cccc(C(F)(F)F)c2)cc1Nc1nc(-c2cccnc2)nc2nn(C)cc12,,,CHEMBL5649169,ChemMedChem,2018,,CHEMBL5653589,,CHEMBL5653589,4.98,0,http://www.openphacts.org/units/Nanomolar,4136306,=,72,1,=,,Kd,nM,,10412.18,CHEMBL6066907,Homo sapiens,Large ribosomal subunit protein uL3,9606,,,Kd(app),nM,UO_0000065,,10412.178,BINDING AGENT,"Binds to a substance such as a cell surface antigen, targeting a drug to that location, but not necessarily affecting the functioning of the substance itself",OTHER,9.9,0.18,-0.77,5.1,10412.18,4.98,TRUE,TRUE,TRUE,TRUE,FALSE,FALSE,Binding affinity,TRUE,FALSE,TRUE,FALSE,Tier 2: quantitative binding,Weak apparent potency (>10 uM),TRUE,B,Binding affinity to human RPL3 incubated for 45 mins by Kinobead based pull down assay,Homo sapiens,,,,BAO_0000357,single protein format,9,CHEMBL6066907,D,CHEMBL5649169,,,9606,CHEMBL5649169,B,single protein format,CHEMBL6066907,TRUE,TRUE,TRUE,FALSE,TRUE,PUBLICATION,NVP-BHG712: Effects of Regioisomers on the Affinity and Selectivity toward the EPHrin Family.,"Erythropoietin-producing hepatocellular (EPH) receptors are transmembrane receptor tyrosine kinases. Their extracellular domains bind specifically to ephrin A/B ligands, and this binding modulates intracellular kinase activity. EPHs are key players in bidirectional intercellular signaling, controlling cell morphology, adhesion, and migration. They are increasingly recognized as cancer drug targets. We analyzed the binding of NVP-BHG712 (NVP) to EPHA2 and EPHB4. Unexpectedly, all tested commercially available NVP samples turned out to be a regioisomer (NVPiso) of the inhibitor, initially described in a Novartis patent application. They only differ by the localization of a single methyl group on either one of two adjacent nitrogen atoms. The two compounds of identical mass revealed different binding modes. Furthermore, both in vitro and in vivo experiments showed that the isomers differ in their kinase affinity and selectivity.","Tröster A, Heinzlmeir S, Berger BT, Gande SL, Saxena K, Sreeramulu S, Linhard V, Nasiri AH, Bolte M, Müller S, Kuster B, Médard G, Kudlinzki D, Schwalbe H.",ChemMedChem,,2018,13,16,1629,1633,10.1002/cmdc.201800398,29928781,
RPL3,CHEMBL6066907,,26221739,,CHEMBL5652302,Binding affinity to human RPL3 incubated for 45 mins by Kinobead based pull down assay,B,,,BAO_0003036,BAO_0000357,single protein format,Cc1ccc(C(=O)Nc2cccc(C(F)(F)F)c2)cc1Nc1nc(-c2cccnc2)nc2nn(C)cc12,,,CHEMBL5649169,ChemMedChem,2018,,CHEMBL5653589,,CHEMBL5653589,4.98,0,http://www.openphacts.org/units/Nanomolar,4136306,=,72,0,=,,ED50,nM,,10412.18,CHEMBL6066907,Homo sapiens,Large ribosomal subunit protein uL3,9606,,,ED50,nM,UO_0000065,,10412.178,BINDING AGENT,"Binds to a substance such as a cell surface antigen, targeting a drug to that location, but not necessarily affecting the functioning of the substance itself",OTHER,,,,,10412.18,4.98,TRUE,TRUE,TRUE,TRUE,FALSE,FALSE,Functional dose response,TRUE,FALSE,FALSE,TRUE,Tier 3: quantitative functional response,Weak apparent potency (>10 uM),TRUE,B,Binding affinity to human RPL3 incubated for 45 mins by Kinobead based pull down assay,Homo sapiens,,,,BAO_0000357,single protein format,9,CHEMBL6066907,D,CHEMBL5649169,,,9606,CHEMBL5649169,B,single protein format,CHEMBL6066907,TRUE,TRUE,TRUE,FALSE,TRUE,PUBLICATION,NVP-BHG712: Effects of Regioisomers on the Affinity and Selectivity toward the EPHrin Family.,"Erythropoietin-producing hepatocellular (EPH) receptors are transmembrane receptor tyrosine kinases. Their extracellular domains bind specifically to ephrin A/B ligands, and this binding modulates intracellular kinase activity. EPHs are key players in bidirectional intercellular signaling, controlling cell morphology, adhesion, and migration. They are increasingly recognized as cancer drug targets. We analyzed the binding of NVP-BHG712 (NVP) to EPHA2 and EPHB4. Unexpectedly, all tested commercially available NVP samples turned out to be a regioisomer (NVPiso) of the inhibitor, initially described in a Novartis patent application. They only differ by the localization of a single methyl group on either one of two adjacent nitrogen atoms. The two compounds of identical mass revealed different binding modes. Furthermore, both in vitro and in vivo experiments showed that the isomers differ in their kinase affinity and selectivity.","Tröster A, Heinzlmeir S, Berger BT, Gande SL, Saxena K, Sreeramulu S, Linhard V, Nasiri AH, Bolte M, Müller S, Kuster B, Médard G, Kudlinzki D, Schwalbe H.",ChemMedChem,,2018,13,16,1629,1633,10.1002/cmdc.201800398,29928781,
RPL3,CHEMBL6066907,,26221740,,CHEMBL5652302,Binding affinity to human RPL3 incubated for 45 mins by Kinobead based pull down assay,B,,,BAO_0000034,BAO_0000357,single protein format,Cc1ccc(C(=O)Nc2cccc(C(F)(F)F)c2)cc1Nc1nc(-c2cccnc2)nc2c1cnn2C,,,CHEMBL5649169,ChemMedChem,2018,,CHEMBL3752910,,CHEMBL3752910,5.58,0,http://www.openphacts.org/units/Nanomolar,4136305,=,72,1,=,,Kd,nM,,2638.87,CHEMBL6066907,Homo sapiens,Large ribosomal subunit protein uL3,9606,,,Kd(app),nM,UO_0000065,,2638.869,BINDING AGENT,"Binds to a substance such as a cell surface antigen, targeting a drug to that location, but not necessarily affecting the functioning of the substance itself",OTHER,11.08,0.21,-0.17,5.71,2638.87,5.58,TRUE,TRUE,TRUE,TRUE,FALSE,FALSE,Binding affinity,TRUE,FALSE,TRUE,FALSE,Tier 2: quantitative binding,Lower apparent potency (>1 to 10 uM),TRUE,B,Binding affinity to human RPL3 incubated for 45 mins by Kinobead based pull down assay,Homo sapiens,,,,BAO_0000357,single protein format,9,CHEMBL6066907,D,CHEMBL5649169,,,9606,CHEMBL5649169,B,single protein format,CHEMBL6066907,TRUE,TRUE,TRUE,FALSE,TRUE,PUBLICATION,NVP-BHG712: Effects of Regioisomers on the Affinity and Selectivity toward the EPHrin Family.,"Erythropoietin-producing hepatocellular (EPH) receptors are transmembrane receptor tyrosine kinases. Their extracellular domains bind specifically to ephrin A/B ligands, and this binding modulates intracellular kinase activity. EPHs are key players in bidirectional intercellular signaling, controlling cell morphology, adhesion, and migration. They are increasingly recognized as cancer drug targets. We analyzed the binding of NVP-BHG712 (NVP) to EPHA2 and EPHB4. Unexpectedly, all tested commercially available NVP samples turned out to be a regioisomer (NVPiso) of the inhibitor, initially described in a Novartis patent application. They only differ by the localization of a single methyl group on either one of two adjacent nitrogen atoms. The two compounds of identical mass revealed different binding modes. Furthermore, both in vitro and in vivo experiments showed that the isomers differ in their kinase affinity and selectivity.","Tröster A, Heinzlmeir S, Berger BT, Gande SL, Saxena K, Sreeramulu S, Linhard V, Nasiri AH, Bolte M, Müller S, Kuster B, Médard G, Kudlinzki D, Schwalbe H.",ChemMedChem,,2018,13,16,1629,1633,10.1002/cmdc.201800398,29928781,
RPL3,CHEMBL6066907,,26221741,,CHEMBL5652302,Binding affinity to human RPL3 incubated for 45 mins by Kinobead based pull down assay,B,,,BAO_0003036,BAO_0000357,single protein format,Cc1ccc(C(=O)Nc2cccc(C(F)(F)F)c2)cc1Nc1nc(-c2cccnc2)nc2c1cnn2C,,,CHEMBL5649169,ChemMedChem,2018,,CHEMBL3752910,,CHEMBL3752910,5.58,0,http://www.openphacts.org/units/Nanomolar,4136305,=,72,0,=,,ED50,nM,,2638.87,CHEMBL6066907,Homo sapiens,Large ribosomal subunit protein uL3,9606,,,ED50,nM,UO_0000065,,2638.869,BINDING AGENT,"Binds to a substance such as a cell surface antigen, targeting a drug to that location, but not necessarily affecting the functioning of the substance itself",OTHER,,,,,2638.87,5.58,TRUE,TRUE,TRUE,TRUE,FALSE,FALSE,Functional dose response,TRUE,FALSE,FALSE,TRUE,Tier 3: quantitative functional response,Lower apparent potency (>1 to 10 uM),TRUE,B,Binding affinity to human RPL3 incubated for 45 mins by Kinobead based pull down assay,Homo sapiens,,,,BAO_0000357,single protein format,9,CHEMBL6066907,D,CHEMBL5649169,,,9606,CHEMBL5649169,B,single protein format,CHEMBL6066907,TRUE,TRUE,TRUE,FALSE,TRUE,PUBLICATION,NVP-BHG712: Effects of Regioisomers on the Affinity and Selectivity toward the EPHrin Family.,"Erythropoietin-producing hepatocellular (EPH) receptors are transmembrane receptor tyrosine kinases. Their extracellular domains bind specifically to ephrin A/B ligands, and this binding modulates intracellular kinase activity. EPHs are key players in bidirectional intercellular signaling, controlling cell morphology, adhesion, and migration. They are increasingly recognized as cancer drug targets. We analyzed the binding of NVP-BHG712 (NVP) to EPHA2 and EPHB4. Unexpectedly, all tested commercially available NVP samples turned out to be a regioisomer (NVPiso) of the inhibitor, initially described in a Novartis patent application. They only differ by the localization of a single methyl group on either one of two adjacent nitrogen atoms. The two compounds of identical mass revealed different binding modes. Furthermore, both in vitro and in vivo experiments showed that the isomers differ in their kinase affinity and selectivity.","Tröster A, Heinzlmeir S, Berger BT, Gande SL, Saxena K, Sreeramulu S, Linhard V, Nasiri AH, Bolte M, Müller S, Kuster B, Médard G, Kudlinzki D, Schwalbe H.",ChemMedChem,,2018,13,16,1629,1633,10.1002/cmdc.201800398,29928781,
RPS3A,CHEMBL6067564,,26221910,,CHEMBL5652348,Binding affinity to human RPS3A incubated for 45 mins by Kinobead based pull down assay,B,,,BAO_0000034,BAO_0000357,single protein format,Cc1ccc(C(=O)Nc2cccc(C(F)(F)F)c2)cc1Nc1nc(-c2cccnc2)nc2c1cnn2C,,,CHEMBL5649169,ChemMedChem,2018,,CHEMBL3752910,,CHEMBL3752910,5.61,0,http://www.openphacts.org/units/Nanomolar,4136305,=,72,1,=,,Kd,nM,,2452.47,CHEMBL6067564,Homo sapiens,Small ribosomal subunit protein eS1,9606,,,Kd(app),nM,UO_0000065,,2452.469,BINDING AGENT,"Binds to a substance such as a cell surface antigen, targeting a drug to that location, but not necessarily affecting the functioning of the substance itself",OTHER,11.14,0.21,-0.14,5.75,2452.47,5.61,TRUE,TRUE,TRUE,TRUE,FALSE,FALSE,Binding affinity,TRUE,FALSE,TRUE,FALSE,Tier 2: quantitative binding,Lower apparent potency (>1 to 10 uM),TRUE,B,Binding affinity to human RPS3A incubated for 45 mins by Kinobead based pull down assay,Homo sapiens,,,,BAO_0000357,single protein format,9,CHEMBL6067564,D,CHEMBL5649169,,,9606,CHEMBL5649169,B,single protein format,CHEMBL6067564,TRUE,TRUE,TRUE,FALSE,TRUE,PUBLICATION,NVP-BHG712: Effects of Regioisomers on the Affinity and Selectivity toward the EPHrin Family.,"Erythropoietin-producing hepatocellular (EPH) receptors are transmembrane receptor tyrosine kinases. Their extracellular domains bind specifically to ephrin A/B ligands, and this binding modulates intracellular kinase activity. EPHs are key players in bidirectional intercellular signaling, controlling cell morphology, adhesion, and migration. They are increasingly recognized as cancer drug targets. We analyzed the binding of NVP-BHG712 (NVP) to EPHA2 and EPHB4. Unexpectedly, all tested commercially available NVP samples turned out to be a regioisomer (NVPiso) of the inhibitor, initially described in a Novartis patent application. They only differ by the localization of a single methyl group on either one of two adjacent nitrogen atoms. The two compounds of identical mass revealed different binding modes. Furthermore, both in vitro and in vivo experiments showed that the isomers differ in their kinase affinity and selectivity.","Tröster A, Heinzlmeir S, Berger BT, Gande SL, Saxena K, Sreeramulu S, Linhard V, Nasiri AH, Bolte M, Müller S, Kuster B, Médard G, Kudlinzki D, Schwalbe H.",ChemMedChem,,2018,13,16,1629,1633,10.1002/cmdc.201800398,29928781,
RPS3A,CHEMBL6067564,,26221911,,CHEMBL5652348,Binding affinity to human RPS3A incubated for 45 mins by Kinobead based pull down assay,B,,,BAO_0003036,BAO_0000357,single protein format,Cc1ccc(C(=O)Nc2cccc(C(F)(F)F)c2)cc1Nc1nc(-c2cccnc2)nc2c1cnn2C,,,CHEMBL5649169,ChemMedChem,2018,,CHEMBL3752910,,CHEMBL3752910,5.61,0,http://www.openphacts.org/units/Nanomolar,4136305,=,72,0,=,,ED50,nM,,2452.47,CHEMBL6067564,Homo sapiens,Small ribosomal subunit protein eS1,9606,,,ED50,nM,UO_0000065,,2452.469,BINDING AGENT,"Binds to a substance such as a cell surface antigen, targeting a drug to that location, but not necessarily affecting the functioning of the substance itself",OTHER,,,,,2452.47,5.61,TRUE,TRUE,TRUE,TRUE,FALSE,FALSE,Functional dose response,TRUE,FALSE,FALSE,TRUE,Tier 3: quantitative functional response,Lower apparent potency (>1 to 10 uM),TRUE,B,Binding affinity to human RPS3A incubated for 45 mins by Kinobead based pull down assay,Homo sapiens,,,,BAO_0000357,single protein format,9,CHEMBL6067564,D,CHEMBL5649169,,,9606,CHEMBL5649169,B,single protein format,CHEMBL6067564,TRUE,TRUE,TRUE,FALSE,TRUE,PUBLICATION,NVP-BHG712: Effects of Regioisomers on the Affinity and Selectivity toward the EPHrin Family.,"Erythropoietin-producing hepatocellular (EPH) receptors are transmembrane receptor tyrosine kinases. Their extracellular domains bind specifically to ephrin A/B ligands, and this binding modulates intracellular kinase activity. EPHs are key players in bidirectional intercellular signaling, controlling cell morphology, adhesion, and migration. They are increasingly recognized as cancer drug targets. We analyzed the binding of NVP-BHG712 (NVP) to EPHA2 and EPHB4. Unexpectedly, all tested commercially available NVP samples turned out to be a regioisomer (NVPiso) of the inhibitor, initially described in a Novartis patent application. They only differ by the localization of a single methyl group on either one of two adjacent nitrogen atoms. The two compounds of identical mass revealed different binding modes. Furthermore, both in vitro and in vivo experiments showed that the isomers differ in their kinase affinity and selectivity.","Tröster A, Heinzlmeir S, Berger BT, Gande SL, Saxena K, Sreeramulu S, Linhard V, Nasiri AH, Bolte M, Müller S, Kuster B, Médard G, Kudlinzki D, Schwalbe H.",ChemMedChem,,2018,13,16,1629,1633,10.1002/cmdc.201800398,29928781,
RPS3A,CHEMBL6067564,,26298629,,CHEMBL5697496,Inhibition of RPS3A (unknown origin) assessed as fold change at 10 uM incubated for 1 hr by colloidal coomassie staining based LC-MS/MS analysis,B,,,BAO_0000179,BAO_0000357,single protein format,CCNC(=O)C[C@@H]1N=C(c2ccc(Cl)cc2)c2cc(OC)ccc2-n2c(C)nnc21,,,CHEMBL5696440,Nature,2011,,CHEMBL1232461,MOLIBRESIB,CHEMBL1232461,,0,,4139758,=,72,0,=,,FC,,,0.561,CHEMBL6067564,Homo sapiens,Small ribosomal subunit protein eS1,9606,,,FC,,,,0.561,INHIBITOR,"Negatively effects (inhibits) the normal functioning of the protein e.g., prevention of enzymatic reaction or activation of downstream pathway",NEGATIVE MODULATOR,,,,,0.561,,TRUE,TRUE,,TRUE,FALSE,FALSE,Contextual activity,FALSE,FALSE,FALSE,FALSE,Contextual record,Not concentration-ranked,TRUE,B,Inhibition of RPS3A (unknown origin) assessed as fold change at 10 uM incubated for 1 hr by colloidal coomassie staining based LC-MS/MS analysis,Homo sapiens,,,,BAO_0000357,single protein format,9,CHEMBL6067564,D,CHEMBL5696440,,,9606,CHEMBL5696440,B,single protein format,CHEMBL6067564,TRUE,TRUE,TRUE,FALSE,TRUE,PUBLICATION,Inhibition of BET recruitment to chromatin as an effective treatment for MLL-fusion leukaemia.,"Recurrent chromosomal translocations involving the mixed lineage leukaemia (MLL) gene initiate aggressive forms of leukaemia, which are often refractory to conventional therapies. Many MLL-fusion partners are members of the super elongation complex (SEC), a critical regulator of transcriptional elongation, suggesting that aberrant control of this process has an important role in leukaemia induction. Here we use a global proteomic strategy to demonstrate that MLL fusions, as part of SEC and the polymerase-associated factor complex (PAFc), are associated with the BET family of acetyl-lysine recognizing, chromatin 'adaptor' proteins. These data provided the basis for therapeutic intervention in MLL-fusion leukaemia, via the displacement of the BET family of proteins from chromatin. We show that a novel small molecule inhibitor of the BET family, GSK1210151A (I-BET151), has profound efficacy against human and murine MLL-fusion leukaemic cell lines, through the induction of early cell cycle arrest and apoptosis. I-BET151 treatment in two human leukaemia cell lines with different MLL fusions alters the expression of a common set of genes whose function may account for these phenotypic changes. The mode of action of I-BET151 is, at least in part, due to the inhibition of transcription at key genes (BCL2, C-MYC and CDK6) through the displacement of BRD3/4, PAFc and SEC components from chromatin. In vivo studies indicate that I-BET151 has significant therapeutic value, providing survival benefit in two distinct mouse models of murine MLL-AF9 and human MLL-AF4 leukaemia. Finally, the efficacy of I-BET151 against human leukaemia stem cells is demonstrated, providing further evidence of its potent therapeutic potential. These findings establish the displacement of BET proteins from chromatin as a promising epigenetic therapy for these aggressive leukaemias.","Dawson MA, Prinjha RK, Dittmann A, Giotopoulos G, Bantscheff M, Chan WI, Robson SC, Chung CW, Hopf C, Savitski MM, Huthmacher C, Gudgin E, Lugo D, Beinke S, Chapman TD, Roberts EJ, Soden PE, Auger KR, Mirguet O, Doehner K, Delwel R, Burnett AK, Jeffrey P, Drewes G, Lee K, Huntly BJ, Kouzarides T.",Nature,,2011,478,7370,529,533,10.1038/nature10509,21964340,
RPS3A,CHEMBL6067564,,26299329,,CHEMBL5698196,Inhibition of RPS3A (unknown origin) assessed as fold change at 2 uM incubated for 1 hr by colloidal coomassie staining based LC-MS/MS analysis,B,,,BAO_0000179,BAO_0000357,single protein format,CCNC(=O)C[C@@H]1N=C(c2ccc(Cl)cc2)c2cc(OC)ccc2-n2c(C)nnc21,,,CHEMBL5696440,Nature,2011,,CHEMBL1232461,MOLIBRESIB,CHEMBL1232461,,0,,4139758,=,72,0,=,,FC,,,0.364,CHEMBL6067564,Homo sapiens,Small ribosomal subunit protein eS1,9606,,,FC,,,,0.364,INHIBITOR,"Negatively effects (inhibits) the normal functioning of the protein e.g., prevention of enzymatic reaction or activation of downstream pathway",NEGATIVE MODULATOR,,,,,0.364,,TRUE,TRUE,,TRUE,FALSE,FALSE,Contextual activity,FALSE,FALSE,FALSE,FALSE,Contextual record,Not concentration-ranked,TRUE,B,Inhibition of RPS3A (unknown origin) assessed as fold change at 2 uM incubated for 1 hr by colloidal coomassie staining based LC-MS/MS analysis,Homo sapiens,,,,BAO_0000357,single protein format,9,CHEMBL6067564,D,CHEMBL5696440,,,9606,CHEMBL5696440,B,single protein format,CHEMBL6067564,TRUE,TRUE,TRUE,FALSE,TRUE,PUBLICATION,Inhibition of BET recruitment to chromatin as an effective treatment for MLL-fusion leukaemia.,"Recurrent chromosomal translocations involving the mixed lineage leukaemia (MLL) gene initiate aggressive forms of leukaemia, which are often refractory to conventional therapies. Many MLL-fusion partners are members of the super elongation complex (SEC), a critical regulator of transcriptional elongation, suggesting that aberrant control of this process has an important role in leukaemia induction. Here we use a global proteomic strategy to demonstrate that MLL fusions, as part of SEC and the polymerase-associated factor complex (PAFc), are associated with the BET family of acetyl-lysine recognizing, chromatin 'adaptor' proteins. These data provided the basis for therapeutic intervention in MLL-fusion leukaemia, via the displacement of the BET family of proteins from chromatin. We show that a novel small molecule inhibitor of the BET family, GSK1210151A (I-BET151), has profound efficacy against human and murine MLL-fusion leukaemic cell lines, through the induction of early cell cycle arrest and apoptosis. I-BET151 treatment in two human leukaemia cell lines with different MLL fusions alters the expression of a common set of genes whose function may account for these phenotypic changes. The mode of action of I-BET151 is, at least in part, due to the inhibition of transcription at key genes (BCL2, C-MYC and CDK6) through the displacement of BRD3/4, PAFc and SEC components from chromatin. In vivo studies indicate that I-BET151 has significant therapeutic value, providing survival benefit in two distinct mouse models of murine MLL-AF9 and human MLL-AF4 leukaemia. Finally, the efficacy of I-BET151 against human leukaemia stem cells is demonstrated, providing further evidence of its potent therapeutic potential. These findings establish the displacement of BET proteins from chromatin as a promising epigenetic therapy for these aggressive leukaemias.","Dawson MA, Prinjha RK, Dittmann A, Giotopoulos G, Bantscheff M, Chan WI, Robson SC, Chung CW, Hopf C, Savitski MM, Huthmacher C, Gudgin E, Lugo D, Beinke S, Chapman TD, Roberts EJ, Soden PE, Auger KR, Mirguet O, Doehner K, Delwel R, Burnett AK, Jeffrey P, Drewes G, Lee K, Huntly BJ, Kouzarides T.",Nature,,2011,478,7370,529,533,10.1038/nature10509,21964340,
RPS3A,CHEMBL6067564,,26300029,,CHEMBL5698896,Inhibition of RPS3A (unknown origin) assessed as fold change at 0.4 uM incubated for 1 hr by colloidal coomassie staining based LC-MS/MS analysis,B,,,BAO_0000179,BAO_0000357,single protein format,CCNC(=O)C[C@@H]1N=C(c2ccc(Cl)cc2)c2cc(OC)ccc2-n2c(C)nnc21,,,CHEMBL5696440,Nature,2011,,CHEMBL1232461,MOLIBRESIB,CHEMBL1232461,,0,,4139758,=,72,0,=,,FC,,,0.812,CHEMBL6067564,Homo sapiens,Small ribosomal subunit protein eS1,9606,,,FC,,,,0.812,INHIBITOR,"Negatively effects (inhibits) the normal functioning of the protein e.g., prevention of enzymatic reaction or activation of downstream pathway",NEGATIVE MODULATOR,,,,,0.812,,TRUE,TRUE,,TRUE,FALSE,FALSE,Contextual activity,FALSE,FALSE,FALSE,FALSE,Contextual record,Not concentration-ranked,TRUE,B,Inhibition of RPS3A (unknown origin) assessed as fold change at 0.4 uM incubated for 1 hr by colloidal coomassie staining based LC-MS/MS analysis,Homo sapiens,,,,BAO_0000357,single protein format,9,CHEMBL6067564,D,CHEMBL5696440,,,9606,CHEMBL5696440,B,single protein format,CHEMBL6067564,TRUE,TRUE,TRUE,FALSE,TRUE,PUBLICATION,Inhibition of BET recruitment to chromatin as an effective treatment for MLL-fusion leukaemia.,"Recurrent chromosomal translocations involving the mixed lineage leukaemia (MLL) gene initiate aggressive forms of leukaemia, which are often refractory to conventional therapies. Many MLL-fusion partners are members of the super elongation complex (SEC), a critical regulator of transcriptional elongation, suggesting that aberrant control of this process has an important role in leukaemia induction. Here we use a global proteomic strategy to demonstrate that MLL fusions, as part of SEC and the polymerase-associated factor complex (PAFc), are associated with the BET family of acetyl-lysine recognizing, chromatin 'adaptor' proteins. These data provided the basis for therapeutic intervention in MLL-fusion leukaemia, via the displacement of the BET family of proteins from chromatin. We show that a novel small molecule inhibitor of the BET family, GSK1210151A (I-BET151), has profound efficacy against human and murine MLL-fusion leukaemic cell lines, through the induction of early cell cycle arrest and apoptosis. I-BET151 treatment in two human leukaemia cell lines with different MLL fusions alters the expression of a common set of genes whose function may account for these phenotypic changes. The mode of action of I-BET151 is, at least in part, due to the inhibition of transcription at key genes (BCL2, C-MYC and CDK6) through the displacement of BRD3/4, PAFc and SEC components from chromatin. In vivo studies indicate that I-BET151 has significant therapeutic value, providing survival benefit in two distinct mouse models of murine MLL-AF9 and human MLL-AF4 leukaemia. Finally, the efficacy of I-BET151 against human leukaemia stem cells is demonstrated, providing further evidence of its potent therapeutic potential. These findings establish the displacement of BET proteins from chromatin as a promising epigenetic therapy for these aggressive leukaemias.","Dawson MA, Prinjha RK, Dittmann A, Giotopoulos G, Bantscheff M, Chan WI, Robson SC, Chung CW, Hopf C, Savitski MM, Huthmacher C, Gudgin E, Lugo D, Beinke S, Chapman TD, Roberts EJ, Soden PE, Auger KR, Mirguet O, Doehner K, Delwel R, Burnett AK, Jeffrey P, Drewes G, Lee K, Huntly BJ, Kouzarides T.",Nature,,2011,478,7370,529,533,10.1038/nature10509,21964340,
RPS3A,CHEMBL6067564,,26300729,,CHEMBL5699596,Inhibition of RPS3A (unknown origin) assessed as fold change at 0.08 uM incubated for 1 hr by colloidal coomassie staining based LC-MS/MS analysis,B,,,BAO_0000179,BAO_0000357,single protein format,CCNC(=O)C[C@@H]1N=C(c2ccc(Cl)cc2)c2cc(OC)ccc2-n2c(C)nnc21,,,CHEMBL5696440,Nature,2011,,CHEMBL1232461,MOLIBRESIB,CHEMBL1232461,,0,,4139758,=,72,0,=,,FC,,,0.619,CHEMBL6067564,Homo sapiens,Small ribosomal subunit protein eS1,9606,,,FC,,,,0.619,INHIBITOR,"Negatively effects (inhibits) the normal functioning of the protein e.g., prevention of enzymatic reaction or activation of downstream pathway",NEGATIVE MODULATOR,,,,,0.619,,TRUE,TRUE,,TRUE,FALSE,FALSE,Contextual activity,FALSE,FALSE,FALSE,FALSE,Contextual record,Not concentration-ranked,TRUE,B,Inhibition of RPS3A (unknown origin) assessed as fold change at 0.08 uM incubated for 1 hr by colloidal coomassie staining based LC-MS/MS analysis,Homo sapiens,,,,BAO_0000357,single protein format,9,CHEMBL6067564,D,CHEMBL5696440,,,9606,CHEMBL5696440,B,single protein format,CHEMBL6067564,TRUE,TRUE,TRUE,FALSE,TRUE,PUBLICATION,Inhibition of BET recruitment to chromatin as an effective treatment for MLL-fusion leukaemia.,"Recurrent chromosomal translocations involving the mixed lineage leukaemia (MLL) gene initiate aggressive forms of leukaemia, which are often refractory to conventional therapies. Many MLL-fusion partners are members of the super elongation complex (SEC), a critical regulator of transcriptional elongation, suggesting that aberrant control of this process has an important role in leukaemia induction. Here we use a global proteomic strategy to demonstrate that MLL fusions, as part of SEC and the polymerase-associated factor complex (PAFc), are associated with the BET family of acetyl-lysine recognizing, chromatin 'adaptor' proteins. These data provided the basis for therapeutic intervention in MLL-fusion leukaemia, via the displacement of the BET family of proteins from chromatin. We show that a novel small molecule inhibitor of the BET family, GSK1210151A (I-BET151), has profound efficacy against human and murine MLL-fusion leukaemic cell lines, through the induction of early cell cycle arrest and apoptosis. I-BET151 treatment in two human leukaemia cell lines with different MLL fusions alters the expression of a common set of genes whose function may account for these phenotypic changes. The mode of action of I-BET151 is, at least in part, due to the inhibition of transcription at key genes (BCL2, C-MYC and CDK6) through the displacement of BRD3/4, PAFc and SEC components from chromatin. In vivo studies indicate that I-BET151 has significant therapeutic value, providing survival benefit in two distinct mouse models of murine MLL-AF9 and human MLL-AF4 leukaemia. Finally, the efficacy of I-BET151 against human leukaemia stem cells is demonstrated, providing further evidence of its potent therapeutic potential. These findings establish the displacement of BET proteins from chromatin as a promising epigenetic therapy for these aggressive leukaemias.","Dawson MA, Prinjha RK, Dittmann A, Giotopoulos G, Bantscheff M, Chan WI, Robson SC, Chung CW, Hopf C, Savitski MM, Huthmacher C, Gudgin E, Lugo D, Beinke S, Chapman TD, Roberts EJ, Soden PE, Auger KR, Mirguet O, Doehner K, Delwel R, Burnett AK, Jeffrey P, Drewes G, Lee K, Huntly BJ, Kouzarides T.",Nature,,2011,478,7370,529,533,10.1038/nature10509,21964340,
RPS3A,CHEMBL6067564,,26301429,,CHEMBL5700296,Inhibition of RPS3A (unknown origin) assessed as fold change at 0.016 uM incubated for 1 hr by colloidal coomassie staining based LC-MS/MS analysis,B,,,BAO_0000179,BAO_0000357,single protein format,CCNC(=O)C[C@@H]1N=C(c2ccc(Cl)cc2)c2cc(OC)ccc2-n2c(C)nnc21,,,CHEMBL5696440,Nature,2011,,CHEMBL1232461,MOLIBRESIB,CHEMBL1232461,,0,,4139758,=,72,0,=,,FC,,,0.966,CHEMBL6067564,Homo sapiens,Small ribosomal subunit protein eS1,9606,,,FC,,,,0.966,INHIBITOR,"Negatively effects (inhibits) the normal functioning of the protein e.g., prevention of enzymatic reaction or activation of downstream pathway",NEGATIVE MODULATOR,,,,,0.966,,TRUE,TRUE,,TRUE,FALSE,FALSE,Contextual activity,FALSE,FALSE,FALSE,FALSE,Contextual record,Not concentration-ranked,TRUE,B,Inhibition of RPS3A (unknown origin) assessed as fold change at 0.016 uM incubated for 1 hr by colloidal coomassie staining based LC-MS/MS analysis,Homo sapiens,,,,BAO_0000357,single protein format,9,CHEMBL6067564,D,CHEMBL5696440,,,9606,CHEMBL5696440,B,single protein format,CHEMBL6067564,TRUE,TRUE,TRUE,FALSE,TRUE,PUBLICATION,Inhibition of BET recruitment to chromatin as an effective treatment for MLL-fusion leukaemia.,"Recurrent chromosomal translocations involving the mixed lineage leukaemia (MLL) gene initiate aggressive forms of leukaemia, which are often refractory to conventional therapies. Many MLL-fusion partners are members of the super elongation complex (SEC), a critical regulator of transcriptional elongation, suggesting that aberrant control of this process has an important role in leukaemia induction. Here we use a global proteomic strategy to demonstrate that MLL fusions, as part of SEC and the polymerase-associated factor complex (PAFc), are associated with the BET family of acetyl-lysine recognizing, chromatin 'adaptor' proteins. These data provided the basis for therapeutic intervention in MLL-fusion leukaemia, via the displacement of the BET family of proteins from chromatin. We show that a novel small molecule inhibitor of the BET family, GSK1210151A (I-BET151), has profound efficacy against human and murine MLL-fusion leukaemic cell lines, through the induction of early cell cycle arrest and apoptosis. I-BET151 treatment in two human leukaemia cell lines with different MLL fusions alters the expression of a common set of genes whose function may account for these phenotypic changes. The mode of action of I-BET151 is, at least in part, due to the inhibition of transcription at key genes (BCL2, C-MYC and CDK6) through the displacement of BRD3/4, PAFc and SEC components from chromatin. In vivo studies indicate that I-BET151 has significant therapeutic value, providing survival benefit in two distinct mouse models of murine MLL-AF9 and human MLL-AF4 leukaemia. Finally, the efficacy of I-BET151 against human leukaemia stem cells is demonstrated, providing further evidence of its potent therapeutic potential. These findings establish the displacement of BET proteins from chromatin as a promising epigenetic therapy for these aggressive leukaemias.","Dawson MA, Prinjha RK, Dittmann A, Giotopoulos G, Bantscheff M, Chan WI, Robson SC, Chung CW, Hopf C, Savitski MM, Huthmacher C, Gudgin E, Lugo D, Beinke S, Chapman TD, Roberts EJ, Soden PE, Auger KR, Mirguet O, Doehner K, Delwel R, Burnett AK, Jeffrey P, Drewes G, Lee K, Huntly BJ, Kouzarides T.",Nature,,2011,478,7370,529,533,10.1038/nature10509,21964340,
RPS3A,CHEMBL6067564,,26302129,,CHEMBL5700996,Inhibition of RPS3A (unknown origin) incubated for 1 hr by colloidal coomassie staining based LC-MS/MS analysis,B,,,BAO_0000190,BAO_0000357,single protein format,CCNC(=O)C[C@@H]1N=C(c2ccc(Cl)cc2)c2cc(OC)ccc2-n2c(C)nnc21,,,CHEMBL5696440,Nature,2011,,CHEMBL1232461,MOLIBRESIB,CHEMBL1232461,5.46,0,http://www.openphacts.org/units/Nanomolar,4139758,=,72,1,=,,IC50,nM,,3440,CHEMBL6067564,Homo sapiens,Small ribosomal subunit protein eS1,9606,,,IC50,uM,UO_0000065,,3.44,INHIBITOR,"Negatively effects (inhibits) the normal functioning of the protein e.g., prevention of enzymatic reaction or activation of downstream pathway",NEGATIVE MODULATOR,12.89,0.25,1.8,6.71,3440,5.46,TRUE,TRUE,TRUE,TRUE,FALSE,FALSE,Inhibitory potency,TRUE,TRUE,FALSE,FALSE,Tier 1: quantitative inhibition,Lower apparent potency (>1 to 10 uM),TRUE,B,Inhibition of RPS3A (unknown origin) incubated for 1 hr by colloidal coomassie staining based LC-MS/MS analysis,Homo sapiens,,,,BAO_0000357,single protein format,9,CHEMBL6067564,D,CHEMBL5696440,,,9606,CHEMBL5696440,B,single protein format,CHEMBL6067564,TRUE,TRUE,TRUE,FALSE,TRUE,PUBLICATION,Inhibition of BET recruitment to chromatin as an effective treatment for MLL-fusion leukaemia.,"Recurrent chromosomal translocations involving the mixed lineage leukaemia (MLL) gene initiate aggressive forms of leukaemia, which are often refractory to conventional therapies. Many MLL-fusion partners are members of the super elongation complex (SEC), a critical regulator of transcriptional elongation, suggesting that aberrant control of this process has an important role in leukaemia induction. Here we use a global proteomic strategy to demonstrate that MLL fusions, as part of SEC and the polymerase-associated factor complex (PAFc), are associated with the BET family of acetyl-lysine recognizing, chromatin 'adaptor' proteins. These data provided the basis for therapeutic intervention in MLL-fusion leukaemia, via the displacement of the BET family of proteins from chromatin. We show that a novel small molecule inhibitor of the BET family, GSK1210151A (I-BET151), has profound efficacy against human and murine MLL-fusion leukaemic cell lines, through the induction of early cell cycle arrest and apoptosis. I-BET151 treatment in two human leukaemia cell lines with different MLL fusions alters the expression of a common set of genes whose function may account for these phenotypic changes. The mode of action of I-BET151 is, at least in part, due to the inhibition of transcription at key genes (BCL2, C-MYC and CDK6) through the displacement of BRD3/4, PAFc and SEC components from chromatin. In vivo studies indicate that I-BET151 has significant therapeutic value, providing survival benefit in two distinct mouse models of murine MLL-AF9 and human MLL-AF4 leukaemia. Finally, the efficacy of I-BET151 against human leukaemia stem cells is demonstrated, providing further evidence of its potent therapeutic potential. These findings establish the displacement of BET proteins from chromatin as a promising epigenetic therapy for these aggressive leukaemias.","Dawson MA, Prinjha RK, Dittmann A, Giotopoulos G, Bantscheff M, Chan WI, Robson SC, Chung CW, Hopf C, Savitski MM, Huthmacher C, Gudgin E, Lugo D, Beinke S, Chapman TD, Roberts EJ, Soden PE, Auger KR, Mirguet O, Doehner K, Delwel R, Burnett AK, Jeffrey P, Drewes G, Lee K, Huntly BJ, Kouzarides T.",Nature,,2011,478,7370,529,533,10.1038/nature10509,21964340,
EEF1B2,CHEMBL4295731,,26217579,,CHEMBL5650977,Binding affinity to human EEF1B2 incubated for 45 mins by Kinobead based pull down assay,B,,,BAO_0000034,BAO_0000357,single protein format,Cc1ccc(C(=O)Nc2cccc(C(F)(F)F)c2)cc1Nc1nc(-c2cccnc2)nc2nn(C)cc12,,,CHEMBL5649169,ChemMedChem,2018,,CHEMBL5653589,,CHEMBL5653589,6.18,0,http://www.openphacts.org/units/Nanomolar,4136306,=,72,1,=,,Kd,nM,,661.51,CHEMBL4295731,Homo sapiens,Elongation factor 1-beta,9606,,,Kd(app),nM,UO_0000065,,661.506,BINDING AGENT,"Binds to a substance such as a cell surface antigen, targeting a drug to that location, but not necessarily affecting the functioning of the substance itself",OTHER,12.27,0.23,0.43,6.33,661.51,6.18,TRUE,TRUE,TRUE,TRUE,FALSE,FALSE,Binding affinity,TRUE,FALSE,TRUE,FALSE,Tier 2: quantitative binding,Moderate apparent potency (>100 to 1000 nM),TRUE,B,Binding affinity to human EEF1B2 incubated for 45 mins by Kinobead based pull down assay,Homo sapiens,,,,BAO_0000357,single protein format,9,CHEMBL4295731,D,CHEMBL5649169,,,9606,CHEMBL5649169,B,single protein format,CHEMBL4295731,TRUE,TRUE,TRUE,FALSE,TRUE,PUBLICATION,NVP-BHG712: Effects of Regioisomers on the Affinity and Selectivity toward the EPHrin Family.,"Erythropoietin-producing hepatocellular (EPH) receptors are transmembrane receptor tyrosine kinases. Their extracellular domains bind specifically to ephrin A/B ligands, and this binding modulates intracellular kinase activity. EPHs are key players in bidirectional intercellular signaling, controlling cell morphology, adhesion, and migration. They are increasingly recognized as cancer drug targets. We analyzed the binding of NVP-BHG712 (NVP) to EPHA2 and EPHB4. Unexpectedly, all tested commercially available NVP samples turned out to be a regioisomer (NVPiso) of the inhibitor, initially described in a Novartis patent application. They only differ by the localization of a single methyl group on either one of two adjacent nitrogen atoms. The two compounds of identical mass revealed different binding modes. Furthermore, both in vitro and in vivo experiments showed that the isomers differ in their kinase affinity and selectivity.","Tröster A, Heinzlmeir S, Berger BT, Gande SL, Saxena K, Sreeramulu S, Linhard V, Nasiri AH, Bolte M, Müller S, Kuster B, Médard G, Kudlinzki D, Schwalbe H.",ChemMedChem,,2018,13,16,1629,1633,10.1002/cmdc.201800398,29928781,
EEF1B2,CHEMBL4295731,,26217580,,CHEMBL5650977,Binding affinity to human EEF1B2 incubated for 45 mins by Kinobead based pull down assay,B,,,BAO_0003036,BAO_0000357,single protein format,Cc1ccc(C(=O)Nc2cccc(C(F)(F)F)c2)cc1Nc1nc(-c2cccnc2)nc2nn(C)cc12,,,CHEMBL5649169,ChemMedChem,2018,,CHEMBL5653589,,CHEMBL5653589,6.18,0,http://www.openphacts.org/units/Nanomolar,4136306,=,72,0,=,,ED50,nM,,661.51,CHEMBL4295731,Homo sapiens,Elongation factor 1-beta,9606,,,ED50,nM,UO_0000065,,661.506,BINDING AGENT,"Binds to a substance such as a cell surface antigen, targeting a drug to that location, but not necessarily affecting the functioning of the substance itself",OTHER,,,,,661.51,6.18,TRUE,TRUE,TRUE,TRUE,FALSE,FALSE,Functional dose response,TRUE,FALSE,FALSE,TRUE,Tier 3: quantitative functional response,Moderate apparent potency (>100 to 1000 nM),TRUE,B,Binding affinity to human EEF1B2 incubated for 45 mins by Kinobead based pull down assay,Homo sapiens,,,,BAO_0000357,single protein format,9,CHEMBL4295731,D,CHEMBL5649169,,,9606,CHEMBL5649169,B,single protein format,CHEMBL4295731,TRUE,TRUE,TRUE,FALSE,TRUE,PUBLICATION,NVP-BHG712: Effects of Regioisomers on the Affinity and Selectivity toward the EPHrin Family.,"Erythropoietin-producing hepatocellular (EPH) receptors are transmembrane receptor tyrosine kinases. Their extracellular domains bind specifically to ephrin A/B ligands, and this binding modulates intracellular kinase activity. EPHs are key players in bidirectional intercellular signaling, controlling cell morphology, adhesion, and migration. They are increasingly recognized as cancer drug targets. We analyzed the binding of NVP-BHG712 (NVP) to EPHA2 and EPHB4. Unexpectedly, all tested commercially available NVP samples turned out to be a regioisomer (NVPiso) of the inhibitor, initially described in a Novartis patent application. They only differ by the localization of a single methyl group on either one of two adjacent nitrogen atoms. The two compounds of identical mass revealed different binding modes. Furthermore, both in vitro and in vivo experiments showed that the isomers differ in their kinase affinity and selectivity.","Tröster A, Heinzlmeir S, Berger BT, Gande SL, Saxena K, Sreeramulu S, Linhard V, Nasiri AH, Bolte M, Müller S, Kuster B, Médard G, Kudlinzki D, Schwalbe H.",ChemMedChem,,2018,13,16,1629,1633,10.1002/cmdc.201800398,29928781,
