sider_stitch_flat_id,sider_drug_name,sider_pubchem_cid,sider_inchi_key,atc_codes,unique_side_effect_count,nearest_query_id,nearest_query_name,nearest_query_class,nearest_query_tanimoto,similarity_band
CID100644241,nilotinib,644241,HHZIURLSWUIHRB-UHFFFAOYSA-N,L01XE08,339,CHEMBL5653589,CHEMBL5653589,network_candidate,0.5054945054945055,moderate_similarity
CID100005291,imatinib,5291,KTUFNOKKBVMGRW-UHFFFAOYSA-N,L01XE01,323,CHEMBL3752910,CHEMBL3752910,network_candidate,0.40425531914893614,weak_or_partial_similarity
CID100002118,alprazolam,2118,VREFGVBLTWBCJP-UHFFFAOYSA-N,N05BA12,199,CHEMBL1232461,MOLIBRESIB,network_candidate,0.3333333333333333,weak_or_partial_similarity
CID100005556,triazolam,5556,JOFWLTCLBGQGBO-UHFFFAOYSA-N,N05CD05,90,CHEMBL1232461,MOLIBRESIB,network_candidate,0.3116883116883117,weak_or_partial_similarity
CID124826799,ponatinib,24826799,PHXJVRSECIGDHY-UHFFFAOYSA-N,,179,CHEMBL3752910,CHEMBL3752910,network_candidate,0.3113207547169811,weak_or_partial_similarity
CID100005391,temazepam,5391,SEQDDYPDSLOBDC-UHFFFAOYSA-N,N05CD07,81,CHEMBL1232461,MOLIBRESIB,network_candidate,0.3026315789473684,weak_or_partial_similarity
CID100003715,indomethacin,3715,CGIGDMFJXJATDK-UHFFFAOYSA-N,C01EB03; M01AB01; M02AA23; S01BC01,175,CHEMBL1232461,MOLIBRESIB,network_candidate,0.2839506172839506,structurally_distant_under_this_fingerprint
CID100013314,lormetazepam,13314,FJIKWRGCXUCUIG-UHFFFAOYSA-N,N05CD06,70,CHEMBL1232461,MOLIBRESIB,network_candidate,0.26582278481012656,structurally_distant_under_this_fingerprint
CID100003899,leflunomide,3899,VHOGYURTWQBHIL-UHFFFAOYSA-N,L04AA13,218,CHEMBL3752910,CHEMBL3752910,network_candidate,0.25609756097560976,structurally_distant_under_this_fingerprint
CID100068613,atosiban,68613,VWXRQYYUEIYXCZ-AVTFEHRISA-N,G02CX01,31,REF_DIDEMNIN_B,Didemnin B,reference_ligand,0.24719101123595505,structurally_distant_under_this_fingerprint
CID100004174,metyrapone,4174,FJLBFSROUSIWMA-UHFFFAOYSA-N,V04CD01,21,CHEMBL3752910,CHEMBL3752910,network_candidate,0.24675324675324675,structurally_distant_under_this_fingerprint
CID100082148,agomelatine,82148,YJYPHIXNFHFHND-UHFFFAOYSA-N,N06AX22,57,CHEMBL1232461,MOLIBRESIB,network_candidate,0.24358974358974358,structurally_distant_under_this_fingerprint
CID100003016,diazepam,3016,AAOVKJBEBIDNHE-UHFFFAOYSA-N,N05BA01,199,CHEMBL1232461,MOLIBRESIB,network_candidate,0.24358974358974358,structurally_distant_under_this_fingerprint
CID100004195,midodrine,4195,PTKSEFOSCHHMPD-UHFFFAOYSA-N,C01CA17,60,CHEMBL1232461,MOLIBRESIB,network_candidate,0.24358974358974358,structurally_distant_under_this_fingerprint
CID100000146,5-methyltetrahydrofolate,146,ZNOVTXRBGFNYRX-UHFFFAOYSA-N,,1,CHEMBL1802814,CHEMBL1802814,network_candidate,0.2413793103448276,structurally_distant_under_this_fingerprint
CID100041781,torasemide,41781,NGBFQHCMQULJNZ-UHFFFAOYSA-N,C03CA04,55,CHEMBL3752910,CHEMBL3752910,network_candidate,0.2391304347826087,structurally_distant_under_this_fingerprint
CID100104849,rimonabant,104849,REOYOKXLUFHOBV-UHFFFAOYSA-N,A08AX01,69,CHEMBL1232461,MOLIBRESIB,network_candidate,0.23863636363636365,structurally_distant_under_this_fingerprint
CID100004192,midazolam,4192,DDLIGBOFAVUZHB-UHFFFAOYSA-N,N05CD08,151,CHEMBL1232461,MOLIBRESIB,network_candidate,0.23809523809523808,structurally_distant_under_this_fingerprint
CID100002809,clorazepate,2809,XDDJGVMJFWAHJX-UHFFFAOYSA-N,,21,CHEMBL1232461,MOLIBRESIB,network_candidate,0.2375,structurally_distant_under_this_fingerprint
CID100000143,leucovorin,143,VVIAGPKUTFNRDU-UHFFFAOYSA-N,V03AF03; V03AF04; V03AF06,53,CHEMBL1802814,CHEMBL1802814,network_candidate,0.23728813559322035,structurally_distant_under_this_fingerprint
CID100093860,bortezomib,93860,GXJABQQUPOEUTA-NVXWUHKLSA-N,L01XX32,588,CHEMBL1802815,CHEMBL1802815,network_candidate,0.23232323232323232,structurally_distant_under_this_fingerprint
CID100004499,nisoldipine,4499,VKQFCGNPDRICFG-UHFFFAOYSA-N,C08CA07,142,CHEMBL1802973,CHEMBL1802973,network_candidate,0.23157894736842105,structurally_distant_under_this_fingerprint
CID100004915,procarbazine,4915,CPTBDICYNRMXFX-UHFFFAOYSA-N,L01XB01,122,CHEMBL1802815,CHEMBL1802815,network_candidate,0.2289156626506024,structurally_distant_under_this_fingerprint
CID100004616,oxazepam,4616,ADIMAYPTOBDMTL-UHFFFAOYSA-N,N05BA04,40,CHEMBL1232461,MOLIBRESIB,network_candidate,0.22784810126582278,structurally_distant_under_this_fingerprint
CID109825285,azilsartan,9825285,KGSXMPPBFPAXLY-UHFFFAOYSA-N,,22,CHEMBL1802815,CHEMBL1802815,network_candidate,0.22641509433962265,structurally_distant_under_this_fingerprint
CID100000896,melatonin,896,DRLFMBDRBRZALE-UHFFFAOYSA-N,N05CH01,129,CHEMBL1232461,MOLIBRESIB,network_candidate,0.225,structurally_distant_under_this_fingerprint
CID100003261,estazolam,3261,CDCHDCWJMGXXRH-UHFFFAOYSA-N,N05CD04,129,CHEMBL1232461,MOLIBRESIB,network_candidate,0.2222222222222222,structurally_distant_under_this_fingerprint
CID100065999,telmisartan,65999,RMMXLENWKUUMAY-UHFFFAOYSA-N,C09CA07,181,CHEMBL1802815,CHEMBL1802815,network_candidate,0.22018348623853212,structurally_distant_under_this_fingerprint
CID100039042,bezafibrate,39042,IIBYAHWJQTYFKB-UHFFFAOYSA-N,C10AB02,56,CHEMBL1232461,MOLIBRESIB,network_candidate,0.21951219512195122,structurally_distant_under_this_fingerprint
CID100060787,saquinavir,60787,QWAXKHKRTORLEM-LINFGICFSA-N,J05AE01,327,CHEMBL1802815,CHEMBL1802815,network_candidate,0.21951219512195122,structurally_distant_under_this_fingerprint
CID100004409,nabumetone,4409,BLXXJMDCKKHMKV-UHFFFAOYSA-N,M01AX01,117,CHEMBL1232461,MOLIBRESIB,network_candidate,0.2191780821917808,structurally_distant_under_this_fingerprint
CID116130295,BPTI,16130295,ZPNFWUPYTFPOJU-LPYSRVMUSA-N,B02AB01,108,REF_DIDEMNIN_B,Didemnin B,reference_ligand,0.21875,structurally_distant_under_this_fingerprint
CID100130881,olmesartan,130881,UQGKUQLKSCSZGY-UHFFFAOYSA-N,C09CA08,55,CHEMBL1802815,CHEMBL1802815,network_candidate,0.2184873949579832,structurally_distant_under_this_fingerprint
CID111556711,Carfilzomib,11556711,BLMPQMFVWMYDKT-NZTKNTHTSA-N,,62,CHEMBL1802815,CHEMBL1802815,network_candidate,0.21818181818181817,structurally_distant_under_this_fingerprint
CID100216210,dabigatran,216210,YBSJFWOBGCMAKL-UHFFFAOYSA-N,,39,CHEMBL1802815,CHEMBL1802815,network_candidate,0.21818181818181817,structurally_distant_under_this_fingerprint
CID100077992,frovatriptan,77992,XPSQPHWEGNHMSK-SECBINFHSA-N,N02CC07,147,CHEMBL1802973,CHEMBL1802973,network_candidate,0.21739130434782608,structurally_distant_under_this_fingerprint
CID100005717,zafirlukast,5717,YEEZWCHGZNKEEK-UHFFFAOYSA-N,R03DC01,69,CHEMBL1802814,CHEMBL1802814,network_candidate,0.216,structurally_distant_under_this_fingerprint
CID100003759,isocarboxazid,3759,XKFPYPQQHFEXRZ-UHFFFAOYSA-N,N06AF01,41,CHEMBL1802815,CHEMBL1802815,network_candidate,0.2159090909090909,structurally_distant_under_this_fingerprint
CID110113978,pazopanib,10113978,CUIHSIWYWATEQL-UHFFFAOYSA-N,L01XE11,213,CHEMBL3752910,CHEMBL3752910,network_candidate,0.21568627450980393,structurally_distant_under_this_fingerprint
CID111597697,lisdexamfetamine,11597697,CETWSOHVEGTIBR-FORAGAHYSA-N,,78,CHEMBL1802815,CHEMBL1802815,network_candidate,0.21505376344086022,structurally_distant_under_this_fingerprint
CID100002541,candesartan,2541,HTQMVQVXFRQIKW-UHFFFAOYSA-N,C09CA06,78,CHEMBL1802815,CHEMBL1802815,network_candidate,0.21495327102803738,structurally_distant_under_this_fingerprint
CID100158781,olmesartan,158781,VTRAEEWXHOVJFV-UHFFFAOYSA-N,,147,CHEMBL1802815,CHEMBL1802815,network_candidate,0.21495327102803738,structurally_distant_under_this_fingerprint
CID116137271,insulin,16137271,UGOZVNFCFYTPAZ-IOXYNQHNSA-N,A10AE05,255,REF_DIDEMNIN_B,Didemnin B,reference_ligand,0.21481481481481482,structurally_distant_under_this_fingerprint
CID100002727,chlorpropamide,2727,RKWGIWYCVPQPMF-UHFFFAOYSA-N,A10BB02,31,CHEMBL1232461,MOLIBRESIB,network_candidate,0.21333333333333335,structurally_distant_under_this_fingerprint
CID100005076,ritonavir,5076,NCDNCNXCDXHOMX-UHFFFAOYSA-N,J05AE03,319,CHEMBL1802815,CHEMBL1802815,network_candidate,0.21311475409836064,structurally_distant_under_this_fingerprint
CID100004497,nimodipine,4497,UIAGMCDKSXEBJQ-UHFFFAOYSA-N,C08CA06,50,CHEMBL1802973,CHEMBL1802973,network_candidate,0.21212121212121213,structurally_distant_under_this_fingerprint
CID111238823,azilsartan,11238823,QJFSABGVXDWMIW-UHFFFAOYSA-N,,20,CHEMBL1802815,CHEMBL1802815,network_candidate,0.211864406779661,structurally_distant_under_this_fingerprint
CID100115355,NTBC,115355,OUBCNLGXQFSTLU-UHFFFAOYSA-N,A16AX04,56,CHEMBL1802973,CHEMBL1802973,network_candidate,0.2111111111111111,structurally_distant_under_this_fingerprint
CID100003393,flurazepam,3393,SAADBVWGJQAEFS-UHFFFAOYSA-N,N05CD01,57,CHEMBL1232461,MOLIBRESIB,network_candidate,0.2111111111111111,structurally_distant_under_this_fingerprint
CID116129672,Insulin,16129672,PBGKTOXHQIOBKM-FHFVDXKLSA-N,A10AB01; A10AB02; A10AB03; A10AC01; A10AC02; A10AC03; A10AD01; A10AD02; A10AD03; A10AE01; A10AE02; A10AE03; A10AF01,159,REF_DIDEMNIN_B,Didemnin B,reference_ligand,0.21052631578947367,structurally_distant_under_this_fingerprint
CID144146714,Lantus,44146714,COCFEDIXXNGUNL-RFKWWTKHSA-N,A10AE04,89,REF_DIDEMNIN_B,Didemnin B,reference_ligand,0.21052631578947367,structurally_distant_under_this_fingerprint
CID100062819,Metrodin,62819,ZDRRIRUAESZNIH-UHFFFAOYSA-N,G03GA04,230,REF_DIDEMNIN_B,Didemnin B,reference_ligand,0.20930232558139536,structurally_distant_under_this_fingerprint
CID116129703,Revasc,16129703,XYWBJDRHGNULKG-OUMQNGNKSA-N,B01AE01,58,REF_DIDEMNIN_B,Didemnin B,reference_ligand,0.20930232558139536,structurally_distant_under_this_fingerprint
CID100003957,loratadine,3957,JCCNYMKQOSZNPW-UHFFFAOYSA-N,R06AX13,67,CHEMBL1232461,MOLIBRESIB,network_candidate,0.2087912087912088,structurally_distant_under_this_fingerprint
CID100004443,nateglinide,4443,OELFLUMRDSZNSF-UHFFFAOYSA-N,A10BX03,40,CHEMBL1802815,CHEMBL1802815,network_candidate,0.2087912087912088,structurally_distant_under_this_fingerprint
CID100050294,nedocromil,50294,RQTOOFIXOKYGAN-UHFFFAOYSA-N,R01AC07; R03BC03; S01GX04,51,CHEMBL1802815,CHEMBL1802815,network_candidate,0.20833333333333334,structurally_distant_under_this_fingerprint
CID116158207,linaclotide,16158207,KWFNVZFWXXEJKL-YZDVLOIKSA-N,,36,REF_PLITIDEPSIN,Plitidepsin,reference_ligand,0.20765027322404372,structurally_distant_under_this_fingerprint
CID100156418,cinacalcet,156418,QANQWUQOEJZMLL-PKLMIRHRSA-N,H05BX01,58,CHEMBL3752910,CHEMBL3752910,network_candidate,0.20652173913043478,structurally_distant_under_this_fingerprint
CID100003488,glibenclamide,3488,ZNNLBTZKUZBEKO-UHFFFAOYSA-N,A10BB01,86,CHEMBL1232461,MOLIBRESIB,network_candidate,0.20618556701030927,structurally_distant_under_this_fingerprint
CID100003869,labetalol,3869,SGUAFYQXFOLMHL-UHFFFAOYSA-N,C07AG01,108,CHEMBL1802815,CHEMBL1802815,network_candidate,0.20618556701030927,structurally_distant_under_this_fingerprint
CID100148192,atazanavir,148192,AXRYRYVKAWYZBR-GASGPIRDSA-N,J05AE08,213,CHEMBL1802815,CHEMBL1802815,network_candidate,0.20535714285714285,structurally_distant_under_this_fingerprint
CID100002250,atorvastatin,2250,XUKUURHRXDUEBC-UHFFFAOYSA-N,C10AA05,209,CHEMBL3752910,CHEMBL3752910,network_candidate,0.20388349514563106,structurally_distant_under_this_fingerprint
CID100151171,conivaptan,151171,IKENVDNFQMCRTR-UHFFFAOYSA-N,C03XA02,60,CHEMBL3752910,CHEMBL3752910,network_candidate,0.20388349514563106,structurally_distant_under_this_fingerprint
CID124950485,cobicistat,24950485,ZCIGNRJZKPOIKD-UHFFFAOYSA-N,,46,CHEMBL1802815,CHEMBL1802815,network_candidate,0.203125,structurally_distant_under_this_fingerprint
CID109940864,Benicar-HCT,9940864,CJPRWUSPLWISJM-UHFFFAOYSA-N,,71,CHEMBL1802815,CHEMBL1802815,network_candidate,0.20279720279720279,structurally_distant_under_this_fingerprint
CID100064929,fenofibric,64929,MQOBSOSZFYZQOK-UHFFFAOYSA-N,,49,CHEMBL1232461,MOLIBRESIB,network_candidate,0.20270270270270271,structurally_distant_under_this_fingerprint
CID100000937,niacin,937,PVNIIMVLHYAWGP-UHFFFAOYSA-M,C04AC01; C10AD02,156,CHEMBL3752910,CHEMBL3752910,network_candidate,0.20270270270270271,structurally_distant_under_this_fingerprint
CID116130199,Enfuvirtide,16130199,PEASPLKKXBYDKL-FXEVSJAOSA-N,J05AX07,133,CHEMBL1802815,CHEMBL1802815,network_candidate,0.20261437908496732,structurally_distant_under_this_fingerprint
CID122834577,nesiritide,22834577,KSFAMFKTRGJQKV-VJLHJAMZSA-N,C01DX19,30,REF_DIDEMNIN_B,Didemnin B,reference_ligand,0.2024793388429752,structurally_distant_under_this_fingerprint
CID100002443,bromocriptine,2443,OZVBMTJYIDMWIL-UHFFFAOYSA-N,G02CB01; N04BC01,138,REF_DIDEMNIN_B,Didemnin B,reference_ligand,0.20238095238095238,structurally_distant_under_this_fingerprint
CID100003397,flutamide,3397,MKXKFYHWDHIYRV-UHFFFAOYSA-N,L02BB01,80,CHEMBL1802973,CHEMBL1802973,network_candidate,0.20224719101123595,structurally_distant_under_this_fingerprint
CID111001318,tafamidis,11001318,TXEIIPDJKFWEEC-UHFFFAOYSA-N,,7,CHEMBL1802815,CHEMBL1802815,network_candidate,0.20224719101123595,structurally_distant_under_this_fingerprint
CID116136245,degarelix,16136245,MEUCPCLKGZSHTA-XYAYPHGZSA-N,L02BX02,112,REF_DIDEMNIN_B,Didemnin B,reference_ligand,0.20202020202020202,structurally_distant_under_this_fingerprint
CID116130957,Org,16130957,GJNXBNATEDXMAK-PFLSVRRQSA-N,H01CC01,47,CHEMBL1802815,CHEMBL1802815,network_candidate,0.2012987012987013,structurally_distant_under_this_fingerprint
CID100072081,Terlipressin,72081,BENFXAYNYRLAIU-QSVFAHTRSA-N,H01BA04,42,REF_PLITIDEPSIN,Plitidepsin,reference_ligand,0.2011173184357542,structurally_distant_under_this_fingerprint
CID116131215,Abarelix,16131215,AIWRTTMUVOZGPW-HSPKUQOVSA-N,L02BX01,23,REF_DIDEMNIN_B,Didemnin B,reference_ligand,0.20103092783505155,structurally_distant_under_this_fingerprint
CID103062316,dasatinib,3062316,ZBNZXTGUTAYRHI-UHFFFAOYSA-N,L01XE06,273,CHEMBL3752910,CHEMBL3752910,network_candidate,0.2,structurally_distant_under_this_fingerprint
CID100004031,mebeverine,4031,VYVKHNNGDFVQGA-UHFFFAOYSA-N,A03AA04,17,CHEMBL1802814,CHEMBL1802814,network_candidate,0.2,structurally_distant_under_this_fingerprint
CID100001301,naproxen,1301,CDBRNDSHEYLDJV-UHFFFAOYSA-M,G02CC02; M01AE02; M02AA12,317,CHEMBL1232461,MOLIBRESIB,network_candidate,0.2,structurally_distant_under_this_fingerprint
CID116158473,o291,16158473,GCHUIMDVRMNWQE-ZJWADALWSA-N,,19,CHEMBL1802815,CHEMBL1802815,network_candidate,0.2,structurally_distant_under_this_fingerprint
CID100005771,oxytocin,5771,XNOPRXBHLZRZKH-UHFFFAOYSA-N,H01BB02,49,REF_DIDEMNIN_B,Didemnin B,reference_ligand,0.2,structurally_distant_under_this_fingerprint
CID100148121,pralatrexate,148121,OGSBUKJUDHAQEA-WMCAAGNKSA-N,L01BA05,37,CHEMBL1802815,CHEMBL1802815,network_candidate,0.2,structurally_distant_under_this_fingerprint
CID100004547,repaglinide,4547,FAEKWTJYAYMJKF-UHFFFAOYSA-N,A10BX02,64,CHEMBL1802814,CHEMBL1802814,network_candidate,0.2,structurally_distant_under_this_fingerprint
CID100002909,v,2909,PMATZTZNYRCHOR-UHFFFAOYSA-N,L04AD01; S01XA18,300,REF_TERNATIN_4,Ternatin-4,reference_ligand,0.2,structurally_distant_under_this_fingerprint
CID100208898,dronedarone,208898,ZQTNQVWKHCQYLQ-UHFFFAOYSA-N,,44,CHEMBL1802814,CHEMBL1802814,network_candidate,0.19827586206896552,structurally_distant_under_this_fingerprint
CID100022502,procaine,22502,KZDCMKVLEYCGQX-UDPGNSCCSA-N,J01CE09,30,CHEMBL1802815,CHEMBL1802815,network_candidate,0.19827586206896552,structurally_distant_under_this_fingerprint
CID100002161,amlexanox,2161,SGRYPYWGNKJSDL-UHFFFAOYSA-N,A01AD07; R03DX01,12,CHEMBL1802815,CHEMBL1802815,network_candidate,0.19791666666666666,structurally_distant_under_this_fingerprint
CID104659569,tolcapone,4659569,MIQPIUSUKVNLNT-UHFFFAOYSA-N,N04BX01,253,CHEMBL1802973,CHEMBL1802973,network_candidate,0.19767441860465115,structurally_distant_under_this_fingerprint
CID100005577,trimethobenzamide,5577,FEZBIKUBAYAZIU-UHFFFAOYSA-N,,15,CHEMBL1232461,MOLIBRESIB,network_candidate,0.19767441860465115,structurally_distant_under_this_fingerprint
CID100003007,amphetamine,3007,KWTSXDURSIMDCE-UHFFFAOYSA-N,N06BA01; N06BA02,128,CHEMBL1802815,CHEMBL1802815,network_candidate,0.19736842105263158,structurally_distant_under_this_fingerprint
CID100213039,darunavir,213039,CJBJHOAVZSMMDJ-HEXNFIEUSA-N,J05AE10,267,CHEMBL1802815,CHEMBL1802815,network_candidate,0.19658119658119658,structurally_distant_under_this_fingerprint
CID100104758,raltitrexed,104758,IVTVGDXNLFLDRM-HNNXBMFYSA-N,L01BA03,53,CHEMBL1802815,CHEMBL1802815,network_candidate,0.19642857142857142,structurally_distant_under_this_fingerprint
CID100003405,folate,3405,OVBPIULPVIDEAO-UHFFFAOYSA-N,B03BB01,26,CHEMBL1802815,CHEMBL1802815,network_candidate,0.19626168224299065,structurally_distant_under_this_fingerprint
CID100060843,pemetrexed,60843,WBXPDJSOTKVWSJ-CYBMUJFWSA-N,L01BA04,113,CHEMBL1802815,CHEMBL1802815,network_candidate,0.19626168224299065,structurally_distant_under_this_fingerprint
CID100047528,nicorandil,47528,LBHIOVVIQHSOQN-UHFFFAOYSA-N,C01DX16,87,CHEMBL3752910,CHEMBL3752910,network_candidate,0.19540229885057472,structurally_distant_under_this_fingerprint
CID100003958,lorazepam,3958,DIWRORZWFLOCLC-UHFFFAOYSA-N,N05BA06,114,CHEMBL1232461,MOLIBRESIB,network_candidate,0.1951219512195122,structurally_distant_under_this_fingerprint
CID100002177,amprenavir,2177,YMARZQAQMVYCKC-UHFFFAOYSA-N,J05AE05,63,CHEMBL1802815,CHEMBL1802815,network_candidate,0.19469026548672566,structurally_distant_under_this_fingerprint
CID140468184,acenocoumarol,40468184,WWBYDEQHYAEHLT-HNNXBMFYSA-M,B01AA07,26,CHEMBL1802973,CHEMBL1802973,network_candidate,0.19387755102040816,structurally_distant_under_this_fingerprint
CID100004158,methylphenidate,4158,DUGOZIWVEXMGBE-UHFFFAOYSA-N,N06BA04; N06BA11,295,CHEMBL1802814,CHEMBL1802814,network_candidate,0.19387755102040816,structurally_distant_under_this_fingerprint
CID100002881,sodium,2881,IMZMKUWMOSJXDT-UHFFFAOYSA-L,A07EB01; D11AH03; R01AC01; R03BC01; S01GX01,106,CHEMBL1802815,CHEMBL1802815,network_candidate,0.1935483870967742,structurally_distant_under_this_fingerprint
CID100071360,iloperidone,71360,XMXHEBAFVSFQEX-UHFFFAOYSA-N,,146,CHEMBL1802814,CHEMBL1802814,network_candidate,0.19327731092436976,structurally_distant_under_this_fingerprint
CID125074886,cetrorelix,25074886,QJPSZAPHZMUGOX-ANRVCLKPSA-N,H01CC02,35,CHEMBL1802815,CHEMBL1802815,network_candidate,0.19254658385093168,structurally_distant_under_this_fingerprint
CID100001206,methamphetamine,1206,MYWUZJCMWCOHBA-UHFFFAOYSA-N,N06BA03,19,CHEMBL1802815,CHEMBL1802815,network_candidate,0.19230769230769232,structurally_distant_under_this_fingerprint
CID100003848,phenyllactate,3848,VOXXWSYKYCBWHO-UHFFFAOYSA-N,,13,CHEMBL1802815,CHEMBL1802815,network_candidate,0.19230769230769232,structurally_distant_under_this_fingerprint
CID111167602,regorafenib,11167602,FNHKPVJBJVTLMP-UHFFFAOYSA-N,,85,CHEMBL3752910,CHEMBL3752910,network_candidate,0.19230769230769232,structurally_distant_under_this_fingerprint
CID100002540,candesartan,2540,GHOSNRCGJFBJIB-UHFFFAOYSA-N,,173,CHEMBL1802815,CHEMBL1802815,network_candidate,0.192,structurally_distant_under_this_fingerprint
CID100216239,sorafenib,216239,MLDQJTXFUGDVEO-UHFFFAOYSA-N,L01XE05,180,CHEMBL3752910,CHEMBL3752910,network_candidate,0.1919191919191919,structurally_distant_under_this_fingerprint
CID142611257,vemurafenib,42611257,GPXBXXGIAQBQNI-UHFFFAOYSA-N,,81,CHEMBL1232461,MOLIBRESIB,network_candidate,0.1919191919191919,structurally_distant_under_this_fingerprint
CID100131535,fosamprenavir,131535,PMDQGYMGQKTCSX-HQROKSDRSA-L,J05AE07,63,CHEMBL1802815,CHEMBL1802815,network_candidate,0.19166666666666668,structurally_distant_under_this_fingerprint
CID100004030,mebendazole,4030,OPXLLQIJSORQAM-UHFFFAOYSA-N,P02CA01,12,CHEMBL1802815,CHEMBL1802815,network_candidate,0.19148936170212766,structurally_distant_under_this_fingerprint
CID100443379,CAS,443379,LZFZMUMEGBBDTC-SNPRPXQTSA-N,,122,REF_DIDEMNIN_B,Didemnin B,reference_ligand,0.19117647058823528,structurally_distant_under_this_fingerprint
CID100002019,actinomycin,2019,RJURFGZVJUQBHK-UHFFFAOYSA-N,L01DA01,69,REF_DIDEMNIN_B,Didemnin B,reference_ligand,0.1907514450867052,structurally_distant_under_this_fingerprint
CID109869929,avanafil,9869929,WEAJZXNPAWBCOA-INIZCTEOSA-N,,108,CHEMBL1802814,CHEMBL1802814,network_candidate,0.19047619047619047,structurally_distant_under_this_fingerprint
CID100003251,ergotamine,3251,XCGSFFUVFURLIX-UHFFFAOYSA-N,N02CA02,21,REF_DIDEMNIN_B,Didemnin B,reference_ligand,0.19047619047619047,structurally_distant_under_this_fingerprint
CID100003333,felodipine,3333,RZTAMFZIAATZDJ-UHFFFAOYSA-N,C08CA02,98,CHEMBL1232461,MOLIBRESIB,network_candidate,0.19047619047619047,structurally_distant_under_this_fingerprint
CID100004168,metoclopramide,4168,TTWJBBZEZQICBI-UHFFFAOYSA-N,A03FA01,104,CHEMBL1232461,MOLIBRESIB,network_candidate,0.19047619047619047,structurally_distant_under_this_fingerprint
CID100003339,fenofibrate,3339,YMTINGFKWWXKFG-UHFFFAOYSA-N,C10AB05,192,CHEMBL1232461,MOLIBRESIB,network_candidate,0.189873417721519,structurally_distant_under_this_fingerprint
CID100004235,moclobemide,4235,YHXISWVBGDMDLQ-UHFFFAOYSA-N,N06AG02,84,CHEMBL1232461,MOLIBRESIB,network_candidate,0.189873417721519,structurally_distant_under_this_fingerprint
CID100166548,Anidulafungin,166548,JHVAMHSQVVQIOT-MFAJLEFUSA-N,J02AX06,120,REF_DIDEMNIN_B,Didemnin B,reference_ligand,0.1896551724137931,structurally_distant_under_this_fingerprint
CID100002159,amisulpride,2159,NTJOBXMMWNYJFB-UHFFFAOYSA-N,N05AL05,80,CHEMBL1802814,CHEMBL1802814,network_candidate,0.1891891891891892,structurally_distant_under_this_fingerprint
CID110182969,apixaban,10182969,QNZCBYKSOIHPEH-UHFFFAOYSA-N,,98,CHEMBL1802814,CHEMBL1802814,network_candidate,0.1891891891891892,structurally_distant_under_this_fingerprint
CID105277135,elvitegravir,5277135,JUZYLCPPVHEVSV-LJQANCHMSA-N,,29,CHEMBL1802815,CHEMBL1802815,network_candidate,0.1891891891891892,structurally_distant_under_this_fingerprint
CID100219078,lacosamide,219078,VPPJLAIAVCUEMN-GFCCVEGCSA-N,N03AX18,100,CHEMBL1802815,CHEMBL1802815,network_candidate,0.18888888888888888,structurally_distant_under_this_fingerprint
CID100004485,nifedipine,4485,HYIMSNHJOBLJNT-UHFFFAOYSA-N,C08CA05,240,CHEMBL1802973,CHEMBL1802973,network_candidate,0.18888888888888888,structurally_distant_under_this_fingerprint
CID154677977,A77,54677977,UTNUDOFZCWSZMS-UHFFFAOYSA-N,,99,CHEMBL3752910,CHEMBL3752910,network_candidate,0.18823529411764706,structurally_distant_under_this_fingerprint
CID100003916,levomepromazine,3916,VRQVVMDWGGWHTJ-UHFFFAOYSA-N,N05AA02,17,CHEMBL1232461,MOLIBRESIB,network_candidate,0.18823529411764706,structurally_distant_under_this_fingerprint
CID100002092,alfuzosin,2092,WNMJYKCGWZFFKR-UHFFFAOYSA-N,G04CA01,94,CHEMBL1802814,CHEMBL1802814,network_candidate,0.18803418803418803,structurally_distant_under_this_fingerprint
CID100123623,Cancidas,123623,OGUJBRYAAJYXQP-CPYUAZPCSA-N,J02AX04,246,REF_TERNATIN_4,Ternatin-4,reference_ligand,0.1875,structurally_distant_under_this_fingerprint
CID100002345,benzyl,2345,SESFRYSPDFLNCH-UHFFFAOYSA-N,P03AX01,4,CHEMBL1802815,CHEMBL1802815,network_candidate,0.1875,structurally_distant_under_this_fingerprint
CID100005401,terazosin,5401,VCKUSRYTPJJLNI-UHFFFAOYSA-N,G04CA03,110,CHEMBL1802814,CHEMBL1802814,network_candidate,0.1875,structurally_distant_under_this_fingerprint
CID111707110,trametinib,11707110,LIRYPHYGHXZJBZ-UHFFFAOYSA-N,,134,CHEMBL3752910,CHEMBL3752910,network_candidate,0.1875,structurally_distant_under_this_fingerprint
CID116129704,Bivalirudin,16129704,OIRCOABEOLEUMC-GEJPAHFPSA-N,B01AE06,108,REF_DIDEMNIN_B,Didemnin B,reference_ligand,0.18716577540106952,structurally_distant_under_this_fingerprint
CID100003823,ketoconazole,3823,XMAYWYJOQHXEEK-UHFFFAOYSA-N,D01AC08; G01AF11; J02AB02,116,CHEMBL1232461,MOLIBRESIB,network_candidate,0.18691588785046728,structurally_distant_under_this_fingerprint
CID100003373,flumazenil,3373,OFBIFZUFASYYRE-UHFFFAOYSA-N,V03AB25,95,CHEMBL1232461,MOLIBRESIB,network_candidate,0.18681318681318682,structurally_distant_under_this_fingerprint
CID100004993,pyrimethamine,4993,WKSAUQYGYAYLPV-UHFFFAOYSA-N,P01BD01,14,CHEMBL1232461,MOLIBRESIB,network_candidate,0.18666666666666668,structurally_distant_under_this_fingerprint
CID100003750,irinotecan,3750,UWKQSNNFCGGAFS-UHFFFAOYSA-N,L01XX19,153,CHEMBL1802814,CHEMBL1802814,network_candidate,0.1865671641791045,structurally_distant_under_this_fingerprint
CID100065866,lercanidipine,65866,ZDXUKAKRHYTAKV-UHFFFAOYSA-N,C08CA13,156,REF_NANNOCYSTIN_A,Nannocystin A,reference_ligand,0.1865671641791045,structurally_distant_under_this_fingerprint
CID100213023,dabigatran,213023,KSGXQBZTULBEEQ-UHFFFAOYSA-N,B01AE07,134,CHEMBL1802815,CHEMBL1802815,network_candidate,0.18604651162790697,structurally_distant_under_this_fingerprint
CID100004062,mepivacaine,4062,INWLQCZOYSRPNW-UHFFFAOYSA-N,N01BB03,54,CHEMBL3752910,CHEMBL3752910,network_candidate,0.18604651162790697,structurally_distant_under_this_fingerprint
CID100060878,eprosartan,60878,DJSLTDBPKHORNY-UHFFFAOYSA-N,C09CA02,132,CHEMBL1802815,CHEMBL1802815,network_candidate,0.18584070796460178,structurally_distant_under_this_fingerprint
CID100003066,dihydroergotamine,3066,LUZRJRNZXALNLM-UHFFFAOYSA-N,N02CA01,113,REF_DIDEMNIN_B,Didemnin B,reference_ligand,0.18562874251497005,structurally_distant_under_this_fingerprint
CID100004051,meloxicam,4051,PTCPMRKGGUPNDO-UHFFFAOYSA-M,M01AC06,197,CHEMBL5653589,CHEMBL5653589,network_candidate,0.18556701030927836,structurally_distant_under_this_fingerprint
CID100216237,tolvaptan,216237,GYHCTFXIZSNGJT-UHFFFAOYSA-N,C03XA01,72,CHEMBL1232461,MOLIBRESIB,network_candidate,0.18556701030927836,structurally_distant_under_this_fingerprint
CID100004044,mefenamic,4044,HYYBABOKPJLUIN-UHFFFAOYSA-N,M01AG01,140,CHEMBL3752910,CHEMBL3752910,network_candidate,0.18518518518518517,structurally_distant_under_this_fingerprint
CID100005245,risedronate,5245,IIDJRNMFWXDHID-UHFFFAOYSA-N,M05BA07,151,CHEMBL3752910,CHEMBL3752910,network_candidate,0.18518518518518517,structurally_distant_under_this_fingerprint
CID144201342,tesamorelin,44201342,WAOQOSHNKJFOTO-BMGKTWPMSA-N,,54,CHEMBL1802815,CHEMBL1802815,network_candidate,0.18518518518518517,structurally_distant_under_this_fingerprint
CID100057469,imiquimod,57469,DOUYETYNHWVLEO-UHFFFAOYSA-N,D06BB10,237,CHEMBL1802815,CHEMBL1802815,network_candidate,0.18478260869565216,structurally_distant_under_this_fingerprint
CID100002754,cilostazol,2754,RRGUKTPIGVIEKM-UHFFFAOYSA-N,,178,CHEMBL1802814,CHEMBL1802814,network_candidate,0.18421052631578946,structurally_distant_under_this_fingerprint
CID100001065,quinidine,1065,LOUPRKONTZGTKE-UHFFFAOYSA-N,C01BA01; P01BC01,164,CHEMBL1802814,CHEMBL1802814,network_candidate,0.18421052631578946,structurally_distant_under_this_fingerprint
CID100477468,FK463,477468,PIEUQSKUWLMALL-YABMTYFHSA-N,J02AX05,163,REF_DIDEMNIN_B,Didemnin B,reference_ligand,0.18407960199004975,structurally_distant_under_this_fingerprint
CID125077405,Nafarelin,25077405,RWHUEXWOYVBUCI-ITQXDASVSA-N,H01CA02,110,REF_DIDEMNIN_B,Didemnin B,reference_ligand,0.18407960199004975,structurally_distant_under_this_fingerprint
CID100004811,physostigmine,4811,PIJVFDBKTWXHHD-UHFFFAOYSA-N,S01EB05; V03AB19,5,CHEMBL1232461,MOLIBRESIB,network_candidate,0.1839080459770115,structurally_distant_under_this_fingerprint
CID100154256,bazedoxifene,154256,OMZAMQFQZMUNTP-UHFFFAOYSA-N,G03XC02,39,CHEMBL1802815,CHEMBL1802815,network_candidate,0.1834862385321101,structurally_distant_under_this_fingerprint
CID125077993,Histrelin,25077993,HHXHVIJIIXKSOE-QILQGKCVSA-N,H01CA03,122,CHEMBL1802815,CHEMBL1802815,network_candidate,0.1834319526627219,structurally_distant_under_this_fingerprint
CID100003672,ibuprofen,3672,HEFNNWSXXWATRW-UHFFFAOYSA-N,C01EB16; G02CC01; M01AE01; M01AE14; M02AA13,287,CHEMBL1802815,CHEMBL1802815,network_candidate,0.18292682926829268,structurally_distant_under_this_fingerprint
CID100000942,nicotine,942,SNICXCGAKADSCV-UHFFFAOYSA-N,N07BA01,159,CHEMBL3752910,CHEMBL3752910,network_candidate,0.18292682926829268,structurally_distant_under_this_fingerprint
CID100003403,fluvastatin,3403,FJLGEFLZQAZZCD-UHFFFAOYSA-N,C10AA04,146,CHEMBL1802815,CHEMBL1802815,network_candidate,0.18269230769230768,structurally_distant_under_this_fingerprint
CID100003478,glipizide,3478,ZJJXGWJIGJFDTL-UHFFFAOYSA-N,A10BB07,93,CHEMBL1802973,CHEMBL1802973,network_candidate,0.18269230769230768,structurally_distant_under_this_fingerprint
CID100004893,prazosin,4893,IENZQIKPVFGBNW-UHFFFAOYSA-N,C02CA01,63,CHEMBL1802815,CHEMBL1802815,network_candidate,0.18269230769230768,structurally_distant_under_this_fingerprint
CID100197712,ambrisentan,197712,OUJTZYPIHDYQMC-UHFFFAOYSA-N,C02KX02,98,CHEMBL3752910,CHEMBL3752910,network_candidate,0.18181818181818182,structurally_distant_under_this_fingerprint
CID100002375,bicalutamide,2375,LKJPYSCBVHEWIU-UHFFFAOYSA-N,L02BB03,182,CHEMBL3752910,CHEMBL3752910,network_candidate,0.18181818181818182,structurally_distant_under_this_fingerprint
CID100002548,capsaicin,2548,YKPUWZUDDOIDPM-UHFFFAOYSA-N,M02AB01; M02AB02; N01BX04,62,CHEMBL1232461,MOLIBRESIB,network_candidate,0.18181818181818182,structurally_distant_under_this_fingerprint
CID100004112,methotrexate,4112,FBOZXECLQNJBKD-UHFFFAOYSA-N,L01BA01; L04AX03,276,CHEMBL1802815,CHEMBL1802815,network_candidate,0.18181818181818182,structurally_distant_under_this_fingerprint
CID100004614,oxaprozin,4614,OFPXSFXSNFPTHF-UHFFFAOYSA-N,M01AE12,127,CHEMBL1802815,CHEMBL1802815,network_candidate,0.18181818181818182,structurally_distant_under_this_fingerprint
CID100449193,roflumilast,449193,MNDBXUUTURYVHR-UHFFFAOYSA-N,R03DX07,66,CHEMBL3752910,CHEMBL3752910,network_candidate,0.18181818181818182,structurally_distant_under_this_fingerprint
CID109800339,olodaterol,9800339,COUYJEVMBVSIHV-UHFFFAOYSA-N,,25,CHEMBL1802814,CHEMBL1802814,network_candidate,0.1810344827586207,structurally_distant_under_this_fingerprint
CID100060164,adapalene,60164,LZCDAPDGXCYOEH-UHFFFAOYSA-N,D10AD03,48,CHEMBL1802814,CHEMBL1802814,network_candidate,0.18095238095238095,structurally_distant_under_this_fingerprint
CID100003354,flavoxate,3354,SPIUTQOUKAMGCX-UHFFFAOYSA-N,G04BD02,18,CHEMBL1802815,CHEMBL1802815,network_candidate,0.18095238095238095,structurally_distant_under_this_fingerprint
CID100003510,granisetron,3510,MFWNKCLOYSRHCJ-UHFFFAOYSA-N,A04AA02,121,CHEMBL1802814,CHEMBL1802814,network_candidate,0.18095238095238095,structurally_distant_under_this_fingerprint
CID100012555,benzydamine,12555,CNBGNNVCVSKAQZ-UHFFFAOYSA-N,A01AD02; G02CC03; M01AX07; M02AA05,10,CHEMBL1802815,CHEMBL1802815,network_candidate,0.18085106382978725,structurally_distant_under_this_fingerprint
CID105001396,warfarin,5001396,PJVWKTKQMONHTI-UHFFFAOYSA-M,B01AA03,84,CHEMBL1802815,CHEMBL1802815,network_candidate,0.18085106382978725,structurally_distant_under_this_fingerprint
CID116129632,Nuvocid,16129632,VHFGEBVPHAGQPI-MYYQHNLBSA-N,J01XA05,46,REF_DIDEMNIN_B,Didemnin B,reference_ligand,0.18061674008810572,structurally_distant_under_this_fingerprint
CID100004868,polymyxin,4868,WQVJHHACXVLGBL-UHFFFAOYSA-N,A07AA05; J01XB02; S01AA18; S02AA11; S03AA03,16,REF_DIDEMNIN_B,Didemnin B,reference_ligand,0.18023255813953487,structurally_distant_under_this_fingerprint
CID105488547,alvimopan,5488547,USPVLEIQIUNQGE-DBFLIVQGSA-N,A06AH02,12,CHEMBL1802815,CHEMBL1802815,network_candidate,0.18018018018018017,structurally_distant_under_this_fingerprint
CID100005719,zaleplon,5719,HUNXMJYCHXQEGX-UHFFFAOYSA-N,N05CF03,265,CHEMBL3752910,CHEMBL3752910,network_candidate,0.18,structurally_distant_under_this_fingerprint
CID100004999,quazepam,4999,IKMPWMZBZSAONZ-UHFFFAOYSA-N,N05CD10,10,CHEMBL1232461,MOLIBRESIB,network_candidate,0.1797752808988764,structurally_distant_under_this_fingerprint
CID100003156,doxapram,3156,XFDJYSQDBULQSI-UHFFFAOYSA-N,R07AB01,42,REF_NANNOCYSTIN_A,Nannocystin A,reference_ligand,0.1794871794871795,structurally_distant_under_this_fingerprint
CID100003961,losartan,3961,PSIFNNKUMBGKDQ-UHFFFAOYSA-N,C09CA01,164,CHEMBL1802815,CHEMBL1802815,network_candidate,0.1792452830188679,structurally_distant_under_this_fingerprint
CID111304743,riociguat,11304743,WXXSNCNJFUAIDG-UHFFFAOYSA-N,,31,CHEMBL3752910,CHEMBL3752910,network_candidate,0.1792452830188679,structurally_distant_under_this_fingerprint
CID100003075,diltiazem,3075,HSUGRBWQSSZJOP-UHFFFAOYSA-O,C08DB01,213,CHEMBL1232461,MOLIBRESIB,network_candidate,0.17894736842105263,structurally_distant_under_this_fingerprint
CID116132441,Refludan,16132441,OTQCKZUSUGYWBD-BRHMIFOHSA-N,B01AE02,97,REF_DIDEMNIN_B,Didemnin B,reference_ligand,0.17889908256880735,structurally_distant_under_this_fingerprint
CID100047419,cefuroxime,47419,KEJCWVGMRLCZQQ-OBEQYXGQSA-N,,81,CHEMBL1802815,CHEMBL1802815,network_candidate,0.17886178861788618,structurally_distant_under_this_fingerprint
CID109898619,Depreotide,9898619,XXXSJQLZVNKRKX-YQRDHHIGSA-N,,10,REF_DIDEMNIN_B,Didemnin B,reference_ligand,0.17857142857142858,structurally_distant_under_this_fingerprint
CID125102847,cabozantinib,25102847,ONIQOQHATWINJY-UHFFFAOYSA-N,,158,CHEMBL1802814,CHEMBL1802814,network_candidate,0.17857142857142858,structurally_distant_under_this_fingerprint
CID100005035,raloxifene,5035,GZUITABIAKMVPG-UHFFFAOYSA-N,G03XC01,88,CHEMBL1802814,CHEMBL1802814,network_candidate,0.17857142857142858,structurally_distant_under_this_fingerprint
CID100004473,nicardipine,4473,ZBBHBTPTTSWHBA-UHFFFAOYSA-O,C08CA04,99,REF_NANNOCYSTIN_A,Nannocystin A,reference_ligand,0.17829457364341086,structurally_distant_under_this_fingerprint
CID100007699,benzonatate,7699,MAFMQEKGGFWBAB-UHFFFAOYSA-N,R05DB01,23,CHEMBL1802814,CHEMBL1802814,network_candidate,0.1782178217821782,structurally_distant_under_this_fingerprint
CID100003152,donepezil,3152,ADEBPBSSDYVVLD-UHFFFAOYSA-N,N06DA02,303,CHEMBL1802815,CHEMBL1802815,network_candidate,0.1782178217821782,structurally_distant_under_this_fingerprint
CID124965990,suvorexant,24965990,JYTNQNCOQXFQPK-MRXNPFEDSA-N,,23,CHEMBL1232461,MOLIBRESIB,network_candidate,0.1782178217821782,structurally_distant_under_this_fingerprint
CID100005038,ramipril,5038,HDACQVRGBOVJII-UHFFFAOYSA-N,C09AA05,184,CHEMBL1802815,CHEMBL1802815,network_candidate,0.17757009345794392,structurally_distant_under_this_fingerprint
CID100005525,trandolapril,5525,VXFJYXUZANRPDJ-UHFFFAOYSA-N,C09AA10,185,CHEMBL1802815,CHEMBL1802815,network_candidate,0.17757009345794392,structurally_distant_under_this_fingerprint
CID100003222,CAS,3222,GBXSMTUPTTWBMN-UHFFFAOYSA-N,C09AA02,184,REF_DIDEMNIN_B,Didemnin B,reference_ligand,0.1773049645390071,structurally_distant_under_this_fingerprint
CID100036339,etomidate,36339,NPUKDXXFDDZOKR-UHFFFAOYSA-N,N01AX07,21,REF_NANNOCYSTIN_A,Nannocystin A,reference_ligand,0.17699115044247787,structurally_distant_under_this_fingerprint
CID100021945,methenamine,21945,ROAIXOJGRFKICW-UHFFFAOYSA-N,,5,CHEMBL1802815,CHEMBL1802815,network_candidate,0.17647058823529413,structurally_distant_under_this_fingerprint
CID100004906,prilocaine,4906,MVFGUOIZUNYYSO-UHFFFAOYSA-N,N01BB04,70,CHEMBL3752910,CHEMBL3752910,network_candidate,0.17647058823529413,structurally_distant_under_this_fingerprint
CID100107994,quinaprilat,107994,FLSLEGPOVLMJMN-YSSFQJQWSA-N,,73,CHEMBL1802815,CHEMBL1802815,network_candidate,0.17647058823529413,structurally_distant_under_this_fingerprint
CID100003388,fluphenazine,3388,VIQCGTZFEYDQMR-UHFFFAOYSA-N,,121,CHEMBL3752910,CHEMBL3752910,network_candidate,0.17592592592592593,structurally_distant_under_this_fingerprint
CID100055331,moexiprilat,55331,CMPAGYDKASJORH-YSSFQJQWSA-N,,75,CHEMBL1802815,CHEMBL1802815,network_candidate,0.17592592592592593,structurally_distant_under_this_fingerprint
CID100005650,valsartan,5650,ACWBQPMHZXGDFX-UHFFFAOYSA-N,C09CA03,101,CHEMBL1802815,CHEMBL1802815,network_candidate,0.17592592592592593,structurally_distant_under_this_fingerprint
CID100002662,celecoxib,2662,RZEKVGVHFLEQIL-UHFFFAOYSA-N,L01XX33; M01AH01,311,CHEMBL3752910,CHEMBL3752910,network_candidate,0.17582417582417584,structurally_distant_under_this_fingerprint
CID100153994,clevidipine,153994,KPBZROQVTHLCDU-UHFFFAOYSA-N,,14,CHEMBL1232461,MOLIBRESIB,network_candidate,0.17582417582417584,structurally_distant_under_this_fingerprint
CID100130564,esomeprazole,130564,KWORUUGOSLYAGD-UHFFFAOYSA-N,,182,CHEMBL1232461,MOLIBRESIB,network_candidate,0.17582417582417584,structurally_distant_under_this_fingerprint
CID100003410,formoterol,3410,BPZSYCZIITTYBL-UHFFFAOYSA-N,R03AC13,168,CHEMBL1232461,MOLIBRESIB,network_candidate,0.17582417582417584,structurally_distant_under_this_fingerprint
CID100004594,omeprazole,4594,SUBDBMMJDZJVOS-UHFFFAOYSA-N,A02BC01; A02BC05,264,CHEMBL1232461,MOLIBRESIB,network_candidate,0.17582417582417584,structurally_distant_under_this_fingerprint
CID100032800,Asp-Tyr(SO3H)-Met-Gly-Trp-Met-Asp-Phe-NH2,32800,IZTQOLKUZKXIRV-UHFFFAOYSA-N,V04CC03,28,CHEMBL1802815,CHEMBL1802815,network_candidate,0.17557251908396945,structurally_distant_under_this_fingerprint
CID103055172,pimecrolimus,3055172,KASDHRXLYQOAKZ-QJBCOTQNSA-N,D11AH02,114,REF_PLITIDEPSIN,Plitidepsin,reference_ligand,0.1751412429378531,structurally_distant_under_this_fingerprint
CID100219090,fosaprepitant,219090,BARDROPHSZEBKC-OITMNORJSA-N,,119,CHEMBL1802815,CHEMBL1802815,network_candidate,0.175,structurally_distant_under_this_fingerprint
CID106850791,leuprorelin,6850791,LCRCDJRENPEPSZ-FHKLCDMWSA-N,,301,REF_DIDEMNIN_B,Didemnin B,reference_ligand,0.175,structurally_distant_under_this_fingerprint
CID125094462,sofosbuvir,25094462,TTZHDVOVKQGIBA-FMYSVHDWSA-N,,61,CHEMBL1802815,CHEMBL1802815,network_candidate,0.175,structurally_distant_under_this_fingerprint
CID106435110,ivermectin,6435110,SPBDXSGPUHCETR-VHJJIYNUSA-N,P02CF01,88,REF_NANNOCYSTIN_A,Nannocystin A,reference_ligand,0.1744186046511628,structurally_distant_under_this_fingerprint
CID125074470,Triptorelin,25074470,VXKHXGOKWPXYNA-PGBVPBMZSA-N,L02AE04,172,REF_DIDEMNIN_B,Didemnin B,reference_ligand,0.17346938775510204,structurally_distant_under_this_fingerprint
CID100004634,oxybutynin,4634,XIQVNETUBQGFHX-UHFFFAOYSA-N,G04BD04,204,CHEMBL1802973,CHEMBL1802973,network_candidate,0.17346938775510204,structurally_distant_under_this_fingerprint
CID124776445,vismodegib,24776445,BPQMGSKTAYIVFO-UHFFFAOYSA-N,,50,CHEMBL3752910,CHEMBL3752910,network_candidate,0.17346938775510204,structurally_distant_under_this_fingerprint
CID100015232,benzathine,15232,BVGLIYRKPOITBQ-ANPZCEIESA-N,J01CE08,98,CHEMBL1802815,CHEMBL1802815,network_candidate,0.17307692307692307,structurally_distant_under_this_fingerprint
CID100128549,trandolaprilat,128549,AHYHTSYNOHNUSH-UHFFFAOYSA-N,,91,CHEMBL1802815,CHEMBL1802815,network_candidate,0.17307692307692307,structurally_distant_under_this_fingerprint
CID100216258,Colimycin,216258,IQWHCHZFYPIVRV-UHFFFAOYSA-I,,74,REF_TERNATIN_4,Ternatin-4,reference_ligand,0.17293233082706766,structurally_distant_under_this_fingerprint
CID100002148,p-aminohippurate,2148,HSMNQINEKMPTIC-UHFFFAOYSA-N,V04CH30,10,CHEMBL1802973,CHEMBL1802973,network_candidate,0.1728395061728395,structurally_distant_under_this_fingerprint
CID106440191,fidaxomicin,6440191,ZVGNESXIJDCBKN-HSFUDZDJSA-N,,37,REF_NANNOCYSTIN_A,Nannocystin A,reference_ligand,0.1724137931034483,structurally_distant_under_this_fingerprint
CID100004036,meclofenamate,4036,SBDNJUWAMKYJOX-UHFFFAOYSA-M,M01AG04; M02AA18,49,CHEMBL3752910,CHEMBL3752910,network_candidate,0.1724137931034483,structurally_distant_under_this_fingerprint
CID116132344,oCRH,16132344,QEEJLLNYQOBRRM-KSHGRFHLSA-N,V04CD04,12,REF_DIDEMNIN_B,Didemnin B,reference_ligand,0.17209302325581396,structurally_distant_under_this_fingerprint
CID100071273,ropivacaine,71273,ZKMNUMMKYBVTFN-UHFFFAOYSA-N,N01BB09,205,CHEMBL1802973,CHEMBL1802973,network_candidate,0.17204301075268819,structurally_distant_under_this_fingerprint
CID100002951,dantrolene,2951,OZOMQRBLCMDCEG-UHFFFAOYSA-M,M03CA01,94,CHEMBL1802973,CHEMBL1802973,network_candidate,0.1717171717171717,structurally_distant_under_this_fingerprint
CID100119828,parecoxib,119828,TZRHLKRLEZJVIJ-UHFFFAOYSA-N,M01AH04,87,CHEMBL1802815,CHEMBL1802815,network_candidate,0.1717171717171717,structurally_distant_under_this_fingerprint
CID100005656,venlafaxine,5656,PNVNVHUZROJLTJ-UHFFFAOYSA-N,N06AX16,511,CHEMBL1802814,CHEMBL1802814,network_candidate,0.1717171717171717,structurally_distant_under_this_fingerprint
CID109941444,SOM230,9941444,VMZMNAABQBOLAK-DBILLSOUSA-N,,63,REF_DIDEMNIN_B,Didemnin B,reference_ligand,0.17142857142857143,structurally_distant_under_this_fingerprint
CID100002179,amsacrine,2179,XCPGHVQEEXUHNC-UHFFFAOYSA-N,L01XX01,99,CHEMBL1802814,CHEMBL1802814,network_candidate,0.17142857142857143,structurally_distant_under_this_fingerprint
CID100003008,dextromethorphan,3008,MKXZASYAUGDDCJ-UHFFFAOYSA-N,R05DA09,30,CHEMBL1802814,CHEMBL1802814,network_candidate,0.17142857142857143,structurally_distant_under_this_fingerprint
CID100003292,ethotoin,3292,SZQIFWWUIBRPBZ-UHFFFAOYSA-N,N03AB01,25,REF_NANNOCYSTIN_A,Nannocystin A,reference_ligand,0.17142857142857143,structurally_distant_under_this_fingerprint
CID105464096,ramiprilat,5464096,KEDYTOTWMPBSLG-HILJTLORSA-N,,99,CHEMBL1802815,CHEMBL1802815,network_candidate,0.17142857142857143,structurally_distant_under_this_fingerprint
CID100027991,desmopressin,27991,NFLWUMRGJYTJIN-UHFFFAOYSA-N,H01BA02,125,REF_DIDEMNIN_B,Didemnin B,reference_ligand,0.1712707182320442,structurally_distant_under_this_fingerprint
CID100002341,benzphetamine,2341,YXKTVDFXDRQTKV-UHFFFAOYSA-N,,18,CHEMBL1802815,CHEMBL1802815,network_candidate,0.17073170731707318,structurally_distant_under_this_fingerprint
CID100005591,troglitazone,5591,GXPHKUHSUJUWKP-UHFFFAOYSA-N,A10BG01,29,REF_NANNOCYSTIN_A,Nannocystin A,reference_ligand,0.17054263565891473,structurally_distant_under_this_fingerprint
CID100004913,procainamide,4913,REQCZEXYDRLIBE-UHFFFAOYSA-N,C01BA02,70,CHEMBL1802815,CHEMBL1802815,network_candidate,0.17045454545454544,structurally_distant_under_this_fingerprint
CID100002162,amlodipine,2162,HTIQEAQVCYTUBX-UHFFFAOYSA-N,C08CA01,145,CHEMBL1232461,MOLIBRESIB,network_candidate,0.1702127659574468,structurally_distant_under_this_fingerprint
CID100121892,retigabine,121892,PCOBBVZJEWWZFR-UHFFFAOYSA-N,,79,CHEMBL3752910,CHEMBL3752910,network_candidate,0.1702127659574468,structurally_distant_under_this_fingerprint
CID100005735,zopiclone,5735,GBBSUAFBMRNDJC-UHFFFAOYSA-N,N05CF01; N05CF04,228,CHEMBL1232461,MOLIBRESIB,network_candidate,0.1702127659574468,structurally_distant_under_this_fingerprint
CID100065628,bendamustine,65628,YTKUWDBFDASYHO-UHFFFAOYSA-N,L01AA09,113,CHEMBL1802815,CHEMBL1802815,network_candidate,0.17,structurally_distant_under_this_fingerprint
CID100040159,permethrin,40159,RLLPVAHGXHCWKJ-PKOBYXMFSA-N,P03AC04,16,CHEMBL1802815,CHEMBL1802815,network_candidate,0.17,structurally_distant_under_this_fingerprint
CID109846180,eltrombopag,9846180,TYEXNVNUZXJNBN-YYADALCUSA-N,B02BX05,48,CHEMBL3752910,CHEMBL3752910,network_candidate,0.16981132075471697,structurally_distant_under_this_fingerprint
CID109865528,mirabegron,9865528,PBAPPPCECJKMCM-IBGZPJMESA-N,,72,CHEMBL1802815,CHEMBL1802815,network_candidate,0.16981132075471697,structurally_distant_under_this_fingerprint
CID100005005,quinapril,5005,JSDRRTOADPPCHY-UHFFFAOYSA-N,C09AA06,93,CHEMBL1802815,CHEMBL1802815,network_candidate,0.16981132075471697,structurally_distant_under_this_fingerprint
CID100005052,reserpine,5052,QEVHRUUCFGRFIF-UHFFFAOYSA-N,C02AA02,40,CHEMBL1232461,MOLIBRESIB,network_candidate,0.16964285714285715,structurally_distant_under_this_fingerprint
CID100003157,doxazosin,3157,RUZYUOTYCVRMRZ-UHFFFAOYSA-N,C02CA04,234,CHEMBL1802814,CHEMBL1802814,network_candidate,0.1694915254237288,structurally_distant_under_this_fingerprint
CID116129665,Vitrum,16129665,KKNIUBFRGPFELP-UHFFFAOYSA-N,V04CK01,41,CHEMBL1802815,CHEMBL1802815,network_candidate,0.16891891891891891,structurally_distant_under_this_fingerprint
CID100123619,etoricoxib,123619,MNJVRJDLRVPLFE-UHFFFAOYSA-N,M01AH05,213,CHEMBL1232461,MOLIBRESIB,network_candidate,0.1686746987951807,structurally_distant_under_this_fingerprint
CID100003331,felbamate,3331,WKGXYQFOCVYPAC-UHFFFAOYSA-N,N03AX10,229,CHEMBL1802815,CHEMBL1802815,network_candidate,0.1686746987951807,structurally_distant_under_this_fingerprint
CID116132283,glucagon,16132283,MASNOZXLGMXCHN-ZLPAWPGGSA-N,H04AA01,10,CHEMBL1802815,CHEMBL1802815,network_candidate,0.1686046511627907,structurally_distant_under_this_fingerprint
CID146181941,Signifor,46181941,NEEFMPSSNFRRNC-YVKFFCKOSA-N,,51,REF_DIDEMNIN_B,Didemnin B,reference_ligand,0.16847826086956522,structurally_distant_under_this_fingerprint
CID116132446,Symlin,16132446,NRKVKVQDUCJPIZ-MKAGXXMWSA-N,A10BX05,18,CHEMBL1802815,CHEMBL1802815,network_candidate,0.16842105263157894,structurally_distant_under_this_fingerprint
CID100002350,bepotastine,2350,YWGDOWXRIALTES-UHFFFAOYSA-N,,8,CHEMBL1232461,MOLIBRESIB,network_candidate,0.16842105263157894,structurally_distant_under_this_fingerprint
CID100002762,cinoxacin,2762,VDUWPHTZYNWKRN-UHFFFAOYSA-N,J01MB06,27,CHEMBL1802815,CHEMBL1802815,network_candidate,0.16842105263157894,structurally_distant_under_this_fingerprint
CID100005566,trifluoperazine,5566,ZEWQUBUPAILYHI-UHFFFAOYSA-N,N05AB06,106,CHEMBL3752910,CHEMBL3752910,network_candidate,0.16842105263157894,structurally_distant_under_this_fingerprint
CID100002249,atenolol,2249,METKIMKYRPQLGS-UHFFFAOYSA-N,C07AB03; C07AB11,118,CHEMBL1802814,CHEMBL1802814,network_candidate,0.16831683168316833,structurally_distant_under_this_fingerprint
CID100002751,cilazapril,2751,HHHKFGXWKKUNCY-UHFFFAOYSA-N,C09AA08,142,CHEMBL1802815,CHEMBL1802815,network_candidate,0.16822429906542055,structurally_distant_under_this_fingerprint
CID106442177,everolimus,6442177,HKVAMNSJSFKALM-GKUWKFKPSA-N,L01XE10; L04AA18,388,REF_NANNOCYSTIN_A,Nannocystin A,reference_ligand,0.1676300578034682,structurally_distant_under_this_fingerprint
CID100060496,amlodipine,60496,ZPBWCRDSRKPIDG-UHFFFAOYSA-N,,139,REF_NANNOCYSTIN_A,Nannocystin A,reference_ligand,0.16666666666666666,structurally_distant_under_this_fingerprint
CID100008230,argenine,8230,KBZOIRJILGZLEJ-UHFFFAOYSA-N,H01BA06,19,REF_DIDEMNIN_B,Didemnin B,reference_ligand,0.16666666666666666,structurally_distant_under_this_fingerprint
CID100002311,benazepril,2311,XPCFTKFZXHTYIP-UHFFFAOYSA-N,C09AA07,95,CHEMBL1802815,CHEMBL1802815,network_candidate,0.16666666666666666,structurally_distant_under_this_fingerprint
CID100007029,diethylpropion,7029,XXEPPPIWZFICOJ-UHFFFAOYSA-N,A08AA03,60,CHEMBL1802815,CHEMBL1802815,network_candidate,0.16666666666666666,structurally_distant_under_this_fingerprint
CID100003372,fluphenazine,3372,PLDUPXSUYLZYBN-UHFFFAOYSA-N,N05AB02,82,CHEMBL3752910,CHEMBL3752910,network_candidate,0.16666666666666666,structurally_distant_under_this_fingerprint
CID116220172,ivacaftor,16220172,PURKAOJPTOLRMP-UHFFFAOYSA-N,,48,CHEMBL3752910,CHEMBL3752910,network_candidate,0.16666666666666666,structurally_distant_under_this_fingerprint
CID100123597,travoprost,123597,MKPLKVHSHYCHOC-SVGSHXIVSA-N,S01EE04,173,CHEMBL3752910,CHEMBL3752910,network_candidate,0.16666666666666666,structurally_distant_under_this_fingerprint
CID100005582,trimetrexate,5582,NOYPYLRCIDNJJB-UHFFFAOYSA-O,P01AX07,22,CHEMBL1802814,CHEMBL1802814,network_candidate,0.16666666666666666,structurally_distant_under_this_fingerprint
CID100065281,CAS,65281,CLKOFPXJLQSYAH-UHFFFAOYSA-N,D06AX05; J01XX10; R02AB04,7,REF_PLITIDEPSIN,Plitidepsin,reference_ligand,0.16585365853658537,structurally_distant_under_this_fingerprint
CID110163178,afatinib,10163178,ULXXDDBFHOBEHA-QDLOVBKTSA-N,,80,CHEMBL1802814,CHEMBL1802814,network_candidate,0.16541353383458646,structurally_distant_under_this_fingerprint
CID110028615,vorapaxar,10028615,ZBGXUVOIWDMMJE-NPUGLVOVSA-N,,12,CHEMBL3752910,CHEMBL3752910,network_candidate,0.1652892561983471,structurally_distant_under_this_fingerprint
CID116132438,Humalog,16132438,WNRQPCUGRUFHED-DETKDSODSA-N,A10AB04; A10AC04; A10AD04,51,REF_DIDEMNIN_B,Didemnin B,reference_ligand,0.16521739130434782,structurally_distant_under_this_fingerprint
CID100151165,aprepitant,151165,ATALOFNDEOCMKK-BYYRLHKVSA-N,A04AD12,214,CHEMBL1802815,CHEMBL1802815,network_candidate,0.16521739130434782,structurally_distant_under_this_fingerprint
CID103081362,telavancin,3081362,ONUMZHGUFYIKPM-MXNFEBESSA-N,J01XA03,123,REF_DIDEMNIN_B,Didemnin B,reference_ligand,0.16521739130434782,structurally_distant_under_this_fingerprint
CID100077997,MK-462,77997,JPRXYLQNJJVCMZ-UHFFFAOYSA-N,,64,CHEMBL1802815,CHEMBL1802815,network_candidate,0.1651376146788991,structurally_distant_under_this_fingerprint
CID100005625,delavirdine,5625,WHBIGIKBNXZKFE-UHFFFAOYSA-N,J05AG02,257,CHEMBL3752910,CHEMBL3752910,network_candidate,0.1651376146788991,structurally_distant_under_this_fingerprint
CID100008982,nafcillin,8982,GPXLMGHLHQJAGZ-JTDSTZFVSA-N,,57,CHEMBL1802815,CHEMBL1802815,network_candidate,0.1651376146788991,structurally_distant_under_this_fingerprint
CID123668479,raltegravir,23668479,IFUKBHBISRAZTF-UHFFFAOYSA-M,J05AX08,259,CHEMBL3752910,CHEMBL3752910,network_candidate,0.1651376146788991,structurally_distant_under_this_fingerprint
CID111163584,alogliptin,11163584,ZSBOMTDTBDDKMP-UHFFFAOYSA-N,A10BH04,17,REF_TERNATIN_4,Ternatin-4,reference_ligand,0.1650485436893204,structurally_distant_under_this_fingerprint
CID100134018,febuxostat,134018,BQSJTQLCZDPROO-UHFFFAOYSA-N,M04AA03,240,CHEMBL1802815,CHEMBL1802815,network_candidate,0.1650485436893204,structurally_distant_under_this_fingerprint
CID100003702,indapamide,3702,NDDAHWYSQHTHNT-UHFFFAOYSA-N,C03BA11,215,CHEMBL1802815,CHEMBL1802815,network_candidate,0.1650485436893204,structurally_distant_under_this_fingerprint
CID100003911,Leuprorelin,3911,GFIJNRVAKGFPGQ-UHFFFAOYSA-N,L02AE02,267,REF_DIDEMNIN_B,Didemnin B,reference_ligand,0.16494845360824742,structurally_distant_under_this_fingerprint
CID100003114,disopyramide,3114,UVTNFZQICZKOEM-UHFFFAOYSA-N,C01BA03,101,CHEMBL1802815,CHEMBL1802815,network_candidate,0.16494845360824742,structurally_distant_under_this_fingerprint
CID100004046,mefloquine,4046,XEEQGYMUWCZPDN-UHFFFAOYSA-N,P01BC02,135,CHEMBL3752910,CHEMBL3752910,network_candidate,0.16494845360824742,structurally_distant_under_this_fingerprint
CID100006018,tetrabenazine,6018,MKJIEFSOBYUXJB-UHFFFAOYSA-N,N07XX06,68,REF_TERNATIN_4,Ternatin-4,reference_ligand,0.16494845360824742,structurally_distant_under_this_fingerprint
CID100000298,chloramphenicol,298,WIIZWVCIJKGZOK-UHFFFAOYSA-N,D06AX02; D10AF03; G01AA05; J01BA01; S01AA01; S02AA01; S03AA08,52,CHEMBL1802973,CHEMBL1802973,network_candidate,0.16483516483516483,structurally_distant_under_this_fingerprint
CID100060490,zileuton,60490,MWLSOWXNZPKENC-UHFFFAOYSA-N,,49,CHEMBL1802815,CHEMBL1802815,network_candidate,0.16483516483516483,structurally_distant_under_this_fingerprint
CID100005486,tirofiban,5486,COKMIXFXJJXBQG-UHFFFAOYSA-N,B01AC17,29,REF_DIDEMNIN_B,Didemnin B,reference_ligand,0.1643835616438356,structurally_distant_under_this_fingerprint
CID100003706,indinavir,3706,CBVCZFGXHXORBI-UHFFFAOYSA-N,J05AE02,201,CHEMBL1802815,CHEMBL1802815,network_candidate,0.1640625,structurally_distant_under_this_fingerprint
CID116132265,ACTH(1-39,16132265,IDLFZVILOHSSID-OVLDLUHVSA-N,H01AA01,63,CHEMBL1802815,CHEMBL1802815,network_candidate,0.164021164021164,structurally_distant_under_this_fingerprint
CID100001978,acebutolol,1978,GOEMGAFJFRBGGG-UHFFFAOYSA-N,C07AB04,113,CHEMBL1802814,CHEMBL1802814,network_candidate,0.16363636363636364,structurally_distant_under_this_fingerprint
CID100003784,isradipine,3784,HMJIYCCIJYRONP-UHFFFAOYSA-N,C08CA03,97,CHEMBL1802814,CHEMBL1802814,network_candidate,0.16363636363636364,structurally_distant_under_this_fingerprint
CID100054949,NSC,54949,ZCJXQWYMBJYJNB-LRDBBFHQSA-N,,23,CHEMBL1232461,MOLIBRESIB,network_candidate,0.16346153846153846,structurally_distant_under_this_fingerprint
CID100005647,VACV,5647,HDOVUKNUBWVHOX-UHFFFAOYSA-N,J05AB11,118,CHEMBL1802815,CHEMBL1802815,network_candidate,0.16346153846153846,structurally_distant_under_this_fingerprint
CID117754772,ruxolitinib,17754772,HFNKQEVNSGCOJV-UHFFFAOYSA-N,,41,CHEMBL1802973,CHEMBL1802973,network_candidate,0.16346153846153846,structurally_distant_under_this_fingerprint
CID116065945,TMC435,16065945,JTZZSQYMACOLNN-HEYMLPBCSA-N,,21,CHEMBL1802814,CHEMBL1802814,network_candidate,0.16339869281045752,structurally_distant_under_this_fingerprint
CID100002826,cocaine,2826,ZPUCINDJVBIVPJ-UHFFFAOYSA-N,N01BC01; R02AD03; S01HA01; S02DA02,11,CHEMBL1802815,CHEMBL1802815,network_candidate,0.16326530612244897,structurally_distant_under_this_fingerprint
CID103052762,prucalopride,3052762,ZPMNHBXQOOVQJL-UHFFFAOYSA-N,A03AE04,44,CHEMBL1232461,MOLIBRESIB,network_candidate,0.16326530612244897,structurally_distant_under_this_fingerprint
CID100054373,Octreotide,54373,QWFYIFWTVZFPRY-AARKYNAGSA-N,H01CB02,246,CHEMBL1802815,CHEMBL1802815,network_candidate,0.16312056737588654,structurally_distant_under_this_fingerprint
CID100002267,azelastine,2267,MBUVEWMHONZEQD-UHFFFAOYSA-N,R01AC03; R06AX19; S01GX07,112,CHEMBL1232461,MOLIBRESIB,network_candidate,0.16304347826086957,structurally_distant_under_this_fingerprint
CID100003404,fluvoxamine,3404,CJOFXWAVKWHTFT-UHFFFAOYSA-N,N06AB08,411,CHEMBL3752910,CHEMBL3752910,network_candidate,0.16304347826086957,structurally_distant_under_this_fingerprint
CID100005195,deprenyl,5195,MEZLKOACVSPNER-UHFFFAOYSA-N,N04BD01,383,CHEMBL1802815,CHEMBL1802815,network_candidate,0.16279069767441862,structurally_distant_under_this_fingerprint
CID100003825,ketoprofen,3825,DKYWVDODHFEZIM-UHFFFAOYSA-N,M01AE03; M01AE17; M02AA10,140,CHEMBL1802815,CHEMBL1802815,network_candidate,0.16279069767441862,structurally_distant_under_this_fingerprint
CID100005523,tramadol,5523,TVYLLZQTGLZFBW-UHFFFAOYSA-N,N02AX02,535,CHEMBL1232461,MOLIBRESIB,network_candidate,0.16279069767441862,structurally_distant_under_this_fingerprint
CID100072938,gemifloxacin,72938,ZRCVYEYHRGVLOC-UHFFFAOYSA-N,J01MA15,148,CHEMBL1802814,CHEMBL1802814,network_candidate,0.16260162601626016,structurally_distant_under_this_fingerprint
CID100042615,Supremon,42615,CUWODFFVMXJOKD-UHFFFAOYSA-N,L02AE01,171,REF_DIDEMNIN_B,Didemnin B,reference_ligand,0.1625615763546798,structurally_distant_under_this_fingerprint
CID100003767,isoniazid,3767,QRXWMOHMRWLFEY-UHFFFAOYSA-N,J04AC01,44,CHEMBL1802815,CHEMBL1802815,network_candidate,0.1625,structurally_distant_under_this_fingerprint
CID100002284,baclofen,2284,KPYSYYIEGFHWSV-UHFFFAOYSA-N,M03BX01,200,CHEMBL1232461,MOLIBRESIB,network_candidate,0.16216216216216217,structurally_distant_under_this_fingerprint
CID100031072,carbimazole,31072,CFOYWRHIYXMDOT-UHFFFAOYSA-N,H03BB01,49,CHEMBL1232461,MOLIBRESIB,network_candidate,0.16216216216216217,structurally_distant_under_this_fingerprint
CID100002833,colchicine,2833,IAKHMKGGTNLKSZ-UHFFFAOYSA-N,M04AC01,77,CHEMBL1802814,CHEMBL1802814,network_candidate,0.16216216216216217,structurally_distant_under_this_fingerprint
CID100150610,ertapenem,150610,JUZNIMUFDBIJCM-ANEDZVCMSA-N,J01DH03,282,CHEMBL5653589,CHEMBL5653589,network_candidate,0.16216216216216217,structurally_distant_under_this_fingerprint
CID111979316,vasopressin,11979316,JLTCWSBVQSZVLT-UHFFFAOYSA-N,H01BA01,22,REF_DIDEMNIN_B,Didemnin B,reference_ligand,0.16216216216216217,structurally_distant_under_this_fingerprint
CID100002794,clofazimine,2794,WDQPAMHFFCXSNU-UHFFFAOYSA-N,J04BA01,49,CHEMBL1802815,CHEMBL1802815,network_candidate,0.1619047619047619,structurally_distant_under_this_fingerprint
CID111531537,eliglustat,11531537,FJZZPCZKBUKGGU-UHFFFAOYSA-N,,22,REF_TERNATIN_4,Ternatin-4,reference_ligand,0.1619047619047619,structurally_distant_under_this_fingerprint
CID116139605,teduglutide,16139605,CILIXQOJUNDIDU-ASQIGDHWSA-N,,52,CHEMBL1802815,CHEMBL1802815,network_candidate,0.16184971098265896,structurally_distant_under_this_fingerprint
CID103010818,d-telaprevir,3010818,BBAWEDCPNXPBQM-GDEBMMAJSA-N,,63,CHEMBL1802814,CHEMBL1802814,network_candidate,0.16176470588235295,structurally_distant_under_this_fingerprint
CID100004666,paclitaxel,4666,RCINICONZNJXQF-UHFFFAOYSA-N,L01CD01,397,CHEMBL1802815,CHEMBL1802815,network_candidate,0.16176470588235295,structurally_distant_under_this_fingerprint
CID100002349,penicillin,2349,JGSARLDLIJGVTE-UHFFFAOYSA-N,J01CE01; S01AA14,135,CHEMBL1802815,CHEMBL1802815,network_candidate,0.16161616161616163,structurally_distant_under_this_fingerprint
CID109811221,cabazitaxel,9811221,BMQGVNUXMIRLCK-DGSGRZIVSA-N,,133,REF_NANNOCYSTIN_A,Nannocystin A,reference_ligand,0.16149068322981366,structurally_distant_under_this_fingerprint
CID109831783,Stalevo,9831783,OTVUCEMFRGJEMR-FTXVUGNJSA-N,,129,CHEMBL1802973,CHEMBL1802973,network_candidate,0.16129032258064516,structurally_distant_under_this_fingerprint
CID100002474,bupivacaine,2474,LEBVLXFERQHONN-UHFFFAOYSA-N,N01BB01; N01BB10,189,CHEMBL3752910,CHEMBL3752910,network_candidate,0.16129032258064516,structurally_distant_under_this_fingerprint
CID100009034,methohexital,9034,NZXKDOXHBHYTKP-UHFFFAOYSA-N,N01AF01; N05CA15,33,REF_TERNATIN_4,Ternatin-4,reference_ligand,0.16129032258064516,structurally_distant_under_this_fingerprint
CID100004421,nalidixic,4421,MHWLWQUZZRMNGJ-UHFFFAOYSA-N,J01MB02,47,CHEMBL1802815,CHEMBL1802815,network_candidate,0.16129032258064516,structurally_distant_under_this_fingerprint
CID100115237,paliperidone,115237,PMXMIIMHBWHSKN-UHFFFAOYSA-N,N05AX13,348,CHEMBL1802814,CHEMBL1802814,network_candidate,0.16129032258064516,structurally_distant_under_this_fingerprint
CID100056959,ranolazine,56959,XKLMZUWKNUAPSZ-UHFFFAOYSA-N,C01EB18,101,CHEMBL1232461,MOLIBRESIB,network_candidate,0.16129032258064516,structurally_distant_under_this_fingerprint
CID100003419,fosinopril,3419,BIDNLKIUORFRQP-UHFFFAOYSA-M,C09AA09,232,CHEMBL1802973,CHEMBL1802973,network_candidate,0.16101694915254236,structurally_distant_under_this_fingerprint
CID100003793,itraconazole,3793,VHVPQPYKVGDNFY-UHFFFAOYSA-N,J02AC02,203,CHEMBL1232461,MOLIBRESIB,network_candidate,0.16101694915254236,structurally_distant_under_this_fingerprint
CID100002082,albendazole,2082,HXHWSAZORRCQMX-UHFFFAOYSA-N,P02CA03,31,CHEMBL1232461,MOLIBRESIB,network_candidate,0.16091954022988506,structurally_distant_under_this_fingerprint
CID100002678,cetirizine,2678,ZKLPARSLTMPFCP-UHFFFAOYSA-N,R06AE07; R06AE09,231,CHEMBL1232461,MOLIBRESIB,network_candidate,0.16091954022988506,structurally_distant_under_this_fingerprint
CID116139342,Lyxumia,16139342,XVVOERDUTLJJHN-IAEQDCLQSA-N,,30,CHEMBL1802815,CHEMBL1802815,network_candidate,0.16080402010050251,structurally_distant_under_this_fingerprint
CID100005040,rapamycin,5040,QFJCIRLUMZQUOT-UHFFFAOYSA-N,L04AA10,296,REF_NANNOCYSTIN_A,Nannocystin A,reference_ligand,0.16071428571428573,structurally_distant_under_this_fingerprint
CID100002337,benzocaine,2337,BLFLLBZGZJTVJG-UHFFFAOYSA-N,C05AD03; D04AB04; N01BA05; R02AD01,15,CHEMBL1802973,CHEMBL1802973,network_candidate,0.16049382716049382,structurally_distant_under_this_fingerprint
CID100002789,clobazam,2789,CXOXHMZGEKVPMT-UHFFFAOYSA-N,N05BA09,96,CHEMBL1232461,MOLIBRESIB,network_candidate,0.16049382716049382,structurally_distant_under_this_fingerprint
CID100127909,bimatoprost,127909,AQOKCDNYWBIDND-UDIRQSBCSA-N,S01EE03,109,CHEMBL1232461,MOLIBRESIB,network_candidate,0.16,structurally_distant_under_this_fingerprint
CID100003440,furosemide,3440,ZZUFCTLCJUWOSV-UHFFFAOYSA-N,C03CA01,141,CHEMBL1802815,CHEMBL1802815,network_candidate,0.16,structurally_distant_under_this_fingerprint
CID100036523,gonadorelin,36523,XLXSAKCOAKORKW-UHFFFAOYSA-N,H01CA01; V04CM01,47,REF_DIDEMNIN_B,Didemnin B,reference_ligand,0.16,structurally_distant_under_this_fingerprint
CID100208908,lapatinib,208908,BCFGMOOMADDAQU-UHFFFAOYSA-N,L01XE07,68,CHEMBL1802815,CHEMBL1802815,network_candidate,0.16,structurally_distant_under_this_fingerprint
CID100004449,nefazodone,4449,VRBKIVRKKCLPHA-UHFFFAOYSA-N,N06AX06,235,CHEMBL1232461,MOLIBRESIB,network_candidate,0.16,structurally_distant_under_this_fingerprint
CID116131310,hepatitis,16131310,SPSXSWRZQFPVTJ-ZQQKUFEYSA-N,,107,CHEMBL1802815,CHEMBL1802815,network_candidate,0.15979381443298968,structurally_distant_under_this_fingerprint
CID100002269,azithromycin,2269,MQTOSJVFKKJCRP-UHFFFAOYSA-N,J01FA10; S01AA26,177,REF_DIDEMNIN_B,Didemnin B,reference_ligand,0.15976331360946747,structurally_distant_under_this_fingerprint
CID110096344,linagliptin,10096344,LTXREWYXXSTFRX-QGZVFWFLSA-N,,35,CHEMBL1802815,CHEMBL1802815,network_candidate,0.15966386554621848,structurally_distant_under_this_fingerprint
CID103081361,vandetanib,3081361,UHTHHESEBZOYNR-UHFFFAOYSA-N,,205,CHEMBL1802814,CHEMBL1802814,network_candidate,0.15966386554621848,structurally_distant_under_this_fingerprint
CID100003929,linezolid,3929,TYZROVQLWOKYKF-UHFFFAOYSA-N,J01XX08,115,CHEMBL1232461,MOLIBRESIB,network_candidate,0.1595744680851064,structurally_distant_under_this_fingerprint
CID116134956,liraglutide,16134956,YSDQQAXHVYUZIW-QCIJIYAXSA-N,A10BX07,63,CHEMBL1802815,CHEMBL1802815,network_candidate,0.15934065934065933,structurally_distant_under_this_fingerprint
CID144564722,Promacta,44564722,VVELSMNEFTWNAS-AURQPEIRSA-N,,43,CHEMBL3752910,CHEMBL3752910,network_candidate,0.1592920353982301,structurally_distant_under_this_fingerprint
CID100104865,bosentan,104865,GJPICJJJRGTNOD-UHFFFAOYSA-N,C02KX01,196,CHEMBL1802815,CHEMBL1802815,network_candidate,0.1592920353982301,structurally_distant_under_this_fingerprint
CID100152945,dutasteride,152945,JWJOTENAMICLJG-VYZSUTEISA-N,G04CB02,46,CHEMBL3752910,CHEMBL3752910,network_candidate,0.1592920353982301,structurally_distant_under_this_fingerprint
CID109853053,lomitapide,9853053,MBBCVAKAJPKAKM-UHFFFAOYSA-N,,121,CHEMBL3752910,CHEMBL3752910,network_candidate,0.1592920353982301,structurally_distant_under_this_fingerprint
CID100071348,lanreotide,71348,DEXPIBGCLCPUHE-UHFFFAOYSA-N,H01CB03,138,CHEMBL1802815,CHEMBL1802815,network_candidate,0.15894039735099338,structurally_distant_under_this_fingerprint
CID100004603,oseltamivir,4603,VSZGPKBBMSAYNT-UHFFFAOYSA-N,J05AH02,113,CHEMBL1802814,CHEMBL1802814,network_candidate,0.1588785046728972,structurally_distant_under_this_fingerprint
CID100004908,primaquine,4908,INDBQLZJXZLFIT-UHFFFAOYSA-N,P01BA03,7,CHEMBL1802814,CHEMBL1802814,network_candidate,0.1588785046728972,structurally_distant_under_this_fingerprint
CID116129629,LY146032,16129629,DOAKLVKFURWEDJ-OFNKPWESSA-N,J01XX09,176,REF_DIDEMNIN_B,Didemnin B,reference_ligand,0.15865384615384615,structurally_distant_under_this_fingerprint
CID100005077,rivastigmine,5077,XSVMFMHYUFZWBK-UHFFFAOYSA-N,N06DA03,417,CHEMBL1232461,MOLIBRESIB,network_candidate,0.15853658536585366,structurally_distant_under_this_fingerprint
CID116129617,cosyntropin,16129617,ZOEFCCMDUURGSE-CQVUSSRSSA-N,H01AA02,86,CHEMBL1802815,CHEMBL1802815,network_candidate,0.15846994535519127,structurally_distant_under_this_fingerprint
CID100047725,Goserelin,47725,BLCLNMBMMGCOAS-UHFFFAOYSA-N,L02AE03,229,REF_DIDEMNIN_B,Didemnin B,reference_ligand,0.15841584158415842,structurally_distant_under_this_fingerprint
CID111234049,TR-700,11234049,XFALPSLJIHVRKE-GFCCVEGCSA-N,,40,CHEMBL1232461,MOLIBRESIB,network_candidate,0.15841584158415842,structurally_distant_under_this_fingerprint
CID100002806,clopidogrel,2806,GKTWGGQPFAXNFI-UHFFFAOYSA-N,B01AC04,213,CHEMBL1802815,CHEMBL1802815,network_candidate,0.15841584158415842,structurally_distant_under_this_fingerprint
CID100004932,propafenone,4932,JWHAUXFOSRPERK-UHFFFAOYSA-N,C01BC03,304,CHEMBL1802815,CHEMBL1802815,network_candidate,0.15841584158415842,structurally_distant_under_this_fingerprint
CID100656628,silodosin,656628,PNCPYILNMDWPEY-KRWDZBQOSA-N,G04CA04,53,CHEMBL1802815,CHEMBL1802815,network_candidate,0.15833333333333333,structurally_distant_under_this_fingerprint
CID100148191,temsirolimus,148191,CBPNZQVSJQDFBE-UHFFFAOYSA-N,L01XE09,185,REF_NANNOCYSTIN_A,Nannocystin A,reference_ligand,0.15819209039548024,structurally_distant_under_this_fingerprint
CID100068844,brinzolamide,68844,HCRKCZRJWPKOAR-JTQLQIEISA-N,S01EC04,170,CHEMBL1232461,MOLIBRESIB,network_candidate,0.15789473684210525,structurally_distant_under_this_fingerprint
CID100002749,ciclopirox,2749,SCKYRAXSEDYPSA-UHFFFAOYSA-N,D01AE14; G01AX12,26,CHEMBL1802814,CHEMBL1802814,network_candidate,0.15789473684210525,structurally_distant_under_this_fingerprint
CID100197281,gadobenate,197281,OCDAWJYGVOLXGZ-VPVMAENOSA-K,V08CA08,243,CHEMBL1802815,CHEMBL1802815,network_candidate,0.15789473684210525,structurally_distant_under_this_fingerprint
CID100003676,lidocaine,3676,NNJVILVZKWQKPM-UHFFFAOYSA-N,C01BB01; C05AD01; D04AB01; N01BB02; R02AD02; S01HA07; S02DA01,124,CHEMBL1232461,MOLIBRESIB,network_candidate,0.15789473684210525,structurally_distant_under_this_fingerprint
CID100001046,pyrazinamide,1046,IPEHBUMCGVEMRF-UHFFFAOYSA-N,J04AK01,39,CHEMBL5653589,CHEMBL5653589,network_candidate,0.15789473684210525,structurally_distant_under_this_fingerprint
CID100003250,ergonovine,3250,WVVSZNPYNCNODU-UHFFFAOYSA-N,G02AB03,36,CHEMBL1802973,CHEMBL1802973,network_candidate,0.1574074074074074,structurally_distant_under_this_fingerprint
CID100003394,flurbiprofen,3394,SYTBZMRGLBWNTM-UHFFFAOYSA-N,M01AE09; M02AA19; R02AX01; S01BC04,233,CHEMBL1802815,CHEMBL1802815,network_candidate,0.15730337078651685,structurally_distant_under_this_fingerprint
CID100151075,nepafenac,151075,QEFAQIPZVLVERP-UHFFFAOYSA-N,S01BC10,64,CHEMBL1802815,CHEMBL1802815,network_candidate,0.15730337078651685,structurally_distant_under_this_fingerprint
CID100004914,procaine,4914,MFDFERRIHVXMIY-UHFFFAOYSA-N,C05AD05; N01BA02; S01HA05,44,CHEMBL1802815,CHEMBL1802815,network_candidate,0.15730337078651685,structurally_distant_under_this_fingerprint
CID100132971,abiraterone,132971,GZOSMCIZMLWJML-VJLLXTKPSA-N,,66,CHEMBL3752910,CHEMBL3752910,network_candidate,0.1568627450980392,structurally_distant_under_this_fingerprint
CID109912092,apremilast,9912092,IMOZEMNVLZVGJZ-KRWDZBQOSA-N,,24,CHEMBL1232461,MOLIBRESIB,network_candidate,0.1568627450980392,structurally_distant_under_this_fingerprint
CID100002471,bumetanide,2471,MAEIEVLCKWDQJH-UHFFFAOYSA-N,C03CA02,54,CHEMBL1802815,CHEMBL1802815,network_candidate,0.1568627450980392,structurally_distant_under_this_fingerprint
CID106918558,fesoterodine,6918558,DCCSDBARQIPTGU-HSZRJFAPSA-N,G04BD11,70,CHEMBL1802815,CHEMBL1802815,network_candidate,0.1568627450980392,structurally_distant_under_this_fingerprint
CID100005411,tetracaine,5411,GKCBAIGFKIBETG-UHFFFAOYSA-N,C05AD02; D04AB06; N01BA03; S01HA03,30,CHEMBL1802814,CHEMBL1802814,network_candidate,0.1568627450980392,structurally_distant_under_this_fingerprint
CID100005718,zalcitabine,5718,WREGKURFCTUGRC-UHFFFAOYSA-N,J05AF03,283,CHEMBL1802814,CHEMBL1802814,network_candidate,0.1568627450980392,structurally_distant_under_this_fingerprint
CID100059768,esmolol,59768,AQNDDEOPVVGCPG-UHFFFAOYSA-N,C07AB09,104,REF_DIDEMNIN_B,Didemnin B,reference_ligand,0.15671641791044777,structurally_distant_under_this_fingerprint
CID100008612,chloroprocaine,8612,VDANGULDQQJODZ-UHFFFAOYSA-N,N01BA04,34,CHEMBL1232461,MOLIBRESIB,network_candidate,0.1566265060240964,structurally_distant_under_this_fingerprint
CID100157688,vinflunine,157688,NMDYYWFGPIMTKO-ZSRSGXGDSA-N,L01CA05,293,REF_NANNOCYSTIN_A,Nannocystin A,reference_ligand,0.1566265060240964,structurally_distant_under_this_fingerprint
CID100483407,maraviroc,483407,GSNHKUDZZFZSJB-ILVMPNSOSA-N,J05AX09,236,CHEMBL1802815,CHEMBL1802815,network_candidate,0.1565217391304348,structurally_distant_under_this_fingerprint
CID116132418,NovoLog,16132418,VOMXSOIBEJBQNF-UTTRGDHVSA-N,A10AB05; A10AD05,113,CHEMBL1802815,CHEMBL1802815,network_candidate,0.1564245810055866,structurally_distant_under_this_fingerprint
CID100051263,alfentanil,51263,IDBPHNDTYPBSNI-UHFFFAOYSA-N,N01AH02,73,REF_NANNOCYSTIN_A,Nannocystin A,reference_ligand,0.15625,structurally_distant_under_this_fingerprint
CID100004240,mometasone,4240,WOFMFGQZHJDGCX-UHFFFAOYSA-N,,94,REF_NANNOCYSTIN_A,Nannocystin A,reference_ligand,0.15602836879432624,structurally_distant_under_this_fingerprint
CID100005404,terconazole,5404,BLSQLHNBWJLIBQ-UHFFFAOYSA-N,G01AG02,29,CHEMBL1232461,MOLIBRESIB,network_candidate,0.1559633027522936,structurally_distant_under_this_fingerprint
CID100003019,diazoxide,3019,GDLBFKVLRPITMI-UHFFFAOYSA-N,C02DA01; V03AH01,76,CHEMBL1232461,MOLIBRESIB,network_candidate,0.15584415584415584,structurally_distant_under_this_fingerprint
CID100004834,piperacillin,4834,IVBHGBMCVLDMKU-UHFFFAOYSA-M,J01CA12,102,REF_DIDEMNIN_B,Didemnin B,reference_ligand,0.15584415584415584,structurally_distant_under_this_fingerprint
CID100444033,ciclesonide,444033,LUKZNWIVRBCLON-FOMURGDPSA-N,R03BA08,91,CHEMBL1802973,CHEMBL1802973,network_candidate,0.1557377049180328,structurally_distant_under_this_fingerprint
CID116156130,exenatide,16156130,HTQBXNHDCUEHJF-CETMAKHQSA-N,A10BX04,108,REF_DIDEMNIN_B,Didemnin B,reference_ligand,0.1557377049180328,structurally_distant_under_this_fingerprint
CID100123631,gefitinib,123631,XGALLCVXEZPNRQ-UHFFFAOYSA-N,L01XE02,111,CHEMBL1802814,CHEMBL1802814,network_candidate,0.1557377049180328,structurally_distant_under_this_fingerprint
CID100004170,metolazone,4170,AQCHWTWZEMGIFD-UHFFFAOYSA-N,C03BA08,96,REF_NANNOCYSTIN_A,Nannocystin A,reference_ligand,0.1557377049180328,structurally_distant_under_this_fingerprint
CID100004259,moxifloxacin,4259,FABPRXSRWADJSP-UHFFFAOYSA-N,J01MA14; S01AX22,393,CHEMBL1802814,CHEMBL1802814,network_candidate,0.1557377049180328,structurally_distant_under_this_fingerprint
CID100000444,bupropion,444,SNPPWIUOZRMYNY-UHFFFAOYSA-N,N06AX12,468,CHEMBL1802815,CHEMBL1802815,network_candidate,0.15555555555555556,structurally_distant_under_this_fingerprint
CID110482134,glycerol,10482134,ZSDBFLMJVAGKOU-UHFFFAOYSA-N,,21,CHEMBL1802815,CHEMBL1802815,network_candidate,0.15555555555555556,structurally_distant_under_this_fingerprint
CID109831761,irbesartan-hydrochlorothiazide,9831761,NZPSYYOURGWZCM-UHFFFAOYSA-N,,143,CHEMBL1802815,CHEMBL1802815,network_candidate,0.15555555555555556,structurally_distant_under_this_fingerprint
CID100004053,melphalan,4053,SGDBTWWWUNNDEQ-UHFFFAOYSA-N,L01AA03,106,CHEMBL1802815,CHEMBL1802815,network_candidate,0.15555555555555556,structurally_distant_under_this_fingerprint
CID100004107,methocarbamol,4107,GNXFOGHNGIVQEH-UHFFFAOYSA-N,M03BA03,39,CHEMBL1802815,CHEMBL1802815,network_candidate,0.15555555555555556,structurally_distant_under_this_fingerprint
CID100004829,pioglitazone,4829,HYAFETHFCAUJAY-UHFFFAOYSA-N,A10BG03,105,CHEMBL1232461,MOLIBRESIB,network_candidate,0.15555555555555556,structurally_distant_under_this_fingerprint
CID100005359,suprofen,5359,MDKGKXOCJGEUJW-UHFFFAOYSA-N,M01AE07,11,CHEMBL1802815,CHEMBL1802815,network_candidate,0.15555555555555556,structurally_distant_under_this_fingerprint
CID100002173,ampicillin,2173,AVKUERGKIZMTKX-UHFFFAOYSA-M,J01CA01; S01AA19,27,CHEMBL1802815,CHEMBL1802815,network_candidate,0.1553398058252427,structurally_distant_under_this_fingerprint
CID100002609,cefaclor,2609,QYIYFLOTGYLRGG-UHFFFAOYSA-N,J01DC04,137,CHEMBL1802815,CHEMBL1802815,network_candidate,0.1553398058252427,structurally_distant_under_this_fingerprint
CID100002666,cephalexin,2666,ZAIPMKNFIOOWCQ-UHFFFAOYSA-N,J01DB01,76,CHEMBL1802815,CHEMBL1802815,network_candidate,0.1553398058252427,structurally_distant_under_this_fingerprint
CID100005381,tazarotene,5381,OGQICQVSFDPSEI-UHFFFAOYSA-N,D05AX05,41,CHEMBL3752910,CHEMBL3752910,network_candidate,0.1553398058252427,structurally_distant_under_this_fingerprint
CID100005651,Vancocine,5651,MYPYJXKWCTUITO-UHFFFAOYSA-N,A07AA09; J01XA01,80,REF_DIDEMNIN_B,Didemnin B,reference_ligand,0.15492957746478872,structurally_distant_under_this_fingerprint
CID100073658,telithromycin,73658,LJVAJPDWBABPEJ-HIXZKHOGSA-N,J01FA15,143,CHEMBL3752910,CHEMBL3752910,network_candidate,0.15492957746478872,structurally_distant_under_this_fingerprint
CID100002564,carbinoxamine,2564,OJFSXZCBGQGRNV-UHFFFAOYSA-N,R06AA08,47,CHEMBL1232461,MOLIBRESIB,network_candidate,0.15476190476190477,structurally_distant_under_this_fingerprint
CID100002726,chlorpromazine,2726,ZPEIMTDSQAKGNT-UHFFFAOYSA-N,N05AA01,87,CHEMBL1232461,MOLIBRESIB,network_candidate,0.15476190476190477,structurally_distant_under_this_fingerprint
CID100010100,propoxyphene,10100,XLMALTXPSGQGBX-GCJKJVERSA-N,N02AC04,67,CHEMBL1802815,CHEMBL1802815,network_candidate,0.15463917525773196,structurally_distant_under_this_fingerprint
CID100032281,Protirelin,32281,XNSAINXGIQZQOO-UHFFFAOYSA-N,H01AB01; V04CJ01; V04CJ02,24,CHEMBL1802973,CHEMBL1802973,network_candidate,0.15454545454545454,structurally_distant_under_this_fingerprint
CID100119212,benzylpenicilloyl,119212,KJABUVRFCPPJPD-UHFFFAOYSA-N,,9,CHEMBL1802815,CHEMBL1802815,network_candidate,0.15454545454545454,structurally_distant_under_this_fingerprint
CID100004607,oxacillin,4607,UWYHMGVUTGAWSP-UHFFFAOYSA-M,J01CF04,47,CHEMBL1802815,CHEMBL1802815,network_candidate,0.15454545454545454,structurally_distant_under_this_fingerprint
CID100132804,pitavastatin,132804,VGYFMXBACGZSIL-RTBURBONSA-N,C10AA08,46,CHEMBL1802815,CHEMBL1802815,network_candidate,0.15454545454545454,structurally_distant_under_this_fingerprint
CID100028332,propoxyphene,28332,VZPXFHVJUUSVLH-MYXGOWFTSA-N,,21,CHEMBL1802815,CHEMBL1802815,network_candidate,0.15454545454545454,structurally_distant_under_this_fingerprint
CID116126651,PCI-32765,16126651,XYFPWWZEPKGCCK-UHFFFAOYSA-N,,71,CHEMBL1802814,CHEMBL1802814,network_candidate,0.15447154471544716,structurally_distant_under_this_fingerprint
CID100005073,risperidone,5073,RAPZEAPATHNIPO-UHFFFAOYSA-N,N05AX08,588,CHEMBL1802814,CHEMBL1802814,network_candidate,0.15447154471544716,structurally_distant_under_this_fingerprint
CID106918366,fosaprepitant,6918366,VRQHBYGYXDWZDL-OOZCZQCLSA-N,,146,CHEMBL1802815,CHEMBL1802815,network_candidate,0.15441176470588236,structurally_distant_under_this_fingerprint
CID100003256,monomycin,3256,NSYZCCDSJNWWJL-UHFFFAOYSA-N,,24,REF_DIDEMNIN_B,Didemnin B,reference_ligand,0.15428571428571428,structurally_distant_under_this_fingerprint
CID100216209,aliskiren,216209,UXOWGYHJODZGMF-ROHNOIKCSA-N,C09XA02,87,CHEMBL1802815,CHEMBL1802815,network_candidate,0.15384615384615385,structurally_distant_under_this_fingerprint
CID100002658,cefuroxime,2658,JFPVXVDWJQMJEE-UHFFFAOYSA-M,J01DC02,112,CHEMBL1802973,CHEMBL1802973,network_candidate,0.15384615384615385,structurally_distant_under_this_fingerprint
CID146216142,dolutegravir,46216142,UGWJRRXTMKRYNK-VSLILLSYSA-M,,48,CHEMBL1802815,CHEMBL1802815,network_candidate,0.15384615384615385,structurally_distant_under_this_fingerprint
CID100005051,rescinnamine,5051,SZLZWPPUNLXJEA-UHFFFAOYSA-N,C02AA01,66,CHEMBL1232461,MOLIBRESIB,network_candidate,0.15384615384615385,structurally_distant_under_this_fingerprint
CID100077998,rosiglitazone,77998,SUFUKZSWUHZXAV-UHFFFAOYSA-N,A10BG02,72,REF_NANNOCYSTIN_A,Nannocystin A,reference_ligand,0.15384615384615385,structurally_distant_under_this_fingerprint
CID100002792,clobetasone,2792,FBRAWBYQGRLCEK-UHFFFAOYSA-N,D07AB01; S01BA09,33,REF_NANNOCYSTIN_A,Nannocystin A,reference_ligand,0.15328467153284672,structurally_distant_under_this_fingerprint
CID100002637,cefoxitin,2637,WZOZEZRFJCJXNZ-UHFFFAOYSA-M,J01DC01,62,CHEMBL1802814,CHEMBL1802814,network_candidate,0.1532258064516129,structurally_distant_under_this_fingerprint
CID100003348,fexofenadine,3348,RWTNPBWLLIMQHL-UHFFFAOYSA-N,R06AX26,61,REF_NANNOCYSTIN_A,Nannocystin A,reference_ligand,0.1532258064516129,structurally_distant_under_this_fingerprint
CID100003749,irbesartan,3749,YOSHYTLCDANDAN-UHFFFAOYSA-N,C09CA04,204,CHEMBL1802815,CHEMBL1802815,network_candidate,0.15315315315315314,structurally_distant_under_this_fingerprint
CID104659568,entacapone,4659568,JRURYQJSLYLRLN-UHFFFAOYSA-N,N04BX02,180,CHEMBL1802973,CHEMBL1802973,network_candidate,0.15306122448979592,structurally_distant_under_this_fingerprint
CID100104778,levodopa/carbidopa,104778,IVTMXOXVAHXCHI-YXLMWLKOSA-N,,117,CHEMBL1802815,CHEMBL1802815,network_candidate,0.15306122448979592,structurally_distant_under_this_fingerprint
CID100004034,monamine,4034,OCJYIGYOJCODJL-UHFFFAOYSA-N,R06AE05,8,CHEMBL1802815,CHEMBL1802815,network_candidate,0.15306122448979592,structurally_distant_under_this_fingerprint
CID100005184,scopolamine,5184,STECJAGHUSJQJN-UHFFFAOYSA-N,A04AD01; N05CM05; S01FA02,76,CHEMBL1802815,CHEMBL1802815,network_candidate,0.15306122448979592,structurally_distant_under_this_fingerprint
CID100059708,levetiracetam,59708,HPHUVLMMVZITSG-UHFFFAOYSA-N,N03AX14,176,CHEMBL1802973,CHEMBL1802973,network_candidate,0.15294117647058825,structurally_distant_under_this_fingerprint
CID100004236,modafinil,4236,YFGHCGITMMYXAQ-UHFFFAOYSA-N,N06BA07,191,CHEMBL1802815,CHEMBL1802815,network_candidate,0.15294117647058825,structurally_distant_under_this_fingerprint
CID100005732,zolpidem,5732,ZAFYATHCZYHLPB-UHFFFAOYSA-N,N05CF02,286,CHEMBL1232461,MOLIBRESIB,network_candidate,0.15294117647058825,structurally_distant_under_this_fingerprint
CID106452749,Locorten,6452749,CVUQAAZGOGWDCF-SAPBVRDASA-N,,6,REF_NANNOCYSTIN_A,Nannocystin A,reference_ligand,0.15286624203821655,structurally_distant_under_this_fingerprint
CID100005564,triclosan,5564,XEFQLINVKFYRCS-UHFFFAOYSA-N,D08AE04; D09AA06,1,CHEMBL1232461,MOLIBRESIB,network_candidate,0.1527777777777778,structurally_distant_under_this_fingerprint
CID100002781,clemastine,2781,YNNUSGIPVFPVBX-UHFFFAOYSA-N,D04AA14; R06AA04,47,REF_NANNOCYSTIN_A,Nannocystin A,reference_ligand,0.15254237288135594,structurally_distant_under_this_fingerprint
CID100063001,benazeprilat,63001,MADRIHWFJGRSBP-ZWKOTPCHSA-N,,71,CHEMBL1802815,CHEMBL1802815,network_candidate,0.1523809523809524,structurally_distant_under_this_fingerprint
CID100003962,lovastatin,3962,PCZOHLXUXFIOCF-UHFFFAOYSA-N,C10AA02,106,REF_DIDEMNIN_B,Didemnin B,reference_ligand,0.152317880794702,structurally_distant_under_this_fingerprint
CID100002369,betaxolol,2369,NWIUTZDMDHAVTP-UHFFFAOYSA-N,C07AB05; S01ED02,234,REF_DIDEMNIN_B,Didemnin B,reference_ligand,0.15217391304347827,structurally_distant_under_this_fingerprint
CID100057697,pemirolast,57697,HIANJWSAHKJQTH-UHFFFAOYSA-N,,15,CHEMBL3752910,CHEMBL3752910,network_candidate,0.15217391304347827,structurally_distant_under_this_fingerprint
CID100003476,glimepiride,3476,WIGIZIANZCJQQY-UHFFFAOYSA-N,A10BB12,104,CHEMBL1802973,CHEMBL1802973,network_candidate,0.15178571428571427,structurally_distant_under_this_fingerprint
CID100004058,meperidine,4058,XADCESSVHJOZHK-UHFFFAOYSA-N,N02AB02,80,REF_NANNOCYSTIN_A,Nannocystin A,reference_ligand,0.15178571428571427,structurally_distant_under_this_fingerprint
CID109930048,vernakalant,9930048,JMHYCBFEEFHTMK-IIUXMCBISA-N,,76,CHEMBL1802814,CHEMBL1802814,network_candidate,0.15178571428571427,structurally_distant_under_this_fingerprint
CID100065370,Glat,65370,YLOCGHYTXIINAI-XKUOMLDTSA-N,,288,CHEMBL1802815,CHEMBL1802815,network_candidate,0.15151515151515152,structurally_distant_under_this_fingerprint
CID100176870,erlotinib,176870,AAKJLRGGTJKAMG-UHFFFAOYSA-N,L01XE03,141,CHEMBL3752910,CHEMBL3752910,network_candidate,0.15151515151515152,structurally_distant_under_this_fingerprint
CID100018140,estramustine,18140,FRPJXPJMRWBBIH-UHFFFAOYSA-N,L01XX11,58,CHEMBL1232461,MOLIBRESIB,network_candidate,0.15151515151515152,structurally_distant_under_this_fingerprint
CID116129616,salmon,16129616,BBBFJLBPOGFECG-UHFFFAOYSA-N,H05BA01; H05BA02; H05BA03,180,REF_DIDEMNIN_B,Didemnin B,reference_ligand,0.15126050420168066,structurally_distant_under_this_fingerprint
CID116129682,Forteo,16129682,OGBMKVWORPGQRR-UHFFFAOYSA-N,H05AA02,95,CHEMBL1802815,CHEMBL1802815,network_candidate,0.1511627906976744,structurally_distant_under_this_fingerprint
CID100032169,articaine,32169,GDWDBGSWGNEMGJ-UHFFFAOYSA-N,N01BB08,72,CHEMBL1232461,MOLIBRESIB,network_candidate,0.1511627906976744,structurally_distant_under_this_fingerprint
CID100006476,methsuximide,6476,AJXPJJZHWIXJCJ-UHFFFAOYSA-N,N03AD03,40,REF_NANNOCYSTIN_A,Nannocystin A,reference_ligand,0.1509433962264151,structurally_distant_under_this_fingerprint
CID100012460,phendimetrazine,12460,MFOCDFTXLCYLKU-UHFFFAOYSA-N,,23,REF_NANNOCYSTIN_A,Nannocystin A,reference_ligand,0.1509433962264151,structurally_distant_under_this_fingerprint
CID100003255,erythromycin,3255,ULGZDMOVFRHVEP-UHFFFAOYSA-N,D10AF02; J01FA01; S01AA17,56,REF_DIDEMNIN_B,Didemnin B,reference_ligand,0.15060240963855423,structurally_distant_under_this_fingerprint
CID109887712,dapagliflozin,9887712,JVHXJTBJCFBINQ-ADAARDCZSA-N,,75,CHEMBL1232461,MOLIBRESIB,network_candidate,0.15053763440860216,structurally_distant_under_this_fingerprint
CID100003475,gliclazide,3475,BOVGTQGAOIONJV-UHFFFAOYSA-N,A10BB09,228,CHEMBL1802973,CHEMBL1802973,network_candidate,0.15053763440860216,structurally_distant_under_this_fingerprint
CID100004730,penicillin,4730,BPLBGHOLXOTWMN-UHFFFAOYSA-M,J01CE02,19,CHEMBL1232461,MOLIBRESIB,network_candidate,0.15053763440860216,structurally_distant_under_this_fingerprint
CID100004946,propranolol,4946,AQHHHDLHHXJYJD-UHFFFAOYSA-N,C07AA05,95,CHEMBL1802815,CHEMBL1802815,network_candidate,0.15053763440860216,structurally_distant_under_this_fingerprint
CID100003355,flecainide,3355,DJBNUMBKLMJRSA-UHFFFAOYSA-O,C01BC04,136,CHEMBL1802814,CHEMBL1802814,network_candidate,0.1504424778761062,structurally_distant_under_this_fingerprint
CID144201343,ecallantide,44201343,KSUILQBWISSOBS-FHVLXVBRSA-N,,18,REF_DIDEMNIN_B,Didemnin B,reference_ligand,0.15040650406504066,structurally_distant_under_this_fingerprint
CID171306834,K779,71306834,MIXCUJKCXRNYFM-UHFFFAOYSA-M,L03AB05,480,CHEMBL1232461,MOLIBRESIB,network_candidate,0.15,structurally_distant_under_this_fingerprint
CID111505907,Zyprexa,11505907,ZIYHTKGQQJDOEM-UHFFFAOYSA-N,,112,REF_NANNOCYSTIN_A,Nannocystin A,reference_ligand,0.15,structurally_distant_under_this_fingerprint
CID100002663,celiprolol,2663,JOATXPAWOHTVSZ-UHFFFAOYSA-N,C07AB08,43,CHEMBL3752910,CHEMBL3752910,network_candidate,0.15,structurally_distant_under_this_fingerprint
CID100003143,docetaxel,3143,ZDZOTLJHXYCWBA-UHFFFAOYSA-N,L01CD02,258,REF_NANNOCYSTIN_A,Nannocystin A,reference_ligand,0.15,structurally_distant_under_this_fingerprint
CID100005505,tolbutamide,5505,JLRGJRBPOGGCBT-UHFFFAOYSA-N,A10BB03; V04CA01,22,CHEMBL1232461,MOLIBRESIB,network_candidate,0.15,structurally_distant_under_this_fingerprint
CID105361912,rifabutin,5361912,ATEBXHFBFRCZMA-OZFKZPMASA-N,J04AB04,73,REF_NANNOCYSTIN_A,Nannocystin A,reference_ligand,0.1497005988023952,structurally_distant_under_this_fingerprint
CID100004599,orlistat,4599,AHLBNYSZXLDEJQ-UHFFFAOYSA-N,A08AB01,146,REF_PLITIDEPSIN,Plitidepsin,reference_ligand,0.14965986394557823,structurally_distant_under_this_fingerprint
CID100216416,lasofoxifene,216416,GXESHMAMLJKROZ-IAPPQJPRSA-N,,328,REF_NANNOCYSTIN_A,Nannocystin A,reference_ligand,0.14960629921259844,structurally_distant_under_this_fingerprint
CID100003937,Lisinopril,3937,RLAWWYSOJDYHDC-UHFFFAOYSA-N,C09AA03,225,CHEMBL1802815,CHEMBL1802815,network_candidate,0.14953271028037382,structurally_distant_under_this_fingerprint
CID100002712,chlordiazepoxide,2712,BUCORZSTKDOEKQ-UHFFFAOYSA-N,N05BA02,20,CHEMBL1232461,MOLIBRESIB,network_candidate,0.14942528735632185,structurally_distant_under_this_fingerprint
CID100004917,prochlorperazine,4917,WIKYUJGCLQQFNW-UHFFFAOYSA-N,N05AB04,119,CHEMBL1232461,MOLIBRESIB,network_candidate,0.14942528735632185,structurally_distant_under_this_fingerprint
CID100005193,secobarbital,5193,KQPKPCNLIDLUMF-UHFFFAOYSA-N,N05CA06,38,REF_TERNATIN_4,Ternatin-4,reference_ligand,0.14942528735632185,structurally_distant_under_this_fingerprint
CID111722286,spinosad,11722286,JFLRKDZMHNBDQS-RKDXIGJHSA-N,,7,REF_DIDEMNIN_B,Didemnin B,reference_ligand,0.14917127071823205,structurally_distant_under_this_fingerprint
CID100003661,atropine,3661,RKUNBYITZUJHSG-UHFFFAOYSA-N,A03BA01; A03BA03; S01FA01; V03AB14,173,CHEMBL1802973,CHEMBL1802973,network_candidate,0.14893617021276595,structurally_distant_under_this_fingerprint
CID100003652,hydroxychloroquine,3652,XXSMGPRMXLTPCZ-UHFFFAOYSA-N,P01BA02,111,CHEMBL1232461,MOLIBRESIB,network_candidate,0.14893617021276595,structurally_distant_under_this_fingerprint
CID100004451,nelfinavir,4451,QAGYKUNXZHXKMR-UHFFFAOYSA-N,J05AE04,116,CHEMBL1802973,CHEMBL1802973,network_candidate,0.1487603305785124,structurally_distant_under_this_fingerprint
CID103081884,copolymer,3081884,FHEAIOHRHQGZPC-KIWGSFCNSA-N,L03AX13,370,CHEMBL1802815,CHEMBL1802815,network_candidate,0.1485148514851485,structurally_distant_under_this_fingerprint
CID100216235,sitaxsentan,216235,PHWXUGHIIBDVKD-UHFFFAOYSA-N,C02KX03,392,CHEMBL1232461,MOLIBRESIB,network_candidate,0.1485148514851485,structurally_distant_under_this_fingerprint
CID103086686,sunitinib,3086686,WINHZLLDWRZWRT-UHFFFAOYSA-N,L01XE04,295,CHEMBL1232461,MOLIBRESIB,network_candidate,0.1485148514851485,structurally_distant_under_this_fingerprint
CID100072054,darifenacin,72054,HXGBXQDTNZMWGS-UHFFFAOYSA-N,G04BD10,83,REF_NANNOCYSTIN_A,Nannocystin A,reference_ligand,0.1484375,structurally_distant_under_this_fingerprint
CID100041693,sufentanil,41693,GGCSSNBKKAUURC-UHFFFAOYSA-N,N01AH03,35,REF_NANNOCYSTIN_A,Nannocystin A,reference_ligand,0.1484375,structurally_distant_under_this_fingerprint
CID100004775,4-PBA,4775,OBKXEAXTFZPCHS-UHFFFAOYSA-N,A16AX03,53,CHEMBL1802815,CHEMBL1802815,network_candidate,0.14814814814814814,structurally_distant_under_this_fingerprint
CID115951529,MDV3100,15951529,WXCXUHSOUPDCQV-UHFFFAOYSA-N,,61,CHEMBL5653589,CHEMBL5653589,network_candidate,0.14814814814814814,structurally_distant_under_this_fingerprint
CID100002156,amiodarone,2156,IYIKLHRQXLHMJQ-UHFFFAOYSA-O,C01BD01,215,CHEMBL1802815,CHEMBL1802815,network_candidate,0.14814814814814814,structurally_distant_under_this_fingerprint
CID100003219,emedastine,3219,KBUZBQVCBVDWKX-UHFFFAOYSA-N,S01GX06,34,CHEMBL1802814,CHEMBL1802814,network_candidate,0.14814814814814814,structurally_distant_under_this_fingerprint
CID100003364,flucloxacillin,3364,UIOFUWFRIANQPC-UHFFFAOYSA-N,J01CF05,65,REF_NANNOCYSTIN_A,Nannocystin A,reference_ligand,0.14814814814814814,structurally_distant_under_this_fingerprint
CID100003685,idarubicin,3685,XDXDZDZNSLXDNA-UHFFFAOYSA-N,L01DB06,85,REF_NANNOCYSTIN_A,Nannocystin A,reference_ligand,0.14814814814814814,structurally_distant_under_this_fingerprint
CID100004060,mephenytoin,4060,GMHKMTDVRCWUDX-UHFFFAOYSA-N,N03AB04,60,REF_NANNOCYSTIN_A,Nannocystin A,reference_ligand,0.14814814814814814,structurally_distant_under_this_fingerprint
CID100082146,bexarotene,82146,NAVMQTYZDKMPEU-UHFFFAOYSA-N,L01XX25,263,CHEMBL3752910,CHEMBL3752910,network_candidate,0.14772727272727273,structurally_distant_under_this_fingerprint
CID100003198,econazole,3198,LEZWWPYKPKIXLL-UHFFFAOYSA-N,D01AC03; G01AF05,5,CHEMBL1232461,MOLIBRESIB,network_candidate,0.14772727272727273,structurally_distant_under_this_fingerprint
CID100003342,fenoprofen,3342,RDJGLLICXDHJDY-UHFFFAOYSA-N,M01AE04,92,CHEMBL1802815,CHEMBL1802815,network_candidate,0.14772727272727273,structurally_distant_under_this_fingerprint
CID100004748,perphenazine,4748,RGCVKNLCSQQDEP-UHFFFAOYSA-N,N05AB03,111,CHEMBL1232461,MOLIBRESIB,network_candidate,0.14772727272727273,structurally_distant_under_this_fingerprint
CID100129228,rufinamide,129228,POGQSBRIGCQNEG-UHFFFAOYSA-N,N03AF03,83,CHEMBL5653589,CHEMBL5653589,network_candidate,0.14772727272727273,structurally_distant_under_this_fingerprint
CID100005318,sulconazole,5318,AFNXATANNDIXLG-UHFFFAOYSA-N,D01AC09,4,CHEMBL1232461,MOLIBRESIB,network_candidate,0.14772727272727273,structurally_distant_under_this_fingerprint
CID100003915,levocabastine,3915,ZCGOMHNNNFPNMX-UHFFFAOYSA-N,R01AC02; S01GX02,18,CHEMBL5653589,CHEMBL5653589,network_candidate,0.14705882352941177,structurally_distant_under_this_fingerprint
CID100004171,metoprolol,4171,IUBSYMUCCVWXPE-UHFFFAOYSA-N,C07AB02,154,CHEMBL1802814,CHEMBL1802814,network_candidate,0.14705882352941177,structurally_distant_under_this_fingerprint
CID100004163,methysergide,4163,KPJZHOPZRAFDTN-UHFFFAOYSA-N,N02CA04,65,CHEMBL1802973,CHEMBL1802973,network_candidate,0.14678899082568808,structurally_distant_under_this_fingerprint
CID100072022,perindoprilat,72022,ODAIHABQVKJNIY-PEDHHIEDSA-N,,45,CHEMBL1802814,CHEMBL1802814,network_candidate,0.14678899082568808,structurally_distant_under_this_fingerprint
CID106433119,rivaroxaban,6433119,KGFYHTZWPPHNLQ-UHFFFAOYSA-N,B01AX06,113,CHEMBL1802815,CHEMBL1802815,network_candidate,0.14678899082568808,structurally_distant_under_this_fingerprint
CID100064147,valganciclovir,64147,WPVFJKSGQUFQAP-GKAPJAKFSA-N,J05AB14,200,CHEMBL1802815,CHEMBL1802815,network_candidate,0.14678899082568808,structurally_distant_under_this_fingerprint
CID102761171,ethionamide,2761171,AEOCXXJPGCBFJA-UHFFFAOYSA-N,J04AD03,38,CHEMBL1232461,MOLIBRESIB,network_candidate,0.14666666666666667,structurally_distant_under_this_fingerprint
CID100060183,perindopril,60183,IYNMDWMQHSMDDE-GYFKHDNESA-N,,183,CHEMBL1802814,CHEMBL1802814,network_candidate,0.14655172413793102,structurally_distant_under_this_fingerprint
CID100074989,atovaquone,74989,BSJMWHQBCZFXBR-UHFFFAOYSA-N,P01AX06,65,CHEMBL1232461,MOLIBRESIB,network_candidate,0.14634146341463414,structurally_distant_under_this_fingerprint
CID100005032,ephedrine,5032,KWGRBVOPPLSCSI-UHFFFAOYSA-N,R01AA03; R01AB05; R01BA02; R03CA02; S01FB02,47,CHEMBL1802815,CHEMBL1802815,network_candidate,0.14634146341463414,structurally_distant_under_this_fingerprint
CID100007012,phenylbutyric,7012,OFJWFSNDPCAWDK-UHFFFAOYSA-N,,55,CHEMBL1802815,CHEMBL1802815,network_candidate,0.14634146341463414,structurally_distant_under_this_fingerprint
CID106433101,tafluprost,6433101,WSNODXPBBALQOF-ZHDUIJGQSA-N,S01EE05,36,CHEMBL1802814,CHEMBL1802814,network_candidate,0.14634146341463414,structurally_distant_under_this_fingerprint
CID100003559,haloperidol,3559,LNEPOXFFQSENCJ-UHFFFAOYSA-N,N05AD01,152,CHEMBL1232461,MOLIBRESIB,network_candidate,0.14606741573033707,structurally_distant_under_this_fingerprint
CID109794842,tasimelteon,9794842,PTOIAAWZLUQTIO-GWCFXTLKSA-N,,6,CHEMBL1232461,MOLIBRESIB,network_candidate,0.14606741573033707,structurally_distant_under_this_fingerprint
CID100005468,tiaprofenic,5468,GUHPRPJDBZHYCJ-UHFFFAOYSA-N,M01AE11,84,CHEMBL1802815,CHEMBL1802815,network_candidate,0.14606741573033707,structurally_distant_under_this_fingerprint
CID100005372,tacrolimus,5372,QJJXYPPXXYFBGM-UHFFFAOYSA-N,D11AH01; L04AD02,511,REF_TERNATIN_4,Ternatin-4,reference_ligand,0.145985401459854,structurally_distant_under_this_fingerprint
CID103325225,ALX,3325225,QPZIXFGNLVEBKM-UHFFFAOYSA-N,H05AA03,40,CHEMBL1802815,CHEMBL1802815,network_candidate,0.14583333333333334,structurally_distant_under_this_fingerprint
CID100004493,nilutamide,4493,XWXYUMMDTVBTOU-UHFFFAOYSA-N,L02BB02,80,CHEMBL1802973,CHEMBL1802973,network_candidate,0.14583333333333334,structurally_distant_under_this_fingerprint
CID100004506,nitrazepam,4506,KJONHKAYOJNZEC-UHFFFAOYSA-N,N05CD02,90,CHEMBL1802973,CHEMBL1802973,network_candidate,0.14583333333333334,structurally_distant_under_this_fingerprint
CID100005593,tropicamide,5593,BGDKAVGWHJFAGW-UHFFFAOYSA-N,S01FA06,36,CHEMBL1802815,CHEMBL1802815,network_candidate,0.14583333333333334,structurally_distant_under_this_fingerprint
CID106433117,indacaterol,6433117,QZZUEBNBZAPZLX-UHFFFAOYSA-N,R03AC18,50,CHEMBL1802973,CHEMBL1802973,network_candidate,0.14563106796116504,structurally_distant_under_this_fingerprint
CID105381226,rifampicin,5381226,FZYOVNIOYYPUPY-ZTWDQPHTSA-N,J04AB02,93,REF_NANNOCYSTIN_A,Nannocystin A,reference_ligand,0.14545454545454545,structurally_distant_under_this_fingerprint
CID100060953,capecitabine,60953,GAGWJHPBXLXJQN-UORFTKCHSA-N,L01BC06,427,CHEMBL1802814,CHEMBL1802814,network_candidate,0.1452991452991453,structurally_distant_under_this_fingerprint
CID100004679,pantoprazole,4679,IQPSEEYGBUAQFF-UHFFFAOYSA-N,A02BC02,326,CHEMBL1802814,CHEMBL1802814,network_candidate,0.1452991452991453,structurally_distant_under_this_fingerprint
CID100003268,estramustine,3268,ADFOJJHRTBFFOF-UHFFFAOYSA-N,,65,CHEMBL1802814,CHEMBL1802814,network_candidate,0.14516129032258066,structurally_distant_under_this_fingerprint
CID100003954,loperamide,3954,RDOIQAHITMMDAJ-UHFFFAOYSA-O,A07DA03,42,REF_NANNOCYSTIN_A,Nannocystin A,reference_ligand,0.14516129032258066,structurally_distant_under_this_fingerprint
CID100060814,remifentanil,60814,WFBMIPUMYUHANP-UHFFFAOYSA-N,N01AH06,130,REF_NANNOCYSTIN_A,Nannocystin A,reference_ligand,0.14516129032258066,structurally_distant_under_this_fingerprint
CID105360237,Paroven,5360237,IYVFNTXFRYQLRP-UHFFFAOYSA-N,,15,CHEMBL1802814,CHEMBL1802814,network_candidate,0.1450381679389313,structurally_distant_under_this_fingerprint
CID100001690,doxorubicin,1690,AOJJSUZBOXZQNB-UHFFFAOYSA-O,L01DB01; L01DB03,453,REF_NANNOCYSTIN_A,Nannocystin A,reference_ligand,0.14482758620689656,structurally_distant_under_this_fingerprint
CID124762228,Azarga,24762228,YPIMJBXEIGRISS-LARVRRBISA-N,,68,REF_NANNOCYSTIN_A,Nannocystin A,reference_ligand,0.14465408805031446,structurally_distant_under_this_fingerprint
CID100002800,clomiphene,2800,GKIRPKYJQBWNGO-UHFFFAOYSA-N,G03GB02,203,CHEMBL1232461,MOLIBRESIB,network_candidate,0.14457831325301204,structurally_distant_under_this_fingerprint
CID100003278,ethacrynic,3278,AVOLMBLBETYQHX-UHFFFAOYSA-N,C03CC01,39,CHEMBL1232461,MOLIBRESIB,network_candidate,0.14457831325301204,structurally_distant_under_this_fingerprint
CID100219084,Gd-EOB-DTPA,219084,PCZHWPSNPWAQNF-LMOVPXPDSA-K,V08CA10,68,CHEMBL1232461,MOLIBRESIB,network_candidate,0.14444444444444443,structurally_distant_under_this_fingerprint
CID100185457,S-benzoylmercaptoacetyltriglycine,185457,VDPYMEBVIDZKMD-UHFFFAOYSA-N,,12,CHEMBL1802815,CHEMBL1802815,network_candidate,0.14444444444444443,structurally_distant_under_this_fingerprint
CID100002576,carisoprodol,2576,OFZCIYFFPZCNJE-UHFFFAOYSA-N,M03BA02,26,CHEMBL1802973,CHEMBL1802973,network_candidate,0.14444444444444443,structurally_distant_under_this_fingerprint
CID100002719,chloroquine,2719,WHTVZRBIWZFKQO-UHFFFAOYSA-N,N06DX02; P01BA01,63,CHEMBL1232461,MOLIBRESIB,network_candidate,0.14444444444444443,structurally_distant_under_this_fingerprint
CID100034312,oxcarbazepine,34312,CTRLABGOLIVAIY-UHFFFAOYSA-N,N03AF02,275,CHEMBL1802815,CHEMBL1802815,network_candidate,0.14444444444444443,structurally_distant_under_this_fingerprint
CID100208902,ramelteon,208902,YLXDSYKOBKBWJQ-LBPRGKRZSA-N,N05CH02,20,CHEMBL1232461,MOLIBRESIB,network_candidate,0.14444444444444443,structurally_distant_under_this_fingerprint
CID100005503,tolazamide,5503,OUDSBRTVNLOZBN-UHFFFAOYSA-N,A10BB05,30,CHEMBL1802973,CHEMBL1802973,network_candidate,0.14444444444444443,structurally_distant_under_this_fingerprint
CID123690938,piroxicam,23690938,NXZIIQBUQPSNND-ZDCVYKBASA-M,M01AC01; M02AA07; S01BC06,154,CHEMBL3752910,CHEMBL3752910,network_candidate,0.14432989690721648,structurally_distant_under_this_fingerprint
CID100004934,propantheline,4934,VVWYOYDLCMFIEM-UHFFFAOYSA-N,A03AB05,35,CHEMBL1802815,CHEMBL1802815,network_candidate,0.14432989690721648,structurally_distant_under_this_fingerprint
CID100004595,ondansetron,4595,FELGMEQIXOGIFQ-UHFFFAOYSA-N,A04AA01,119,CHEMBL1802815,CHEMBL1802815,network_candidate,0.14423076923076922,structurally_distant_under_this_fingerprint
CID100000699,Oestrogen,699,JKKFKPJIXZFSSB-UHFFFAOYSA-N,,126,CHEMBL1802814,CHEMBL1802814,network_candidate,0.14414414414414414,structurally_distant_under_this_fingerprint
CID100004140,methylergometrine,4140,UNBRKDKAWYKMIV-UHFFFAOYSA-N,G02AB01,38,CHEMBL1802973,CHEMBL1802973,network_candidate,0.14414414414414414,structurally_distant_under_this_fingerprint
CID100005595,tropisetron,5595,ZNRGQMMCGHDTEI-UHFFFAOYSA-N,A04AA03,34,REF_NANNOCYSTIN_A,Nannocystin A,reference_ligand,0.1440677966101695,structurally_distant_under_this_fingerprint
CID110324367,boceprevir,10324367,LHHCSNFAOIFYRV-DOVBMPENSA-N,,296,CHEMBL1802973,CHEMBL1802973,network_candidate,0.14285714285714285,structurally_distant_under_this_fingerprint
CID100002563,carbidopa,2563,TZFNLOMSOLWIDK-UHFFFAOYSA-N,,123,CHEMBL1802815,CHEMBL1802815,network_candidate,0.14285714285714285,structurally_distant_under_this_fingerprint
CID100002676,cerivastatin,2676,SEERZIQQUAZTOL-UHFFFAOYSA-N,C10AA06,110,CHEMBL1802814,CHEMBL1802814,network_candidate,0.14285714285714285,structurally_distant_under_this_fingerprint
CID100003168,droperidol,3168,RMEDXOLNCUSCGS-UHFFFAOYSA-N,N01AX01; N05AD08,44,CHEMBL3752910,CHEMBL3752910,network_candidate,0.14285714285714285,structurally_distant_under_this_fingerprint
CID100003345,fentanyl,3345,PJMPHNIQZUBGLI-UHFFFAOYSA-N,N01AH01; N02AB03,463,CHEMBL1802815,CHEMBL1802815,network_candidate,0.14285714285714285,structurally_distant_under_this_fingerprint
CID100003380,flunitrazepam,3380,PPTYJKAXVCCBDU-UHFFFAOYSA-N,N05CD03,38,CHEMBL1232461,MOLIBRESIB,network_candidate,0.14285714285714285,structurally_distant_under_this_fingerprint
CID100003461,gemcitabine,3461,SDUQYLNIPVEERB-UHFFFAOYSA-N,L01BC05,161,CHEMBL1802815,CHEMBL1802815,network_candidate,0.14285714285714285,structurally_distant_under_this_fingerprint
CID100003746,ipratropium,3746,OEXHQOGQTVQTAT-UHFFFAOYSA-N,R01AX03; R03BB01,130,CHEMBL1802973,CHEMBL1802973,network_candidate,0.14285714285714285,structurally_distant_under_this_fingerprint
CID100004992,mepyramine,4992,YECBIJXISLIIDS-UHFFFAOYSA-N,D04AA02; R06AC01,1,CHEMBL1232461,MOLIBRESIB,network_candidate,0.14285714285714285,structurally_distant_under_this_fingerprint
CID100004095,methadone,4095,USSIQXCVUWKGNF-UHFFFAOYSA-N,N07BC02,102,CHEMBL1802815,CHEMBL1802815,network_candidate,0.14285714285714285,structurally_distant_under_this_fingerprint
CID100004248,montelukast,4248,UCHDWCPVSPXUMX-UHFFFAOYSA-N,R03DC03,121,CHEMBL1802815,CHEMBL1802815,network_candidate,0.14285714285714285,structurally_distant_under_this_fingerprint
CID100004623,oxiconazole,4623,QRJJEGAJXVEBNE-UHFFFAOYSA-N,D01AC11; G01AF17,11,CHEMBL1232461,MOLIBRESIB,network_candidate,0.14285714285714285,structurally_distant_under_this_fingerprint
CID100060184,perindopril,60184,IPVQLZZIHOAWMC-YXMSTPNBSA-N,C09AA04,159,CHEMBL1802814,CHEMBL1802814,network_candidate,0.14285714285714285,structurally_distant_under_this_fingerprint
CID100004935,proparacaine,4935,KCLANYCVBBTKTO-UHFFFAOYSA-N,S01HA04,11,CHEMBL1802815,CHEMBL1802815,network_candidate,0.14285714285714285,structurally_distant_under_this_fingerprint
CID100005572,trihexyphenidyl,5572,HWHLPVGTWGOCJO-UHFFFAOYSA-N,N04AA01,38,REF_TERNATIN_4,Ternatin-4,reference_ligand,0.14285714285714285,structurally_distant_under_this_fingerprint
CID106918313,vilazodone,6918313,RPZBRGFNBNQSOP-UHFFFAOYSA-N,,61,CHEMBL1802815,CHEMBL1802815,network_candidate,0.14285714285714285,structurally_distant_under_this_fingerprint
CID100012559,erythromycin,12559,YAVZHCFFUATPRK-YZPBMOCRSA-N,,31,REF_PLITIDEPSIN,Plitidepsin,reference_ligand,0.14204545454545456,structurally_distant_under_this_fingerprint
CID100054454,simvastatin,54454,RYMZZMVNJRMUDD-HGQWONQESA-N,C10AA01,130,REF_NANNOCYSTIN_A,Nannocystin A,reference_ligand,0.1417910447761194,structurally_distant_under_this_fingerprint
CID100010660,dimenhydrinate,10660,NFLLKCVHYJRNRH-UHFFFAOYSA-N,,16,REF_NANNOCYSTIN_A,Nannocystin A,reference_ligand,0.14173228346456693,structurally_distant_under_this_fingerprint
CID100163296,tipranavir,163296,ZBWMQTUSVWBMQE-KPHXKKTMSA-M,J05AE09,134,CHEMBL1802815,CHEMBL1802815,network_candidate,0.14173228346456693,structurally_distant_under_this_fingerprint
CID100065856,reboxetine,65856,CBQGYUDMJHNJBX-OALUTQOASA-N,N06AX18,169,REF_NANNOCYSTIN_A,Nannocystin A,reference_ligand,0.14166666666666666,structurally_distant_under_this_fingerprint
CID100122197,FP-CIT,122197,HXWLAJVUJSVENX-IFFAKLHKSA-N,V09AB03,17,CHEMBL1802814,CHEMBL1802814,network_candidate,0.1415929203539823,structurally_distant_under_this_fingerprint
CID100002655,ceftizoxime,2655,NNULBSISHYWZJU-UHFFFAOYSA-N,J01DD07,42,CHEMBL1802815,CHEMBL1802815,network_candidate,0.1415929203539823,structurally_distant_under_this_fingerprint
CID100002654,cephem,2654,UNJFKXSSGBWRBZ-UHFFFAOYSA-N,J01DD14,63,CHEMBL1802815,CHEMBL1802815,network_candidate,0.1415929203539823,structurally_distant_under_this_fingerprint
CID109871419,ticagrelor,9871419,OEKWJQXRCDYSHL-FNOIDJSQSA-N,,119,CHEMBL1232461,MOLIBRESIB,network_candidate,0.1415929203539823,structurally_distant_under_this_fingerprint
CID100064778,Meropenem,64778,FSTGLKRHSQANLP-PQTSNVLCSA-N,,113,REF_TERNATIN_4,Ternatin-4,reference_ligand,0.14150943396226415,structurally_distant_under_this_fingerprint
CID100003938,lisuride,3938,BKRGVLQUQGGVSM-UHFFFAOYSA-N,G02CB02; N02CA07,61,CHEMBL3752910,CHEMBL3752910,network_candidate,0.14150943396226415,structurally_distant_under_this_fingerprint
CID100004724,penbutolol,4724,KQXKVJAGOJTNJS-UHFFFAOYSA-N,C07AA23,34,CHEMBL1802814,CHEMBL1802814,network_candidate,0.14150943396226415,structurally_distant_under_this_fingerprint
CID100002351,bepridil,2351,UIEATEWHFDRYRU-UHFFFAOYSA-N,C08EA02,69,CHEMBL1802815,CHEMBL1802815,network_candidate,0.1414141414141414,structurally_distant_under_this_fingerprint
CID106918638,belinostat,6918638,NCNRHFGMJRPRSK-MDZDMXLPSA-N,,38,CHEMBL3752910,CHEMBL3752910,network_candidate,0.14130434782608695,structurally_distant_under_this_fingerprint
CID100003623,homatropine,3623,ZTVIKZXZYLEVOL-UHFFFAOYSA-N,S01FA05,50,CHEMBL1802973,CHEMBL1802973,network_candidate,0.14130434782608695,structurally_distant_under_this_fingerprint
CID100002801,clomipramine,2801,GDLIGKIOYRNHDA-UHFFFAOYSA-N,N06AA04,394,CHEMBL1232461,MOLIBRESIB,network_candidate,0.1411764705882353,structurally_distant_under_this_fingerprint
CID106437075,Timentin,6437075,XWMVMWTVLSLJGY-FAJPTIRJSA-N,,27,REF_DIDEMNIN_B,Didemnin B,reference_ligand,0.1411042944785276,structurally_distant_under_this_fingerprint
CID100007187,benzoyl,7187,OMPJBNCRMGITSC-UHFFFAOYSA-N,D10AE01,17,CHEMBL1802815,CHEMBL1802815,network_candidate,0.14102564102564102,structurally_distant_under_this_fingerprint
CID100147912,posaconazole,147912,RAGOYPUPXAKGKH-AGDNISCASA-N,J02AC04,398,CHEMBL1802814,CHEMBL1802814,network_candidate,0.14084507042253522,structurally_distant_under_this_fingerprint
CID116129690,ziconotide,16129690,BPKIMPVREBSLAJ-UHFFFAOYSA-N,N02BG08,147,REF_NANNOCYSTIN_A,Nannocystin A,reference_ligand,0.1404494382022472,structurally_distant_under_this_fingerprint
CID100060706,meropenem,60706,CTUAQTBUVLKNDJ-TXBRDXQXSA-N,J01DH02,139,REF_TERNATIN_4,Ternatin-4,reference_ligand,0.14018691588785046,structurally_distant_under_this_fingerprint
CID100060146,tamsulosin,60146,ZZIZZTHXZRDOFM-RSAXXLAASA-N,G04CA02,102,CHEMBL1802815,CHEMBL1802815,network_candidate,0.14018691588785046,structurally_distant_under_this_fingerprint
CID100004120,N-methylscopolamine,4120,LZCOQTDXKCNBEE-UHFFFAOYSA-N,A03BB03; S01FA03,27,CHEMBL1802815,CHEMBL1802815,network_candidate,0.14,structurally_distant_under_this_fingerprint
CID100084003,ketorolac,84003,BWHLPLXXIDYSNW-UHFFFAOYSA-N,,276,CHEMBL1802815,CHEMBL1802815,network_candidate,0.14,structurally_distant_under_this_fingerprint
CID100041684,nitazoxanide,41684,YQNQNVDNTFHQSW-UHFFFAOYSA-N,P01AX11,57,CHEMBL1802973,CHEMBL1802973,network_candidate,0.14,structurally_distant_under_this_fingerprint
CID103006171,rilpivirine,3006171,YIBOMRUWOWDFLG-UHFFFAOYSA-N,,64,CHEMBL3752910,CHEMBL3752910,network_candidate,0.14,structurally_distant_under_this_fingerprint
CID151508717,tenoxicam,51508717,WZWYJBNHTWCXIM-UHFFFAOYSA-M,M01AC02,63,CHEMBL3752910,CHEMBL3752910,network_candidate,0.14,structurally_distant_under_this_fingerprint
CID100004812,vitamin,4812,MBWXNTAXLNYFJB-UHFFFAOYSA-N,B02BA01,23,CHEMBL1802815,CHEMBL1802815,network_candidate,0.14,structurally_distant_under_this_fingerprint
CID100060726,bromfenac,60726,ZBPLOVFIXSTCRZ-UHFFFAOYSA-N,S01BC11,36,CHEMBL1802815,CHEMBL1802815,network_candidate,0.13978494623655913,structurally_distant_under_this_fingerprint
CID100004768,phenoxybenzamine,4768,QZVCTJOXCFMACW-UHFFFAOYSA-N,C04AX02,9,CHEMBL1802815,CHEMBL1802815,network_candidate,0.13978494623655913,structurally_distant_under_this_fingerprint
CID100005978,vincristine,5978,OGWKCGZFUXNPDA-XQKSVPLYSA-N,L01CA02,127,CHEMBL1232461,MOLIBRESIB,network_candidate,0.13970588235294118,structurally_distant_under_this_fingerprint
CID100206527,L-Dmp,206527,MMIAUUPWJOPREH-NBLXOJGSSA-N,,402,REF_NANNOCYSTIN_A,Nannocystin A,reference_ligand,0.13953488372093023,structurally_distant_under_this_fingerprint
CID100002631,cefotaxime,2631,GPRBEKHLDVQUJE-UHFFFAOYSA-M,J01DD01,58,CHEMBL1802814,CHEMBL1802814,network_candidate,0.13953488372093023,structurally_distant_under_this_fingerprint
CID100039860,nabilone,39860,GECBBEABIDMGGL-UHFFFAOYSA-N,A04AD11,138,REF_NANNOCYSTIN_A,Nannocystin A,reference_ligand,0.13953488372093023,structurally_distant_under_this_fingerprint
CID100004923,proguanil,4923,SSOLNOMRVKKSON-UHFFFAOYSA-N,P01BB01,25,CHEMBL1232461,MOLIBRESIB,network_candidate,0.13924050632911392,structurally_distant_under_this_fingerprint
CID100022258,hydrocodone,22258,LLPOLZWFYMWNKH-BMEPFDOTSA-N,R05DA03,74,CHEMBL1802814,CHEMBL1802814,network_candidate,0.1391304347826087,structurally_distant_under_this_fingerprint
CID100219024,regadenoson,219024,LZPZPHGJDAGEJZ-AKAIJSEGSA-N,C01EB21,112,CHEMBL1802815,CHEMBL1802815,network_candidate,0.1391304347826087,structurally_distant_under_this_fingerprint
CID100060867,levosimendan,60867,WHXMKTBCFHIYNQ-UHFFFAOYSA-N,C01CX08,24,CHEMBL1802814,CHEMBL1802814,network_candidate,0.1388888888888889,structurally_distant_under_this_fingerprint
CID100003324,famciclovir,3324,GGXKWVWZWMLJEH-UHFFFAOYSA-N,J05AB09; S01AD07,78,CHEMBL1802815,CHEMBL1802815,network_candidate,0.13861386138613863,structurally_distant_under_this_fingerprint
CID100005039,ranitidine,5039,VMXUWOKSQNHOCA-UHFFFAOYSA-N,A02BA02,94,CHEMBL1802973,CHEMBL1802973,network_candidate,0.13861386138613863,structurally_distant_under_this_fingerprint
CID100005721,zanamivir,5721,ARAIBEBZBOPLMB-UHFFFAOYSA-N,J05AH01,66,CHEMBL1802973,CHEMBL1802973,network_candidate,0.13861386138613863,structurally_distant_under_this_fingerprint
CID105487068,Mersyndol,5487068,UIEXGALYZIJPJA-IDOSJLLWSA-N,,96,CHEMBL1802814,CHEMBL1802814,network_candidate,0.13836477987421383,structurally_distant_under_this_fingerprint
CID100029089,chlorhexidine,29089,YZIYKJHYYHPJIB-UUPCJSQJSA-N,,21,CHEMBL1232461,MOLIBRESIB,network_candidate,0.13829787234042554,structurally_distant_under_this_fingerprint
CID100214339,luliconazole,214339,YTAOBBFIOAEMLL-ZDUSSCGKSA-N,,4,CHEMBL1232461,MOLIBRESIB,network_candidate,0.13829787234042554,structurally_distant_under_this_fingerprint
CID100054158,mebrofenin,54158,MHPZZZZLAQGTHT-UHFFFAOYSA-N,,5,CHEMBL1802815,CHEMBL1802815,network_candidate,0.13829787234042554,structurally_distant_under_this_fingerprint
CID100004048,megestrol,4048,RQZAXGRLVPAYTJ-UHFFFAOYSA-N,,52,CHEMBL1232461,MOLIBRESIB,network_candidate,0.13829787234042554,structurally_distant_under_this_fingerprint
CID100119607,valdecoxib,119607,LNPDTQAFDNKSHK-UHFFFAOYSA-N,M01AH03,281,CHEMBL1802815,CHEMBL1802815,network_candidate,0.13829787234042554,structurally_distant_under_this_fingerprint
CID105479141,CGP,5479141,JMUHBNWAORSSBD-SHXJQDTLSA-N,L03AX15,138,CHEMBL1802814,CHEMBL1802814,network_candidate,0.13815789473684212,structurally_distant_under_this_fingerprint
CID100078032,Vallergan,78032,IGTHXMNRIKFVAW-LOLRQIBTSA-N,,46,CHEMBL1232461,MOLIBRESIB,network_candidate,0.13793103448275862,structurally_distant_under_this_fingerprint
CID100047319,atracurium,47319,YXSLJKQTIDHPOT-UHFFFAOYSA-N,M03AC04,33,CHEMBL1802814,CHEMBL1802814,network_candidate,0.13793103448275862,structurally_distant_under_this_fingerprint
CID100003032,diclofenac,3032,DCOPUUMXTXDBNB-UHFFFAOYSA-M,D11AX18; M01AB05; M02AA15; S01BC03,357,CHEMBL3752910,CHEMBL3752910,network_candidate,0.13793103448275862,structurally_distant_under_this_fingerprint
CID109854489,fluticasone,9854489,XTULMSXFIHGYFS-VLSRWLAYSA-N,R01AD12,56,REF_NANNOCYSTIN_A,Nannocystin A,reference_ligand,0.13793103448275862,structurally_distant_under_this_fingerprint
CID100003658,hydroxyzine,3658,ZQDWXGKKHFNSQK-UHFFFAOYSA-N,N05BB01,14,CHEMBL1232461,MOLIBRESIB,network_candidate,0.13793103448275862,structurally_distant_under_this_fingerprint
CID100003964,loxapine,3964,XJGVXQDUIWGIRW-UHFFFAOYSA-N,N05AH01,91,CHEMBL1232461,MOLIBRESIB,network_candidate,0.13793103448275862,structurally_distant_under_this_fingerprint
CID100004635,oxycodone,4635,BRUQQQPBMZOVGD-UHFFFAOYSA-N,N02AA05,263,CHEMBL1802814,CHEMBL1802814,network_candidate,0.13793103448275862,structurally_distant_under_this_fingerprint
CID103086685,axitinib,3086685,RITAVMQDGBJQJZ-UHFFFAOYSA-N,,112,CHEMBL1802815,CHEMBL1802815,network_candidate,0.13761467889908258,structurally_distant_under_this_fingerprint
CID110178705,besifloxacin,10178705,QFFGVLORLPOAEC-SNVBAGLBSA-N,,6,CHEMBL1802973,CHEMBL1802973,network_candidate,0.13761467889908258,structurally_distant_under_this_fingerprint
CID100002617,cefazolin,2617,MLYYVTUWGNIJIB-UHFFFAOYSA-M,J01DB04,84,CHEMBL1232461,MOLIBRESIB,network_candidate,0.13761467889908258,structurally_distant_under_this_fingerprint
CID144462760,dabrafenib,44462760,BFSMGDJOXZAERB-UHFFFAOYSA-N,,142,CHEMBL3752910,CHEMBL3752910,network_candidate,0.13761467889908258,structurally_distant_under_this_fingerprint
CID106323497,rifapentine,6323497,RISDZDVHYCURHD-QLWTZYDESA-N,J04AB05,202,REF_PLITIDEPSIN,Plitidepsin,reference_ligand,0.13756613756613756,structurally_distant_under_this_fingerprint
CID100002713,chlorhexidine,2713,GHXZTYHSJHQHIJ-UHFFFAOYSA-N,A01AB03; B05CA02; D08AC02; D09AA12; R02AA05; S01AX09; S02AA09; S03AA04,53,CHEMBL1232461,MOLIBRESIB,network_candidate,0.1375,structurally_distant_under_this_fingerprint
CID100003675,phenelzine,3675,RMUCZJUITONUFY-UHFFFAOYSA-N,N06AF03,65,CHEMBL1802815,CHEMBL1802815,network_candidate,0.1375,structurally_distant_under_this_fingerprint
CID100004771,phentermine,4771,DHHVAGZRUROJKS-UHFFFAOYSA-N,A08AA01,42,CHEMBL1802815,CHEMBL1802815,network_candidate,0.1375,structurally_distant_under_this_fingerprint
CID100060795,aripiprazole,60795,CEUORZQYGODEFX-UHFFFAOYSA-N,N05AX12,741,REF_NANNOCYSTIN_A,Nannocystin A,reference_ligand,0.13740458015267176,structurally_distant_under_this_fingerprint
CID105362070,balsalazide,5362070,KONZVQJABTUMFX-UDWIEESQSA-N,A07EC04,88,CHEMBL1802815,CHEMBL1802815,network_candidate,0.13725490196078433,structurally_distant_under_this_fingerprint
CID100003040,dicloxacillin,3040,YFAGHNZHGGCZAX-UHFFFAOYSA-M,J01CF01,75,CHEMBL1232461,MOLIBRESIB,network_candidate,0.13725490196078433,structurally_distant_under_this_fingerprint
CID100003042,dicyclomine,3042,CURUTKGFNZGFSE-UHFFFAOYSA-N,A03AA07,94,CHEMBL1802814,CHEMBL1802814,network_candidate,0.13725490196078433,structurally_distant_under_this_fingerprint
CID100003883,lansoprazole,3883,MJIHNNLFOKEZEW-UHFFFAOYSA-N,A02BC03,382,CHEMBL3752910,CHEMBL3752910,network_candidate,0.13725490196078433,structurally_distant_under_this_fingerprint
CID100005466,tiagabine,5466,PBJUNZJWGZTSKL-UHFFFAOYSA-N,N03AG06,264,REF_TERNATIN_4,Ternatin-4,reference_ligand,0.13725490196078433,structurally_distant_under_this_fingerprint
CID100071616,voriconazole,71616,BCEHBSKCWLPMDN-MGPLVRAMSA-N,J02AC03,367,CHEMBL3752910,CHEMBL3752910,network_candidate,0.13725490196078433,structurally_distant_under_this_fingerprint
CID100054688,clarithromycin,54688,AGOYDEPGAOXOCK-AVDMLEEESA-N,J01FA09,203,REF_DIDEMNIN_B,Didemnin B,reference_ligand,0.13690476190476192,structurally_distant_under_this_fingerprint
CID100071469,erythromycin,71469,NNRXCKZMQLFUPL-WBMZRJHASA-N,,23,REF_DIDEMNIN_B,Didemnin B,reference_ligand,0.1368421052631579,structurally_distant_under_this_fingerprint
CID100004509,nitrofurantoin,4509,NXFQHRVNIOXGAQ-UHFFFAOYSA-N,J01XE01,85,CHEMBL1802973,CHEMBL1802973,network_candidate,0.1368421052631579,structurally_distant_under_this_fingerprint
CID100001125,tetrahydrobiopterin,1125,FNKQXYHWGSIFBK-UHFFFAOYSA-N,A16AX07,53,REF_TERNATIN_4,Ternatin-4,reference_ligand,0.1368421052631579,structurally_distant_under_this_fingerprint
CID100000853,thyroxine,853,XUIIKFGFIJCVMT-UHFFFAOYSA-N,C10AX01; H03AA01,64,CHEMBL1802815,CHEMBL1802815,network_candidate,0.1368421052631579,structurally_distant_under_this_fingerprint
CID100002307,beclomethasone,2307,KUVIULQEHSCUHY-UHFFFAOYSA-N,A07EA07; D07AC15; R01AD01; R03BA01,41,REF_NANNOCYSTIN_A,Nannocystin A,reference_ligand,0.1366906474820144,structurally_distant_under_this_fingerprint
CID100047320,cisatracurium,47320,XXZSQOVSEBAPGS-UHFFFAOYSA-L,M03AC11,27,REF_NANNOCYSTIN_A,Nannocystin A,reference_ligand,0.1366906474820144,structurally_distant_under_this_fingerprint
CID100002622,cefepime,2622,HVFLCNVBZFFHBT-UHFFFAOYSA-N,J01DE01,91,CHEMBL1802814,CHEMBL1802814,network_candidate,0.13636363636363635,structurally_distant_under_this_fingerprint
CID103038497,fospropofol,3038497,LWYLQNWMSGFCOZ-UHFFFAOYSA-L,,20,CHEMBL1802973,CHEMBL1802973,network_candidate,0.13636363636363635,structurally_distant_under_this_fingerprint
CID100003914,levobunolol,3914,IXHBTMCLRNMKHZ-UHFFFAOYSA-N,S01ED03,47,CHEMBL1802814,CHEMBL1802814,network_candidate,0.13636363636363635,structurally_distant_under_this_fingerprint
CID100003950,lomustine,3950,GQYIWUVLTXOXAJ-UHFFFAOYSA-N,L01AD02,37,CHEMBL1802973,CHEMBL1802973,network_candidate,0.13636363636363635,structurally_distant_under_this_fingerprint
CID100110635,tadalafil,110635,WOXKDUGGOYFFRN-IIBYNOLFSA-N,G04BE08,144,REF_NANNOCYSTIN_A,Nannocystin A,reference_ligand,0.13636363636363635,structurally_distant_under_this_fingerprint
CID109818231,tofacitinib,9818231,UJLAWZDWDVHWOW-UHFFFAOYSA-N,,64,REF_TERNATIN_4,Ternatin-4,reference_ligand,0.13636363636363635,structurally_distant_under_this_fingerprint
CID100005508,tolmetin,5508,UPSPUYADGBWSHF-UHFFFAOYSA-M,M01AB03; M02AA21,49,CHEMBL3752910,CHEMBL3752910,network_candidate,0.13636363636363635,structurally_distant_under_this_fingerprint
CID100005734,zonisamide,5734,UBQNRHZMVUUOMG-UHFFFAOYSA-N,N03AX15,248,CHEMBL1802815,CHEMBL1802815,network_candidate,0.13636363636363635,structurally_distant_under_this_fingerprint
CID100003928,lincomycin,3928,OJMMVQQUTAEWLP-UHFFFAOYSA-N,J01FF02,56,REF_DIDEMNIN_B,Didemnin B,reference_ligand,0.1360544217687075,structurally_distant_under_this_fingerprint
CID100656892,TMC207,656892,QUIJNHUBAXPXFS-XDFJSJKPSA-N,,33,CHEMBL1232461,MOLIBRESIB,network_candidate,0.13592233009708737,structurally_distant_under_this_fingerprint
CID100037392,halofantrine,37392,WANGFTDWOFGECH-UHFFFAOYSA-N,P01BX01,53,CHEMBL3752910,CHEMBL3752910,network_candidate,0.13592233009708737,structurally_distant_under_this_fingerprint
CID100002391,bisacodyl,2391,KHOITXIGCFIULA-UHFFFAOYSA-N,A06AB02; A06AG02,24,CHEMBL1232461,MOLIBRESIB,network_candidate,0.13580246913580246,structurally_distant_under_this_fingerprint
CID100004197,milrinone,4197,PZRHRDRVRGEVNW-UHFFFAOYSA-N,C01CE02,21,CHEMBL1232461,MOLIBRESIB,network_candidate,0.13580246913580246,structurally_distant_under_this_fingerprint
CID100004786,phenylpropanolamine,4786,DLNKOYKMWOXYQA-UHFFFAOYSA-N,A08AA07; R01BA01,40,CHEMBL1802815,CHEMBL1802815,network_candidate,0.13580246913580246,structurally_distant_under_this_fingerprint
CID100125889,pregabalin,125889,AYXYPKUFHZROOJ-SSDOTTSWSA-N,N03AX16,742,CHEMBL1802973,CHEMBL1802973,network_candidate,0.13580246913580246,structurally_distant_under_this_fingerprint
CID100002476,buprenorphine,2476,RMRJXGBAOAMLHD-UHFFFAOYSA-N,N02AE01; N07BC01,201,REF_NANNOCYSTIN_A,Nannocystin A,reference_ligand,0.1357142857142857,structurally_distant_under_this_fingerprint
CID100002168,amorolfine,2168,MQHLMHIZUIDKOO-UHFFFAOYSA-N,D01AE16,8,REF_NANNOCYSTIN_A,Nannocystin A,reference_ligand,0.13559322033898305,structurally_distant_under_this_fingerprint
CID144567678,dalbavancin,44567678,IZJRUXNZMRDQJI-SZUNQUCBSA-N,J01XA04,49,REF_DIDEMNIN_B,Didemnin B,reference_ligand,0.13559322033898305,structurally_distant_under_this_fingerprint
CID100000596,cytarabine,596,UHDGCWIWMRVCDJ-UHFFFAOYSA-N,L01BC01,206,CHEMBL1802815,CHEMBL1802815,network_candidate,0.13541666666666666,structurally_distant_under_this_fingerprint
CID106918456,prasugrel,6918456,DTGLZDAWLRGWQN-UHFFFAOYSA-N,B01AC22,63,CHEMBL1802815,CHEMBL1802815,network_candidate,0.13513513513513514,structurally_distant_under_this_fingerprint
CID100054547,cefpodoxime,54547,WYUSVOMTXWRGEK-UHFFFAOYSA-N,J01DD13,174,CHEMBL1802814,CHEMBL1802814,network_candidate,0.1349206349206349,structurally_distant_under_this_fingerprint
CID100002550,captopril,2550,FAKRSMQSSFJEIM-UHFFFAOYSA-N,C09AA01,134,CHEMBL1802973,CHEMBL1802973,network_candidate,0.1348314606741573,structurally_distant_under_this_fingerprint
CID100003463,gemfibrozil,3463,HEMJJKBWTPKOJG-UHFFFAOYSA-N,C10AB04,104,CHEMBL3752910,CHEMBL3752910,network_candidate,0.1348314606741573,structurally_distant_under_this_fingerprint
CID100004138,methyldopa,4138,CJCSPKMFHVPWAR-UHFFFAOYSA-N,C02AB01; C02AB02,78,CHEMBL1802815,CHEMBL1802815,network_candidate,0.1348314606741573,structurally_distant_under_this_fingerprint
CID100004189,miconazole,4189,BYBLEWFAAKGYCD-UHFFFAOYSA-N,A01AB09; A07AC01; D01AC02; G01AF04; J02AB01; S02AA13,63,CHEMBL1232461,MOLIBRESIB,network_candidate,0.1348314606741573,structurally_distant_under_this_fingerprint
CID100004911,probenecid,4911,DBABZHXKTCFAPX-UHFFFAOYSA-N,M04AB01,27,CHEMBL1802815,CHEMBL1802815,network_candidate,0.1348314606741573,structurally_distant_under_this_fingerprint
CID100005524,tramazoline,5524,QQJLHRRUATVHED-UHFFFAOYSA-N,R01AA09,36,CHEMBL3752910,CHEMBL3752910,network_candidate,0.1348314606741573,structurally_distant_under_this_fingerprint
CID124812758,canagliflozin,24812758,XTNGUQKDFGDXSJ-ZXGKGEBGSA-N,,84,CHEMBL3752910,CHEMBL3752910,network_candidate,0.1346153846153846,structurally_distant_under_this_fingerprint
CID100032603,clindamycin,32603,UFUVLHLTWXBHGZ-UHFFFAOYSA-N,,105,REF_PLITIDEPSIN,Plitidepsin,reference_ligand,0.1346153846153846,structurally_distant_under_this_fingerprint
CID100489129,efinaconazole,489129,NFEZZTICAUWDHU-UHFFFAOYSA-N,,5,CHEMBL3752910,CHEMBL3752910,network_candidate,0.1346153846153846,structurally_distant_under_this_fingerprint
CID100119830,tenofovir,119830,JFVZFKDSXNQEJW-AWEZNQCLSA-N,J05AF07,116,CHEMBL1802814,CHEMBL1802814,network_candidate,0.13445378151260504,structurally_distant_under_this_fingerprint
CID100005515,topotecan,5515,UCFGDBYHRUNTLO-UHFFFAOYSA-N,L01XX17,99,CHEMBL1802815,CHEMBL1802815,network_candidate,0.13445378151260504,structurally_distant_under_this_fingerprint
CID100002786,clindamycin,2786,KDLRVYVGXIQJDK-UHFFFAOYSA-N,D10AF01; G01AA10; J01FF01,131,REF_PLITIDEPSIN,Plitidepsin,reference_ligand,0.1342281879194631,structurally_distant_under_this_fingerprint
CID100002479,butabarbital,2479,ZRIHAIZYIMGOAB-UHFFFAOYSA-N,,34,REF_TERNATIN_4,Ternatin-4,reference_ligand,0.13414634146341464,structurally_distant_under_this_fingerprint
CID100047471,butoconazole,47471,ZHPWRQIPPNZNML-UHFFFAOYSA-N,G01AF15,7,CHEMBL1232461,MOLIBRESIB,network_candidate,0.13402061855670103,structurally_distant_under_this_fingerprint
CID100002905,cyclopentolate,2905,SKYSRIRYMSLOIN-UHFFFAOYSA-N,S01FA04,37,CHEMBL1802815,CHEMBL1802815,network_candidate,0.13402061855670103,structurally_distant_under_this_fingerprint
CID100003918,dextrorphan,3918,JAQUASYNZVUNQP-UHFFFAOYSA-N,,57,REF_TERNATIN_4,Ternatin-4,reference_ligand,0.13402061855670103,structurally_distant_under_this_fingerprint
CID100003494,glycopyrrolate,3494,ANGKOCUUWGHLCE-UHFFFAOYSA-N,A03AB02,111,CHEMBL1802973,CHEMBL1802973,network_candidate,0.13402061855670103,structurally_distant_under_this_fingerprint
CID116004692,macitentan,16004692,JGCMEBMXRHSZKX-UHFFFAOYSA-N,,16,CHEMBL1232461,MOLIBRESIB,network_candidate,0.13402061855670103,structurally_distant_under_this_fingerprint
CID100073303,doripenem,73303,AVAACINZEOAHHE-VFZPANTDSA-N,J01DH04,33,REF_TERNATIN_4,Ternatin-4,reference_ligand,0.13392857142857142,structurally_distant_under_this_fingerprint
CID100003890,latanoprost,3890,GGXICVAJURFBLW-UHFFFAOYSA-N,S01EE01,57,CHEMBL1802815,CHEMBL1802815,network_candidate,0.13392857142857142,structurally_distant_under_this_fingerprint
CID100003636,Buscopan,3636,YBCNXCRZPWQOBR-UHFFFAOYSA-N,A03BB01,35,REF_NANNOCYSTIN_A,Nannocystin A,reference_ligand,0.13385826771653545,structurally_distant_under_this_fingerprint
CID106918430,ceftobiprole,6918430,LXLDMYXULSBRCX-HZEONMFJSA-N,,71,REF_TERNATIN_4,Ternatin-4,reference_ligand,0.13385826771653545,structurally_distant_under_this_fingerprint
CID100010631,medroxyprogesterone,10631,FRQMUZJSZHZSGN-HBNHAYAOSA-N,G03AC06; G03DA02; L02AB02,176,REF_PLITIDEPSIN,Plitidepsin,reference_ligand,0.13380281690140844,structurally_distant_under_this_fingerprint
CID100002099,alosetron,2099,JSWZEAMFRNKZNL-UHFFFAOYSA-N,A03AE01,111,CHEMBL1802815,CHEMBL1802815,network_candidate,0.13333333333333333,structurally_distant_under_this_fingerprint
CID100002171,amoxicillin,2171,LSQZJLSUYDQPKJ-UHFFFAOYSA-N,J01CA04,79,CHEMBL1802815,CHEMBL1802815,network_candidate,0.13333333333333333,structurally_distant_under_this_fingerprint
CID105328940,bosutinib,5328940,UBPYILGKFZZVDX-UHFFFAOYSA-N,,116,CHEMBL1232461,MOLIBRESIB,network_candidate,0.13333333333333333,structurally_distant_under_this_fingerprint
CID100002559,carbenicillin,2559,FPPNZSSZRUTDAP-UHFFFAOYSA-L,J01CA03,26,CHEMBL1802815,CHEMBL1802815,network_candidate,0.13333333333333333,structurally_distant_under_this_fingerprint
CID100002610,cefadroxil,2610,BOEGTKLJZSQCCD-UHFFFAOYSA-N,J01DB05,59,CHEMBL1802973,CHEMBL1802973,network_candidate,0.13333333333333333,structurally_distant_under_this_fingerprint
CID100444006,cefditoren,444006,AFZFFLVORLEPPO-DYESRHJHSA-N,J01DD16,109,CHEMBL1802815,CHEMBL1802815,network_candidate,0.13333333333333333,structurally_distant_under_this_fingerprint
CID100003365,fluconazole,3365,RFHAOTPXVQNOHP-UHFFFAOYSA-N,D01AC15; J02AC01,143,CHEMBL3752910,CHEMBL3752910,network_candidate,0.13333333333333333,structurally_distant_under_this_fingerprint
CID104479097,hydroxocobalamin,4479097,ITFLMCXLENHUAD-UHFFFAOYSA-L,B03BA03; V03AB33,65,CHEMBL1802814,CHEMBL1802814,network_candidate,0.13333333333333333,structurally_distant_under_this_fingerprint
CID100016362,pimozide,16362,YVUQSNJEYSNKRX-UHFFFAOYSA-N,N05AG02,109,REF_TERNATIN_4,Ternatin-4,reference_ligand,0.13333333333333333,structurally_distant_under_this_fingerprint
CID100005090,rofecoxib,5090,RZJQGNCSTQAWON-UHFFFAOYSA-N,M01AH02,206,CHEMBL1802973,CHEMBL1802973,network_candidate,0.13333333333333333,structurally_distant_under_this_fingerprint
CID100013342,vinblastine,13342,JXLYSJRDGCGARV-CFWMRBGOSA-N,L01CA01,54,CHEMBL1232461,MOLIBRESIB,network_candidate,0.13333333333333333,structurally_distant_under_this_fingerprint
CID100002512,cabergoline,2512,KORNTPPJEAJQIU-UHFFFAOYSA-N,G02CB03; N04BC06,119,CHEMBL1232461,MOLIBRESIB,network_candidate,0.13274336283185842,structurally_distant_under_this_fingerprint
CID100015459,metaxalone,15459,IMWZZHHPURKASS-UHFFFAOYSA-N,,19,REF_NANNOCYSTIN_A,Nannocystin A,reference_ligand,0.13274336283185842,structurally_distant_under_this_fingerprint
CID100004450,nefopam,4450,RGPDEAGGEXEMMM-UHFFFAOYSA-N,N02BG06,19,REF_NANNOCYSTIN_A,Nannocystin A,reference_ligand,0.13274336283185842,structurally_distant_under_this_fingerprint
CID100004889,pravastatin,4889,TUZYXOIXSAXUGO-UHFFFAOYSA-N,C10AA03,158,REF_TERNATIN_4,Ternatin-4,reference_ligand,0.13274336283185842,structurally_distant_under_this_fingerprint
CID100016886,5-aza-2'-deoxycytidine,16886,XAUDJQYHKZQPEU-UHFFFAOYSA-N,L01BC08,199,CHEMBL1802815,CHEMBL1802815,network_candidate,0.1326530612244898,structurally_distant_under_this_fingerprint
CID100193962,etravirine,193962,PYGWGZALEOIKDF-UHFFFAOYSA-N,J05AG04,125,CHEMBL3752910,CHEMBL3752910,network_candidate,0.1326530612244898,structurally_distant_under_this_fingerprint
CID100003877,lamivudine,3877,JTEGQNOMFQHVDC-UHFFFAOYSA-N,J05AF05,191,CHEMBL1802815,CHEMBL1802815,network_candidate,0.1326530612244898,structurally_distant_under_this_fingerprint
CID100000861,triiodothyronine,861,AUYYCJSJGJYCDS-UHFFFAOYSA-N,H03AA02,12,CHEMBL1802815,CHEMBL1802815,network_candidate,0.1326530612244898,structurally_distant_under_this_fingerprint
CID100002891,cyanocobalamin,2891,AGVAZMGAQJOSFJ-UHFFFAOYSA-M,B03BA01,33,CHEMBL1802814,CHEMBL1802814,network_candidate,0.13259668508287292,structurally_distant_under_this_fingerprint
CID100005106,roxithromycin,5106,RXZBMPWDPOLZGW-UHFFFAOYSA-N,J01FA06,45,REF_DIDEMNIN_B,Didemnin B,reference_ligand,0.13259668508287292,structurally_distant_under_this_fingerprint
CID100002725,chlorpheniramine,2725,SOYKEARSMXGVTM-UHFFFAOYSA-N,R06AB02; R06AB04,57,CHEMBL1232461,MOLIBRESIB,network_candidate,0.13253012048192772,structurally_distant_under_this_fingerprint
CID100004746,perhexiline,4746,CYXKNKQEMFBLER-UHFFFAOYSA-N,C08EX02,45,CHEMBL1802973,CHEMBL1802973,network_candidate,0.13253012048192772,structurally_distant_under_this_fingerprint
CID100072111,rifaximin,72111,NZCRJKRKKOLAOJ-IIBMFGDOSA-N,A07AA11; D06AX11,135,REF_NANNOCYSTIN_A,Nannocystin A,reference_ligand,0.13253012048192772,structurally_distant_under_this_fingerprint
CID100005376,tamoxifen,5376,NKANXQFJJICGDU-UHFFFAOYSA-N,L02BA01,192,CHEMBL1232461,MOLIBRESIB,network_candidate,0.13253012048192772,structurally_distant_under_this_fingerprint
CID100005311,vorinostat,5311,WAEXFXRVDQXREF-UHFFFAOYSA-N,L01XX38,62,CHEMBL3752910,CHEMBL3752910,network_candidate,0.13253012048192772,structurally_distant_under_this_fingerprint
CID100002818,clozapine,2818,ZUXABONWMNSFBN-UHFFFAOYSA-N,N05AH02,254,REF_NANNOCYSTIN_A,Nannocystin A,reference_ligand,0.1322314049586777,structurally_distant_under_this_fingerprint
CID100003370,fludrocortisone,3370,SYWHXTATXSMDSB-UHFFFAOYSA-N,,64,CHEMBL1802814,CHEMBL1802814,network_candidate,0.1322314049586777,structurally_distant_under_this_fingerprint
CID100005379,gatifloxacin,5379,XUBOMFCQGDBHNK-UHFFFAOYSA-N,J01MA16; S01AX21,174,CHEMBL1802814,CHEMBL1802814,network_candidate,0.1322314049586777,structurally_distant_under_this_fingerprint
CID106918462,retapamulin,6918462,STZYTFJPGGDRJD-FJJJPKKESA-N,D06AX13,21,REF_TERNATIN_4,Ternatin-4,reference_ligand,0.1322314049586777,structurally_distant_under_this_fingerprint
CID100123809,Madopar,123809,QFLMOYQNYBDXMT-ZCMDIHMWSA-N,,52,CHEMBL1802815,CHEMBL1802815,network_candidate,0.1320754716981132,structurally_distant_under_this_fingerprint
CID100062956,fosinoprilat,62956,WOIWWYDXDVSWAZ-RTWAWAEBSA-N,,127,CHEMBL1802973,CHEMBL1802973,network_candidate,0.1320754716981132,structurally_distant_under_this_fingerprint
CID100005152,salmeterol,5152,GIIZNNXWQWCKIB-UHFFFAOYSA-N,R03AC12,125,CHEMBL1802815,CHEMBL1802815,network_candidate,0.1320754716981132,structurally_distant_under_this_fingerprint
CID100002958,anthracycline,2958,STQGQHZAVUOBTE-UHFFFAOYSA-N,L01DB02,159,REF_NANNOCYSTIN_A,Nannocystin A,reference_ligand,0.13194444444444445,structurally_distant_under_this_fingerprint
CID100003386,fluoxetine,3386,RTHCYVBBDHJXIQ-UHFFFAOYSA-N,N06AB03,493,CHEMBL3752910,CHEMBL3752910,network_candidate,0.13186813186813187,structurally_distant_under_this_fingerprint
CID100005210,sibutramine,5210,UNAANXDKBXWMLN-UHFFFAOYSA-N,A08AA10,330,CHEMBL1802973,CHEMBL1802973,network_candidate,0.13186813186813187,structurally_distant_under_this_fingerprint
CID100005352,sulindac,5352,MLKXDPUZXIRXEP-UHFFFAOYSA-N,M01AB02,129,CHEMBL1232461,MOLIBRESIB,network_candidate,0.13186813186813187,structurally_distant_under_this_fingerprint
CID106477186,delamanid,6477186,XDAOLTSRNUSPPH-DEOSSOPVSA-N,,138,CHEMBL1802814,CHEMBL1802814,network_candidate,0.13178294573643412,structurally_distant_under_this_fingerprint
CID100000244,benzyl,244,WVDDGKGOMKODPV-UHFFFAOYSA-N,,21,CHEMBL1802815,CHEMBL1802815,network_candidate,0.13157894736842105,structurally_distant_under_this_fingerprint
CID100027993,conjugated,27993,YJBYRYVLFAUXBJ-UHFFFAOYSA-N,G03CA57,156,CHEMBL1802814,CHEMBL1802814,network_candidate,0.13157894736842105,structurally_distant_under_this_fingerprint
CID100003449,galantamine,3449,ASUTZQLVASHGKV-UHFFFAOYSA-N,N06DA04,168,CHEMBL1802814,CHEMBL1802814,network_candidate,0.13157894736842105,structurally_distant_under_this_fingerprint
CID100129806,rosuvastatin,129806,BPRHUIZQVSMCRT-DLBZAZTESA-N,C10AA07,73,CHEMBL1802815,CHEMBL1802815,network_candidate,0.13157894736842105,structurally_distant_under_this_fingerprint
CID100060936,tiludronate,60936,SKUHWSDHMJMHIW-UHFFFAOYSA-L,M05BA05,19,CHEMBL1232461,MOLIBRESIB,network_candidate,0.13157894736842105,structurally_distant_under_this_fingerprint
CID100004271,mycophenolate,4271,RTGDFNSFWBGLEC-UHFFFAOYSA-N,,447,REF_NANNOCYSTIN_A,Nannocystin A,reference_ligand,0.13138686131386862,structurally_distant_under_this_fingerprint
CID100004114,8-MOP,4114,QXKHYNVANLEOEG-UHFFFAOYSA-N,D05AD02; D05BA02,47,CHEMBL1802814,CHEMBL1802814,network_candidate,0.13131313131313133,structurally_distant_under_this_fingerprint
CID100060613,cidofovir,60613,VWFCHDSQECPREK-LURJTMIESA-N,J05AB12,261,CHEMBL1802815,CHEMBL1802815,network_candidate,0.13131313131313133,structurally_distant_under_this_fingerprint
CID100003267,estradiol,3267,RSEPBGGWRJCQGY-UHFFFAOYSA-N,,93,CHEMBL1232461,MOLIBRESIB,network_candidate,0.13131313131313133,structurally_distant_under_this_fingerprint
CID100123610,Eptifibatide,123610,CZKPOZZJODAYPZ-UHFFFAOYSA-N,B01AC16,66,REF_DIDEMNIN_B,Didemnin B,reference_ligand,0.13114754098360656,structurally_distant_under_this_fingerprint
CID100071362,Hoe,71362,HKMZRZUEADSZDQ-QNQUGUDESA-N,C01EB19,10,CHEMBL1802973,CHEMBL1802973,network_candidate,0.13095238095238096,structurally_distant_under_this_fingerprint
CID100121396,N-carbamylglutamate,121396,LCQLHJZYVOQKHU-VKHMYHEASA-N,A16AA05,31,CHEMBL1802815,CHEMBL1802815,network_candidate,0.13095238095238096,structurally_distant_under_this_fingerprint
CID100002554,carbamazepine,2554,FFGPTBGBLSHEPO-UHFFFAOYSA-N,N03AF01,287,CHEMBL1802815,CHEMBL1802815,network_candidate,0.13095238095238096,structurally_distant_under_this_fingerprint
CID100003105,dipivefrin,3105,OCUJLLGVOUDECM-UHFFFAOYSA-N,S01EA02,7,CHEMBL1232461,MOLIBRESIB,network_candidate,0.13095238095238096,structurally_distant_under_this_fingerprint
CID100657298,propylthiouracil,657298,KNAHARQHSZJURB-UHFFFAOYSA-N,H03BA02,48,REF_TERNATIN_4,Ternatin-4,reference_ligand,0.13095238095238096,structurally_distant_under_this_fingerprint
CID100005320,sulfacetamide,5320,SKIVFJLNDNKQPD-UHFFFAOYSA-N,S01AB04,18,CHEMBL1802973,CHEMBL1802973,network_candidate,0.13095238095238096,structurally_distant_under_this_fingerprint
CID100057166,Photofrin,57166,UZFPOOOQHWICKY-UHFFFAOYSA-N,,142,CHEMBL1802815,CHEMBL1802815,network_candidate,0.1308411214953271,structurally_distant_under_this_fingerprint
CID100002405,bisoprolol,2405,VHYCDWMUTMEGQY-UHFFFAOYSA-N,C07AB07,194,CHEMBL1802814,CHEMBL1802814,network_candidate,0.1308411214953271,structurally_distant_under_this_fingerprint
CID100003948,lomefloxacin,3948,ZEKZLJVOYLTDKK-UHFFFAOYSA-N,J01MA07; S01AX17,186,REF_TERNATIN_4,Ternatin-4,reference_ligand,0.1308411214953271,structurally_distant_under_this_fingerprint
CID100060864,olopatadine,60864,HVRLZEKDTUEKQH-UHFFFAOYSA-N,R01AC08; S01GX09,97,CHEMBL1802815,CHEMBL1802815,network_candidate,0.1308411214953271,structurally_distant_under_this_fingerprint
CID100062959,trovafloxacin,62959,WVPSKSLAZQPAKQ-SOSAQKQKSA-N,J01MA13,196,CHEMBL3752910,CHEMBL3752910,network_candidate,0.1308411214953271,structurally_distant_under_this_fingerprint
CID100110634,vardenafil,110634,SECKRCOLJRRGGV-UHFFFAOYSA-N,G04BE09,146,CHEMBL1232461,MOLIBRESIB,network_candidate,0.1308411214953271,structurally_distant_under_this_fingerprint
CID100001972,amphotericin,1972,APKFDSVGJQXUKY-UHFFFAOYSA-N,A01AB04; A07AA07; G01AA03; J02AA01,308,REF_NANNOCYSTIN_A,Nannocystin A,reference_ligand,0.13071895424836602,structurally_distant_under_this_fingerprint
CID100002442,bromhexine,2442,OJGDCBLYJGHCIH-UHFFFAOYSA-N,R05CB02,15,CHEMBL1802973,CHEMBL1802973,network_candidate,0.13043478260869565,structurally_distant_under_this_fingerprint
CID100003063,dihydrocodeine,3063,RBOXVHNMENFORY-UHFFFAOYSA-N,N02AA08,44,CHEMBL1802814,CHEMBL1802814,network_candidate,0.13043478260869565,structurally_distant_under_this_fingerprint
CID100005672,vinorelbine,5672,GBABOYUKABKIAF-UHFFFAOYSA-N,L01CA04,140,CHEMBL1232461,MOLIBRESIB,network_candidate,0.13043478260869565,structurally_distant_under_this_fingerprint
CID100012453,zuclopenthixol,12453,LPWNZMIBFHMYMX-UHFFFAOYSA-N,N05AF02; N05AF05,174,CHEMBL1232461,MOLIBRESIB,network_candidate,0.13043478260869565,structurally_distant_under_this_fingerprint
CID100024706,Triphasil,24706,ORKBYCQJWQBPFG-WOMZHKBXSA-N,,38,REF_NANNOCYSTIN_A,Nannocystin A,reference_ligand,0.13013698630136986,structurally_distant_under_this_fingerprint
CID100132999,ivabradine,132999,ACRHBAYQBXXRTO-OAQYLSRUSA-N,C01EB17,47,REF_DIDEMNIN_B,Didemnin B,reference_ligand,0.13013698630136986,structurally_distant_under_this_fingerprint
CID100002232,argatroban,2232,KXNPVXPOPUZYGB-UHFFFAOYSA-N,B01AE03,68,CHEMBL1802973,CHEMBL1802973,network_candidate,0.13008130081300814,structurally_distant_under_this_fingerprint
CID100003512,griseofulvin,3512,DDUHZTYCFQRHIY-UHFFFAOYSA-N,D01AA08; D01BA01,33,REF_NANNOCYSTIN_A,Nannocystin A,reference_ligand,0.13008130081300814,structurally_distant_under_this_fingerprint
CID100002802,clonazepam,2802,DGBIGWXXNGSACT-UHFFFAOYSA-N,N03AE01,247,CHEMBL1802973,CHEMBL1802973,network_candidate,0.13,structurally_distant_under_this_fingerprint
CID100004891,praziquantel,4891,FSVJFNAIGNNGKK-UHFFFAOYSA-N,P02BA01,39,CHEMBL1802973,CHEMBL1802973,network_candidate,0.13,structurally_distant_under_this_fingerprint
CID100005253,sotalol,5253,ZBMZVLHSJCTVON-UHFFFAOYSA-N,C07AA07,113,CHEMBL1802814,CHEMBL1802814,network_candidate,0.13,structurally_distant_under_this_fingerprint
CID103081276,fluticasone/salmeterol,3081276,YYAZJTUGSQOFHG-ZWWNAQMBSA-N,,49,REF_NANNOCYSTIN_A,Nannocystin A,reference_ligand,0.12994350282485875,structurally_distant_under_this_fingerprint
CID100001983,acetaminophen,1983,RZVAJINKPMORJF-UHFFFAOYSA-N,N02BE01,164,CHEMBL3752910,CHEMBL3752910,network_candidate,0.12987012987012986,structurally_distant_under_this_fingerprint
CID100077993,eletriptan,77993,PWVXXGRKLHYWKM-LJQANCHMSA-N,N02CC06,232,REF_NANNOCYSTIN_A,Nannocystin A,reference_ligand,0.1297709923664122,structurally_distant_under_this_fingerprint
CID100003060,epitopic,3060,WYQPLTPSGFELIB-UHFFFAOYSA-N,D07AC19,41,CHEMBL1802814,CHEMBL1802814,network_candidate,0.1297709923664122,structurally_distant_under_this_fingerprint
CID100003151,domperidone,3151,FGXWKSZFVQUSTL-UHFFFAOYSA-N,A03FA03,45,CHEMBL1802815,CHEMBL1802815,network_candidate,0.12962962962962962,structurally_distant_under_this_fingerprint
CID100004909,primidone,4909,DQMZLTXERSFNPB-UHFFFAOYSA-N,N03AA03,39,REF_NANNOCYSTIN_A,Nannocystin A,reference_ligand,0.12962962962962962,structurally_distant_under_this_fingerprint
CID100002791,clobetasol,2791,CBGUOGMQLZIXBE-UHFFFAOYSA-N,,55,REF_NANNOCYSTIN_A,Nannocystin A,reference_ligand,0.12949640287769784,structurally_distant_under_this_fingerprint
CID116129701,T-A2-3,16129701,BJNLLBUOHPVGFT-VPMXZCLFSA-N,,38,REF_PLITIDEPSIN,Plitidepsin,reference_ligand,0.12946428571428573,structurally_distant_under_this_fingerprint
CID100156326,asenapine,156326,VSWBSWWIRNCQIJ-LOACHALJSA-N,N05AH05,117,CHEMBL1232461,MOLIBRESIB,network_candidate,0.12941176470588237,structurally_distant_under_this_fingerprint
CID100060714,gadoteridol,60714,DPNNNPAKRZOSMO-UHFFFAOYSA-K,V08CA04,70,REF_TERNATIN_4,Ternatin-4,reference_ligand,0.12941176470588237,structurally_distant_under_this_fingerprint
CID100003443,fusidic,3443,IECPWNUMDGFDKC-UHFFFAOYSA-N,D06AX01; D09AA02; J01XC01; S01AA13,56,REF_TERNATIN_4,Ternatin-4,reference_ligand,0.12931034482758622,structurally_distant_under_this_fingerprint
CID100055480,milnacipran,55480,XNCDYJFPRPDERF-PBCQUBLHSA-N,N06AX17,135,REF_NANNOCYSTIN_A,Nannocystin A,reference_ligand,0.12931034482758622,structurally_distant_under_this_fingerprint
CID100005746,mitomycin,5746,NWIBSHFKIJFRCO-WUDYKRTCSA-N,L01DC03,58,CHEMBL1802814,CHEMBL1802814,network_candidate,0.12931034482758622,structurally_distant_under_this_fingerprint
CID100004819,pilocarpine,4819,QCHFTSOMWOSFHM-UHFFFAOYSA-N,N07AX01; S01EB01,193,REF_NANNOCYSTIN_A,Nannocystin A,reference_ligand,0.12931034482758622,structurally_distant_under_this_fingerprint
CID100002583,carteolol,2583,LWAFSWPYPHEXKX-UHFFFAOYSA-N,C07AA15; S01ED05,39,REF_NANNOCYSTIN_A,Nannocystin A,reference_ligand,0.12903225806451613,structurally_distant_under_this_fingerprint
CID100147740,drospirenone,147740,JLQFVGYYVXALAG-CFEVTAHFSA-N,,27,REF_NANNOCYSTIN_A,Nannocystin A,reference_ligand,0.12903225806451613,structurally_distant_under_this_fingerprint
CID100003308,etodolac,3308,NNYBQONXHNTVIJ-UHFFFAOYSA-N,M01AB08,166,REF_NANNOCYSTIN_A,Nannocystin A,reference_ligand,0.12903225806451613,structurally_distant_under_this_fingerprint
CID100004735,pentamidine,4735,XDRYMKDFEDOLFX-UHFFFAOYSA-N,,181,CHEMBL1802814,CHEMBL1802814,network_candidate,0.12903225806451613,structurally_distant_under_this_fingerprint
CID100358641,trimethoprim-sulfamethoxazole,358641,WZRJTRPJURQBRM-UHFFFAOYSA-N,J01EE01,80,CHEMBL1802814,CHEMBL1802814,network_candidate,0.12903225806451613,structurally_distant_under_this_fingerprint
CID100041744,valrubicin,41744,ZOCKGBMQLCSHFP-ZQUOIQDWSA-N,L01DB09,50,REF_NANNOCYSTIN_A,Nannocystin A,reference_ligand,0.12883435582822086,structurally_distant_under_this_fingerprint
CID100002656,ceftriaxone,2656,VAAUVRVFOQPIGI-UHFFFAOYSA-L,J01DD04,105,CHEMBL1802814,CHEMBL1802814,network_candidate,0.12857142857142856,structurally_distant_under_this_fingerprint
CID103086257,Photofrin,3086257,GPVSXPYOJDJYKH-UHFFFAOYSA-N,L01XD01,182,CHEMBL1802815,CHEMBL1802815,network_candidate,0.12844036697247707,structurally_distant_under_this_fingerprint
CID110465263,lorcaserin,10465263,XTTZERNUQAFMOF-UHFFFAOYSA-N,,67,CHEMBL1232461,MOLIBRESIB,network_candidate,0.1282051282051282,structurally_distant_under_this_fingerprint
CID100023703,ogen,23703,HZEQBCVBILBTEP-GWKMLMIWSA-N,,104,CHEMBL1802814,CHEMBL1802814,network_candidate,0.1282051282051282,structurally_distant_under_this_fingerprint
CID100107694,Diane-35,107694,RWYFURDDADFSHT-RBBHPAOJSA-N,,36,CHEMBL1232461,MOLIBRESIB,network_candidate,0.128,structurally_distant_under_this_fingerprint
CID111597571,crizotinib,11597571,KTEIFNKAUNYNJU-UHFFFAOYSA-N,,92,CHEMBL1802814,CHEMBL1802814,network_candidate,0.128,structurally_distant_under_this_fingerprint
CID100060612,dexmedetomidine,60612,CUHVIMMYOGQXCV-LLVKDONJSA-N,N05CM18,131,CHEMBL3752910,CHEMBL3752910,network_candidate,0.12790697674418605,structurally_distant_under_this_fingerprint
CID100179344,eslicarbazepine,179344,QIALRBLEEWJACW-INIZCTEOSA-N,,182,CHEMBL1232461,MOLIBRESIB,network_candidate,0.12790697674418605,structurally_distant_under_this_fingerprint
CID100004456,neostigmine,4456,ALWKGYPQUAPLQC-UHFFFAOYSA-N,N07AA01; S01EB06,69,CHEMBL3752910,CHEMBL3752910,network_candidate,0.12790697674418605,structurally_distant_under_this_fingerprint
CID100005516,toremifene,5516,XFCLJVABOIYOMF-UHFFFAOYSA-N,L02BA02,83,CHEMBL1232461,MOLIBRESIB,network_candidate,0.12790697674418605,structurally_distant_under_this_fingerprint
CID105273759,abacavir-lamivudine,5273759,UGWQMIXVUBLMAH-IVVFTGHFSA-N,,68,CHEMBL1802814,CHEMBL1802814,network_candidate,0.12781954887218044,structurally_distant_under_this_fingerprint
CID111949646,empagliflozin,11949646,OBWASQILIWPZMG-QZMOQZSNSA-N,,50,REF_NANNOCYSTIN_A,Nannocystin A,reference_ligand,0.12781954887218044,structurally_distant_under_this_fingerprint
CID106331630,eribulin,6331630,UFNVPOGXISZXJD-UHFFFAOYSA-N,,129,REF_TERNATIN_4,Ternatin-4,reference_ligand,0.12781954887218044,structurally_distant_under_this_fingerprint
CID100003263,estradiol,3263,UOACKFBJUYNSLK-UHFFFAOYSA-N,,65,REF_NANNOCYSTIN_A,Nannocystin A,reference_ligand,0.12781954887218044,structurally_distant_under_this_fingerprint
CID110107393,18F-flutemetamol,10107393,VVECGOCJFKTUAX-UHFFFAOYSA-N,,8,CHEMBL3752910,CHEMBL3752910,network_candidate,0.1276595744680851,structurally_distant_under_this_fingerprint
CID100104741,ICI,104741,VWUXBMIQPBEWFH-WCCTWKNTSA-N,L02BA03,78,REF_NANNOCYSTIN_A,Nannocystin A,reference_ligand,0.1276595744680851,structurally_distant_under_this_fingerprint
CID100002484,butenafine,2484,ABJKWBDEJIDSJZ-UHFFFAOYSA-N,D01AE23,5,CHEMBL1802815,CHEMBL1802815,network_candidate,0.1276595744680851,structurally_distant_under_this_fingerprint
CID100148127,ospemifene,148127,LUMKNAVTFCDUIE-UHFFFAOYSA-N,,16,CHEMBL1802815,CHEMBL1802815,network_candidate,0.1276595744680851,structurally_distant_under_this_fingerprint
CID100004631,oxprenolol,4631,CEMAWMOMDPGJMB-UHFFFAOYSA-N,C07AA02,29,REF_TERNATIN_4,Ternatin-4,reference_ligand,0.1276595744680851,structurally_distant_under_this_fingerprint
CID100005533,trazodone,5533,PHLBKPHSAVXXEF-UHFFFAOYSA-N,A06AC07; N06AX05,176,CHEMBL1232461,MOLIBRESIB,network_candidate,0.1276595744680851,structurally_distant_under_this_fingerprint
CID100123606,almotriptan,123606,WKEMJKQOLOHJLZ-UHFFFAOYSA-N,N02CC05,129,REF_TERNATIN_4,Ternatin-4,reference_ligand,0.12745098039215685,structurally_distant_under_this_fingerprint
CID100003462,gemeprost,3462,KYBOHGVERHWSSV-UHFFFAOYSA-N,G02AD03,24,CHEMBL1232461,MOLIBRESIB,network_candidate,0.12745098039215685,structurally_distant_under_this_fingerprint
CID100071316,mivacurium,71316,ILVYCEVXHALBSC-XBCOOEMPSA-N,M03AC10,24,CHEMBL1232461,MOLIBRESIB,network_candidate,0.12745098039215685,structurally_distant_under_this_fingerprint
CID100004680,papaverine,4680,XQYZDYMELSJDRZ-UHFFFAOYSA-N,A03AD01; G04BE02,17,CHEMBL1802814,CHEMBL1802814,network_candidate,0.12745098039215685,structurally_distant_under_this_fingerprint
CID100002344,benztropine,2344,GIJXKZJWITVLHI-UHFFFAOYSA-N,N04AC01,30,REF_NANNOCYSTIN_A,Nannocystin A,reference_ligand,0.12727272727272726,structurally_distant_under_this_fingerprint
CID100002646,cefprozil,2646,WDLWHQDACQUCJR-UHFFFAOYSA-N,J01DC10,59,CHEMBL1802973,CHEMBL1802973,network_candidate,0.12727272727272726,structurally_distant_under_this_fingerprint
CID104479094,doxercalciferol,4479094,HKXBNHCUPKIYDM-UHFFFAOYSA-N,H05BX03,62,REF_TERNATIN_4,Ternatin-4,reference_ligand,0.12727272727272726,structurally_distant_under_this_fingerprint
CID100002315,bendrofluazide,2315,HDWIHXWEUNVBIY-UHFFFAOYSA-N,C03AA01,29,REF_NANNOCYSTIN_A,Nannocystin A,reference_ligand,0.12698412698412698,structurally_distant_under_this_fingerprint
CID100050614,cefotetan,50614,SRZNHPXWXCNNDU-PGEKIEPBSA-N,J01DC05,41,CHEMBL1802814,CHEMBL1802814,network_candidate,0.12686567164179105,structurally_distant_under_this_fingerprint
CID109810131,ceftaroline,9810131,ZCCUWMICIWSJIX-ZMFRSBBQSA-N,,44,CHEMBL1802814,CHEMBL1802814,network_candidate,0.12666666666666668,structurally_distant_under_this_fingerprint
CID100004173,metronidazole,4173,VAOCPAMSLUNLGC-UHFFFAOYSA-N,A01AB17; D06BX01; G01AF01; J01XD01; P01AB01,205,CHEMBL1232461,MOLIBRESIB,network_candidate,0.12658227848101267,structurally_distant_under_this_fingerprint
CID100003125,alpha-methyl-p-tyrosine,3125,NHTGHBARYWONDQ-UHFFFAOYSA-N,C02KB01,40,CHEMBL1802815,CHEMBL1802815,network_candidate,0.12643678160919541,structurally_distant_under_this_fingerprint
CID100003779,isoproterenol,3779,JWZZKOKVBUJMES-UHFFFAOYSA-N,C01CA02; R03AB02; R03CB01,28,CHEMBL1802973,CHEMBL1802973,network_candidate,0.12643678160919541,structurally_distant_under_this_fingerprint
CID100060860,metaiodobenzylguanidine,60860,PDWUPXJEEYOOTR-UHFFFAOYSA-N,,10,CHEMBL1802815,CHEMBL1802815,network_candidate,0.12643678160919541,structurally_distant_under_this_fingerprint
CID100004057,Cantril,4057,GKNPSSNBBWDAGH-UHFFFAOYSA-N,A03AB12,28,CHEMBL1802973,CHEMBL1802973,network_candidate,0.12631578947368421,structurally_distant_under_this_fingerprint
CID100056338,fosphenytoin,56338,GQPXYJNXTAFDLT-UHFFFAOYSA-L,N03AB05,201,CHEMBL1802815,CHEMBL1802815,network_candidate,0.12631578947368421,structurally_distant_under_this_fingerprint
CID100104799,fotemustine,104799,YAKWPXVTIGTRJH-UHFFFAOYSA-N,L01AD05,32,CHEMBL1802973,CHEMBL1802973,network_candidate,0.12631578947368421,structurally_distant_under_this_fingerprint
CID100047640,naftifine,47640,OLUNPKFOFGZHRT-UHFFFAOYSA-N,D01AE22,16,CHEMBL1802815,CHEMBL1802815,network_candidate,0.12631578947368421,structurally_distant_under_this_fingerprint
CID100071301,nebivolol,71301,KOHIRBRYDXPAMZ-UHFFFAOYSA-N,C07AB12,47,CHEMBL1802973,CHEMBL1802973,network_candidate,0.12631578947368421,structurally_distant_under_this_fingerprint
CID100004463,nevirapine,4463,NQDJXKOVJZTUJA-UHFFFAOYSA-N,J05AG01,108,CHEMBL3752910,CHEMBL3752910,network_candidate,0.12631578947368421,structurally_distant_under_this_fingerprint
CID100005775,phentolamine,5775,MRBDMNSDAVCSSF-UHFFFAOYSA-N,C04AB01; G04BE05,38,CHEMBL3752910,CHEMBL3752910,network_candidate,0.12631578947368421,structurally_distant_under_this_fingerprint
CID100000214,PGE1,214,GMVPRGQOIOIIMI-UHFFFAOYSA-N,C01EA01; G04BE01,165,REF_TERNATIN_4,Ternatin-4,reference_ligand,0.1262135922330097,structurally_distant_under_this_fingerprint
CID100006451,bromcresol,6451,FRPHFZCDPYBUAU-UHFFFAOYSA-N,,63,REF_NANNOCYSTIN_A,Nannocystin A,reference_ligand,0.12605042016806722,structurally_distant_under_this_fingerprint
CID100002675,cefixime,2675,OKBVVJOGVLARMR-UHFFFAOYSA-N,J01DD08,60,REF_TERNATIN_4,Ternatin-4,reference_ligand,0.12605042016806722,structurally_distant_under_this_fingerprint
CID100001134,thymidine,1134,IQFYYKKMVGJFEH-UHFFFAOYSA-N,J05AF11,91,REF_NANNOCYSTIN_A,Nannocystin A,reference_ligand,0.12605042016806722,structurally_distant_under_this_fingerprint
CID111519069,umeclidinium,11519069,PEJHHXHHNGORMP-UHFFFAOYSA-M,,46,REF_NANNOCYSTIN_A,Nannocystin A,reference_ligand,0.12605042016806722,structurally_distant_under_this_fingerprint
CID100004639,oxymorphone,4639,UQCNKQCJZOAFTQ-UHFFFAOYSA-N,,109,REF_NANNOCYSTIN_A,Nannocystin A,reference_ligand,0.12598425196850394,structurally_distant_under_this_fingerprint
CID100060853,ziprasidone,60853,ZCBZSCBNOOIHFP-UHFFFAOYSA-N,N05AE04,340,REF_NANNOCYSTIN_A,Nannocystin A,reference_ligand,0.1259259259259259,structurally_distant_under_this_fingerprint
CID100003310,etoposide,3310,VJJPUSNTGOMMGY-UHFFFAOYSA-N,L01CB01,132,REF_NANNOCYSTIN_A,Nannocystin A,reference_ligand,0.1258741258741259,structurally_distant_under_this_fingerprint
CID106445540,ixabepilone,6445540,FABUFPQFXZVHFB-PVYNADRNSA-N,L01DC04,140,REF_NANNOCYSTIN_A,Nannocystin A,reference_ligand,0.1258741258741259,structurally_distant_under_this_fingerprint
CID100123634,Trisequens,123634,MPSOHXLZDRQABN-KOAPPJMKSA-N,,90,REF_NANNOCYSTIN_A,Nannocystin A,reference_ligand,0.12578616352201258,structurally_distant_under_this_fingerprint
CID100003171,L-threo-DOPS,3171,QXWYKJLNLSIPIN-UHFFFAOYSA-N,,15,CHEMBL1802815,CHEMBL1802815,network_candidate,0.125,structurally_distant_under_this_fingerprint
CID100002170,amoxapine,2170,QWGDMFLQWFTERH-UHFFFAOYSA-N,N06AA17,95,CHEMBL1232461,MOLIBRESIB,network_candidate,0.125,structurally_distant_under_this_fingerprint
CID100002522,calcipotriol,2522,LWQQLNNNIPYSNX-UHFFFAOYSA-N,D05AX02,18,REF_TERNATIN_4,Ternatin-4,reference_ligand,0.125,structurally_distant_under_this_fingerprint
CID100002812,clotrimazole,2812,VNFPBHJOKIVQEB-UHFFFAOYSA-N,A01AB18; D01AC01; G01AF02,26,CHEMBL3752910,CHEMBL3752910,network_candidate,0.125,structurally_distant_under_this_fingerprint
CID100002883,crotamiton,2883,DNTGGZPQPQTDQF-UHFFFAOYSA-N,,3,CHEMBL1232461,MOLIBRESIB,network_candidate,0.125,structurally_distant_under_this_fingerprint
CID100002972,deferiprone,2972,TZXKOCQBRNJULO-UHFFFAOYSA-N,V03AC02,115,REF_NANNOCYSTIN_A,Nannocystin A,reference_ligand,0.125,structurally_distant_under_this_fingerprint
CID100003059,diflunisal,3059,HUPFGZXOMWLGNK-UHFFFAOYSA-N,N02BA11,75,CHEMBL1232461,MOLIBRESIB,network_candidate,0.125,structurally_distant_under_this_fingerprint
CID100071329,dofetilide,71329,IXTMWRCNAAVVAI-UHFFFAOYSA-N,C01BD04,56,REF_DIDEMNIN_B,Didemnin B,reference_ligand,0.125,structurally_distant_under_this_fingerprint
CID100003154,dorzolamide,3154,IAVUPMFITXYVAF-UHFFFAOYSA-N,S01EC03,161,CHEMBL1232461,MOLIBRESIB,network_candidate,0.125,structurally_distant_under_this_fingerprint
CID100003519,guanfacine,3519,INJOMKTZOLKMBF-UHFFFAOYSA-N,C02AC02,99,CHEMBL1802815,CHEMBL1802815,network_candidate,0.125,structurally_distant_under_this_fingerprint
CID100003783,isoxsuprine,3783,BMUKKTUHUDJSNZ-UHFFFAOYSA-N,C04AA01,14,CHEMBL1802815,CHEMBL1802815,network_candidate,0.125,structurally_distant_under_this_fingerprint
CID100213046,lurasidone,213046,PQXKDMSYBGKCJA-CVTJIBDQSA-N,,142,CHEMBL1802814,CHEMBL1802814,network_candidate,0.125,structurally_distant_under_this_fingerprint
CID100031477,metipranolol,31477,BQIPXWYNLPYNHW-UHFFFAOYSA-N,S01ED04,35,CHEMBL1232461,MOLIBRESIB,network_candidate,0.125,structurally_distant_under_this_fingerprint
CID100004440,naratriptan,4440,AMKVXSZCKVJAGH-UHFFFAOYSA-N,N02CC02,185,REF_TERNATIN_4,Ternatin-4,reference_ligand,0.125,structurally_distant_under_this_fingerprint
CID100096312,nelarabine,96312,IXOXBSCIXZEQEQ-KQYNXXCUSA-N,L01BB07,145,CHEMBL1802814,CHEMBL1802814,network_candidate,0.125,structurally_distant_under_this_fingerprint
CID100004782,phenylephrine,4782,SONNWYBIRXJNDC-UHFFFAOYSA-N,C01CA06; R01AA04; R01AB01; R01BA03; S01FB01; S01GA05,64,CHEMBL1802815,CHEMBL1802815,network_candidate,0.125,structurally_distant_under_this_fingerprint
CID100004895,prednisolone,4895,LRJOMUJRLNCICJ-UHFFFAOYSA-N,,115,CHEMBL1802973,CHEMBL1802973,network_candidate,0.125,structurally_distant_under_this_fingerprint
CID100005394,temozolomide,5394,BPEGJWRSRHCHSN-UHFFFAOYSA-N,L01AX03,219,CHEMBL3752910,CHEMBL3752910,network_candidate,0.125,structurally_distant_under_this_fingerprint
CID100005396,teniposide,5396,NRUKOCRGYNPUPR-UHFFFAOYSA-N,L01CB02,60,REF_NANNOCYSTIN_A,Nannocystin A,reference_ligand,0.125,structurally_distant_under_this_fingerprint
CID100005452,thioridazine,5452,KLBQZWRITKRQQV-UHFFFAOYSA-N,N05AC02,82,REF_TERNATIN_4,Ternatin-4,reference_ligand,0.125,structurally_distant_under_this_fingerprint
CID100005512,tolterodine,5512,OOGJQPCLVADCPB-UHFFFAOYSA-N,G04BD07,49,CHEMBL1802815,CHEMBL1802815,network_candidate,0.125,structurally_distant_under_this_fingerprint
CID100002520,verapamil,2520,SGTNSNPWRIOYBX-UHFFFAOYSA-N,C08DA01,119,REF_DIDEMNIN_B,Didemnin B,reference_ligand,0.12413793103448276,structurally_distant_under_this_fingerprint
CID100005731,zolmitriptan,5731,ULSDMUVEXKOYBU-UHFFFAOYSA-N,N02CC03,236,REF_DIDEMNIN_B,Didemnin B,reference_ligand,0.12413793103448276,structurally_distant_under_this_fingerprint
CID100002650,ceftazidime,2650,ORFOPKXBNMVMKC-UHFFFAOYSA-N,J01DD02,83,CHEMBL1802815,CHEMBL1802815,network_candidate,0.12403100775193798,structurally_distant_under_this_fingerprint
CID100003350,finasteride,3350,DBEPLOCGEIEOCV-UHFFFAOYSA-N,D11AX10; G04CB01,47,REF_NANNOCYSTIN_A,Nannocystin A,reference_ligand,0.12403100775193798,structurally_distant_under_this_fingerprint
CID100004870,polythiazide,4870,CYLWJCABXYDINA-UHFFFAOYSA-N,C03AA05,36,REF_NANNOCYSTIN_A,Nannocystin A,reference_ligand,0.12403100775193798,structurally_distant_under_this_fingerprint
CID100002732,chlorthalidone,2732,JIVPVXMEBJLZRO-UHFFFAOYSA-N,C03BA04,54,REF_NANNOCYSTIN_A,Nannocystin A,reference_ligand,0.12396694214876033,structurally_distant_under_this_fingerprint
CID100004121,methyclothiazide,4121,CESYKOGBSMNBPD-UHFFFAOYSA-N,C03AA08,48,REF_NANNOCYSTIN_A,Nannocystin A,reference_ligand,0.12396694214876033,structurally_distant_under_this_fingerprint
CID100006256,trifluorothymidine,6256,VSQQQLOSPVPRAZ-RRKCRQDMSA-N,S01AD02,11,REF_NANNOCYSTIN_A,Nannocystin A,reference_ligand,0.12396694214876033,structurally_distant_under_this_fingerprint
CID100002274,aztreonam,2274,WZPBZJONDBGPKJ-UHFFFAOYSA-N,J01DF01,86,CHEMBL1802815,CHEMBL1802815,network_candidate,0.12389380530973451,structurally_distant_under_this_fingerprint
CID100150310,eplerenone,150310,JUKPWJGBANNWMW-MKKQDWMASA-N,C03DA04,122,CHEMBL1802973,CHEMBL1802973,network_candidate,0.12389380530973451,structurally_distant_under_this_fingerprint
CID113559279,ulipristal,13559279,HKDLNTKNLJPAIY-UHFFFAOYSA-N,,11,CHEMBL1802973,CHEMBL1802973,network_candidate,0.12389380530973451,structurally_distant_under_this_fingerprint
CID100003648,hydromorphone,3648,WVLOADHCBXTIJK-UHFFFAOYSA-N,N02AA03,269,CHEMBL1802973,CHEMBL1802973,network_candidate,0.12380952380952381,structurally_distant_under_this_fingerprint
CID100004539,norfloxacin,4539,OGJPXUAPXNRGGI-UHFFFAOYSA-N,J01MA06; S01AX12,149,CHEMBL1802815,CHEMBL1802815,network_candidate,0.12380952380952381,structurally_distant_under_this_fingerprint
CID100005064,ribavirin,5064,IWUCXVSUMQZMFG-UHFFFAOYSA-N,J05AB04,405,CHEMBL1802814,CHEMBL1802814,network_candidate,0.12380952380952381,structurally_distant_under_this_fingerprint
CID100001805,5-azacytidine,1805,NMUSYJAQQFHJEW-UHFFFAOYSA-N,L01BC07,210,CHEMBL1802815,CHEMBL1802815,network_candidate,0.12371134020618557,structurally_distant_under_this_fingerprint
CID100003687,IdUrd,3687,XQFRJNBWHJMXHO-UHFFFAOYSA-N,D06BB01; J05AB02; S01AD01,5,CHEMBL1802973,CHEMBL1802973,network_candidate,0.12371134020618557,structurally_distant_under_this_fingerprint
CID100000698,estrone,698,DNXHEGUUPJUMQT-UHFFFAOYSA-N,G03CA07; G03CC04,65,CHEMBL1802973,CHEMBL1802973,network_candidate,0.12371134020618557,structurally_distant_under_this_fingerprint
CID100044563,lodoxamide,44563,KUGJPYZIWCRREB-UHFFFAOYSA-N,,35,CHEMBL1802815,CHEMBL1802815,network_candidate,0.12371134020618557,structurally_distant_under_this_fingerprint
CID100041317,acitretin,41317,IHUNBGSDBOWDMA-UHFFFAOYSA-N,D05BB02,249,CHEMBL1232461,MOLIBRESIB,network_candidate,0.12359550561797752,structurally_distant_under_this_fingerprint
CID100060834,duloxetine,60834,BFFSMCNJSOPUAY-LMOVPXPDSA-N,N06AX21,307,CHEMBL1232461,MOLIBRESIB,network_candidate,0.12359550561797752,structurally_distant_under_this_fingerprint
CID100134019,pixantrone,134019,PEZPMAYDXJQYRV-UHFFFAOYSA-N,,138,CHEMBL3752910,CHEMBL3752910,network_candidate,0.12359550561797752,structurally_distant_under_this_fingerprint
CID100444013,gadoversetamide,444013,HBEAOBRDTOXWRZ-UHFFFAOYSA-K,V08CA06,190,CHEMBL1232461,MOLIBRESIB,network_candidate,0.12345679012345678,structurally_distant_under_this_fingerprint
CID100040632,pirfenidone,40632,ISWRGOKTTBVCFA-UHFFFAOYSA-N,,58,CHEMBL5653589,CHEMBL5653589,network_candidate,0.12345679012345678,structurally_distant_under_this_fingerprint
CID100054786,treprostinil,54786,PAJMKGZZBBTTOY-YRIDSSQKSA-N,B01AC21,96,REF_DIDEMNIN_B,Didemnin B,reference_ligand,0.12337662337662338,structurally_distant_under_this_fingerprint
CID100003392,flurandrenolone,3392,POPFMWWJOGLOIF-UHFFFAOYSA-N,D07AC07,13,REF_NANNOCYSTIN_A,Nannocystin A,reference_ligand,0.12318840579710146,structurally_distant_under_this_fingerprint
CID100077996,paricalcitol,77996,BPKAHTKRCLCHEA-FOPGHSPUSA-N,H05BX02,181,REF_NANNOCYSTIN_A,Nannocystin A,reference_ligand,0.12307692307692308,structurally_distant_under_this_fingerprint
CID105362420,verteporfin,5362420,YTZALCGQUPRCGW-ZSFNYQMMSA-N,S01LA01,104,CHEMBL1232461,MOLIBRESIB,network_candidate,0.12295081967213115,structurally_distant_under_this_fingerprint
CID106398970,cefdinir,6398970,RTXOFQZKPXMALH-PRHODGIISA-N,J01DD15,100,REF_TERNATIN_4,Ternatin-4,reference_ligand,0.12280701754385964,structurally_distant_under_this_fingerprint
CID100012536,desonide,12536,WBGKWQHBNHJJPZ-YWZQBGSISA-N,D07AB08; S01BA11,44,CHEMBL1802973,CHEMBL1802973,network_candidate,0.12280701754385964,structurally_distant_under_this_fingerprint
CID100004896,prednisolone,4896,JDOZJEUDSLGTLU-UHFFFAOYSA-N,,133,CHEMBL1802973,CHEMBL1802973,network_candidate,0.12280701754385964,structurally_distant_under_this_fingerprint
CID100000158,PGE2,158,XEYBRNLFEZDVAW-UHFFFAOYSA-N,G02AD02,84,REF_TERNATIN_4,Ternatin-4,reference_ligand,0.12264150943396226,structurally_distant_under_this_fingerprint
CID100060871,adefovir,60871,WOZSCQDILHKSGG-UHFFFAOYSA-N,J05AF08,59,CHEMBL3752910,CHEMBL3752910,network_candidate,0.12264150943396226,structurally_distant_under_this_fingerprint
CID100005877,demethyl,5877,PLBHSZGDDKCEHR-LFYFAGGJSA-N,,159,REF_PLITIDEPSIN,Plitidepsin,reference_ligand,0.12258064516129032,structurally_distant_under_this_fingerprint
CID100004042,medroxyprogesterone,4042,PSGAAPLEWMOORI-UHFFFAOYSA-N,,362,REF_PLITIDEPSIN,Plitidepsin,reference_ligand,0.12244897959183673,structurally_distant_under_this_fingerprint
CID100042955,misoprostol,42955,OJLOPKGSLYJEMD-LNQMSSPSSA-N,A02BB01; G02AD06,106,CHEMBL1232461,MOLIBRESIB,network_candidate,0.12244897959183673,structurally_distant_under_this_fingerprint
CID109924495,perampanel,9924495,PRMWGUBFXWROHD-UHFFFAOYSA-N,,58,CHEMBL5653589,CHEMBL5653589,network_candidate,0.12244897959183673,structurally_distant_under_this_fingerprint
CID100003637,hydralazine,3637,RPTUSVTUFVMDQK-UHFFFAOYSA-N,C02DB02,83,CHEMBL3752910,CHEMBL3752910,network_candidate,0.12195121951219512,structurally_distant_under_this_fingerprint
CID100002585,carvedilol,2585,OGHNVEJMJSYVRP-UHFFFAOYSA-N,C07AG02,217,CHEMBL1802815,CHEMBL1802815,network_candidate,0.12149532710280374,structurally_distant_under_this_fingerprint
CID100004763,phenobarbital,4763,DDBREPKUVSBGFI-UHFFFAOYSA-N,N03AA02,79,REF_NANNOCYSTIN_A,Nannocystin A,reference_ligand,0.12149532710280374,structurally_distant_under_this_fingerprint
CID100005212,sildenafil,5212,BNRNXUUZRGQAQC-UHFFFAOYSA-N,G04BE03,309,CHEMBL1232461,MOLIBRESIB,network_candidate,0.12149532710280374,structurally_distant_under_this_fingerprint
CID105487301,tegaserod,5487301,URPUECXJHQGUDU-JLHYYAGUSA-N,A03AE02,118,CHEMBL1802815,CHEMBL1802815,network_candidate,0.12149532710280374,structurally_distant_under_this_fingerprint
CID100002133,amcinonide,2133,ILKJAFIWWBXGDU-UHFFFAOYSA-N,D07AC11,20,CHEMBL1802814,CHEMBL1802814,network_candidate,0.12121212121212122,structurally_distant_under_this_fingerprint
CID100002914,cyproterone,2914,UWFYSQMTEOIJJG-UHFFFAOYSA-N,,163,CHEMBL1232461,MOLIBRESIB,network_candidate,0.12121212121212122,structurally_distant_under_this_fingerprint
CID100004201,minoxidil,4201,ZIMGGGWCDYVHOY-UHFFFAOYSA-N,C02DC01; D11AX01,36,CHEMBL1802814,CHEMBL1802814,network_candidate,0.12121212121212122,structurally_distant_under_this_fingerprint
CID100004828,pindolol,4828,JZQKKSLKJUAGIC-UHFFFAOYSA-N,C07AA03,82,CHEMBL1802815,CHEMBL1802815,network_candidate,0.12121212121212122,structurally_distant_under_this_fingerprint
CID100004568,nystatin,4568,VQOXZBDYSJBXMA-UHFFFAOYSA-N,A07AA02; D01AA01; G01AA01,25,REF_NANNOCYSTIN_A,Nannocystin A,reference_ligand,0.12101910828025478,structurally_distant_under_this_fingerprint
CID100003148,dolasetron,3148,UKTAZPQNNNJVKR-UHFFFAOYSA-N,A04AA04,132,REF_NANNOCYSTIN_A,Nannocystin A,reference_ligand,0.12096774193548387,structurally_distant_under_this_fingerprint
CID111672461,gadofosveset,11672461,XGOSYNSWSRUASG-SSMZTGFVSA-H,V08CA11,130,CHEMBL1802814,CHEMBL1802814,network_candidate,0.12096774193548387,structurally_distant_under_this_fingerprint
CID100006436,triamcinolone,6436,YNDXUCZADRHECN-JNQJZLCISA-N,,256,CHEMBL1802814,CHEMBL1802814,network_candidate,0.12096774193548387,structurally_distant_under_this_fingerprint
CID105281007,dacarbazine,5281007,OMJKFYKNWZZKTK-UHFFFAOYSA-N,L01AX04,55,CHEMBL1802815,CHEMBL1802815,network_candidate,0.12087912087912088,structurally_distant_under_this_fingerprint
CID100005329,sulfamethoxazole,5329,JLKIGFTWXXRPMT-UHFFFAOYSA-N,J01EC01,81,CHEMBL1802973,CHEMBL1802973,network_candidate,0.12087912087912088,structurally_distant_under_this_fingerprint
CID100002828,codeine,2828,OROGSEYTTFOCAN-UHFFFAOYSA-N,R05DA04,92,CHEMBL1802814,CHEMBL1802814,network_candidate,0.1206896551724138,structurally_distant_under_this_fingerprint
CID100060668,etoposide,60668,LIQODXNTTZAGID-GDAYZDJCSA-N,,78,CHEMBL1232461,MOLIBRESIB,network_candidate,0.1206896551724138,structurally_distant_under_this_fingerprint
CID100005155,stavudine,5155,XNKLLVCARDGLGL-UHFFFAOYSA-N,J05AF04,116,REF_NANNOCYSTIN_A,Nannocystin A,reference_ligand,0.1206896551724138,structurally_distant_under_this_fingerprint
CID100039764,vecuronium,39764,VEPSYABRBFXYIB-PWXDFCLTSA-M,M03AC03,38,REF_TERNATIN_4,Ternatin-4,reference_ligand,0.1206896551724138,structurally_distant_under_this_fingerprint
CID100001875,methylprednisolone,1875,IMBXEJJVJRTNOW-UHFFFAOYSA-N,,121,REF_NANNOCYSTIN_A,Nannocystin A,reference_ligand,0.12056737588652482,structurally_distant_under_this_fingerprint
CID100000581,N-acetylcysteine,581,PWKSKIMOESPYIA-UHFFFAOYSA-N,R05CB01; S01XA08; V03AB23,56,CHEMBL1802815,CHEMBL1802815,network_candidate,0.12048192771084337,structurally_distant_under_this_fingerprint
CID105310993,acipimox,5310993,DJQOOSBJCLSSEY-UHFFFAOYSA-N,C10AD06,26,CHEMBL3752910,CHEMBL3752910,network_candidate,0.12048192771084337,structurally_distant_under_this_fingerprint
CID111501341,florbetaben,11501341,NCWZOASIUQVOFA-FWZJPQCDSA-N,,6,CHEMBL1232461,MOLIBRESIB,network_candidate,0.12048192771084337,structurally_distant_under_this_fingerprint
CID100005479,tinidazole,5479,HJLSLZFTEKNLFI-UHFFFAOYSA-N,J01XD02; P01AB02,86,CHEMBL1232461,MOLIBRESIB,network_candidate,0.12048192771084337,structurally_distant_under_this_fingerprint
CID100003199,trabectedin,3199,PKVRCIRHQMSYJX-UHFFFAOYSA-N,L01CX01,90,REF_NANNOCYSTIN_A,Nannocystin A,reference_ligand,0.12048192771084337,structurally_distant_under_this_fingerprint
CID100011973,Brolene,11973,BZACJASHKPPTKX-UHFFFAOYSA-N,,5,CHEMBL1802814,CHEMBL1802814,network_candidate,0.12037037037037036,structurally_distant_under_this_fingerprint
CID100054808,loteprednol,54808,DMKSVUSAATWOCU-OEWWVBLQSA-N,S01BA14,28,CHEMBL1232461,MOLIBRESIB,network_candidate,0.12037037037037036,structurally_distant_under_this_fingerprint
CID100004894,prednisolone,4894,OIGNJSKKLXVSLS-UHFFFAOYSA-N,A07EA01; C05AA04; D07AA03; D07XA02; H02AB06; R01AD02; S01BA04; S01CB02; S02BA03; S03BA02,121,CHEMBL1802973,CHEMBL1802973,network_candidate,0.12037037037037036,structurally_distant_under_this_fingerprint
CID100005029,rabeprazole,5029,YREYEVIYCVEVJK-UHFFFAOYSA-N,A02BC04; M01AA05; M02AA03,306,CHEMBL1802815,CHEMBL1802815,network_candidate,0.12037037037037036,structurally_distant_under_this_fingerprint
CID104369359,sitagliptin,4369359,MFFMDFFZMYYVKS-SECBINFHSA-N,A10BH01,120,CHEMBL1802815,CHEMBL1802815,network_candidate,0.12037037037037036,structurally_distant_under_this_fingerprint
CID100002021,spectinomycin,2021,UNFWWIHTNXNPBV-UHFFFAOYSA-N,J01XX04,12,CHEMBL1802814,CHEMBL1802814,network_candidate,0.12037037037037036,structurally_distant_under_this_fingerprint
CID100192155,Prednefrin,192155,ZNXXCLVUNMDLNR-UQLUPRNYSA-N,,18,CHEMBL1802973,CHEMBL1802973,network_candidate,0.12030075187969924,structurally_distant_under_this_fingerprint
CID100002308,beclomethasone,2308,NBMKJKDGKREAPL-UHFFFAOYSA-N,,48,REF_NANNOCYSTIN_A,Nannocystin A,reference_ligand,0.12030075187969924,structurally_distant_under_this_fingerprint
CID111228026,aclidinium,11228026,ASMXXROZKSBQIH-QHMKHHNBSA-N,,28,CHEMBL1232461,MOLIBRESIB,network_candidate,0.12,structurally_distant_under_this_fingerprint
CID100002733,chlorzoxazone,2733,TZFWDZFKRBELIQ-UHFFFAOYSA-N,M03BB03,16,CHEMBL1232461,MOLIBRESIB,network_candidate,0.12,structurally_distant_under_this_fingerprint
CID100003642,hydrocortisone,3642,BMCQMVFGOVHVNG-UHFFFAOYSA-N,D07AB02,20,CHEMBL1802814,CHEMBL1802814,network_candidate,0.12,structurally_distant_under_this_fingerprint
CID100023897,molindone,23897,KLPWJLBORRMFGK-UHFFFAOYSA-N,N05AE02,39,REF_TERNATIN_4,Ternatin-4,reference_ligand,0.12,structurally_distant_under_this_fingerprint
CID100005070,riluzole,5070,FTALBRSUTCGOEG-UHFFFAOYSA-N,N07XX02,375,CHEMBL1802814,CHEMBL1802814,network_candidate,0.12,structurally_distant_under_this_fingerprint
CID100005267,spironolactone,5267,LXMSZDCAJNLERA-UHFFFAOYSA-N,C03DA01,49,REF_PLITIDEPSIN,Plitidepsin,reference_ligand,0.12,structurally_distant_under_this_fingerprint
CID100002085,Almeta,2085,DJHCCTTVDRAMEH-UHFFFAOYSA-N,,12,REF_NANNOCYSTIN_A,Nannocystin A,reference_ligand,0.11971830985915492,structurally_distant_under_this_fingerprint
CID100003399,fluticasone,3399,WMWTYOKRWGGJOA-UHFFFAOYSA-N,,125,REF_NANNOCYSTIN_A,Nannocystin A,reference_ligand,0.11971830985915492,structurally_distant_under_this_fingerprint
CID100031378,fludrocortisone,31378,AAXVEMMRQDVLJB-BULBTXNYSA-N,H02AA02,76,CHEMBL1802814,CHEMBL1802814,network_candidate,0.11965811965811966,structurally_distant_under_this_fingerprint
CID100019090,megestrol,19090,VXIMPSPISRVBPZ-NWUMPJBXSA-N,G03AC05; G03DB02; L02AB01,86,CHEMBL1232461,MOLIBRESIB,network_candidate,0.11956521739130435,structurally_distant_under_this_fingerprint
CID100005584,trimipramine,5584,ZSCDBOWYZJWBIY-UHFFFAOYSA-N,N06AA06,85,CHEMBL1802815,CHEMBL1802815,network_candidate,0.11956521739130435,structurally_distant_under_this_fingerprint
CID100003043,didanosine,3043,BXZVVICBKDXVGW-UHFFFAOYSA-N,J05AF02,81,CHEMBL1802814,CHEMBL1802814,network_candidate,0.11926605504587157,structurally_distant_under_this_fingerprint
CID100060877,emtricitabine,60877,XQSPYNMVSIKCOC-NTSWFWBYSA-N,J05AF09,127,CHEMBL1802814,CHEMBL1802814,network_candidate,0.11926605504587157,structurally_distant_under_this_fingerprint
CID105353980,sulfasalazine,5353980,OQANPHBRHBJGNZ-FYJGNVAPSA-N,A07EC01,146,CHEMBL1802815,CHEMBL1802815,network_candidate,0.11926605504587157,structurally_distant_under_this_fingerprint
CID100003249,vitamin,3249,MECHNRXZTMCUDQ-UHFFFAOYSA-N,A11CC01,25,REF_TERNATIN_4,Ternatin-4,reference_ligand,0.11926605504587157,structurally_distant_under_this_fingerprint
CID100004419,nalbuphine,4419,NETZHAKZCGBWSS-UHFFFAOYSA-N,N02AF02,66,REF_DIDEMNIN_B,Didemnin B,reference_ligand,0.11920529801324503,structurally_distant_under_this_fingerprint
CID100004075,5-ASA,4075,KBOPZPXVLCULAV-UHFFFAOYSA-N,A07EC02,344,CHEMBL1802815,CHEMBL1802815,network_candidate,0.11904761904761904,structurally_distant_under_this_fingerprint
CID100007638,monobenzone,7638,VYQNWZOUAUKGHI-UHFFFAOYSA-N,D11AX13,3,CHEMBL1802815,CHEMBL1802815,network_candidate,0.11904761904761904,structurally_distant_under_this_fingerprint
CID100004272,mycophenolic,4272,HPNSFSBZBAHARI-UHFFFAOYSA-N,L04AA06,368,REF_NANNOCYSTIN_A,Nannocystin A,reference_ligand,0.11904761904761904,structurally_distant_under_this_fingerprint
CID100004865,podophyllotoxin,4865,YJGVMLPVUAXIQN-UHFFFAOYSA-N,D06BB04,39,REF_NANNOCYSTIN_A,Nannocystin A,reference_ligand,0.11904761904761904,structurally_distant_under_this_fingerprint
CID100005726,zidovudine,5726,HBOMLICNUCNMMY-UHFFFAOYSA-N,J05AF01; S01AD05,168,REF_NANNOCYSTIN_A,Nannocystin A,reference_ligand,0.11904761904761904,structurally_distant_under_this_fingerprint
CID100065863,sertaconazole,65863,JLGKQTAYUIMGRK-UHFFFAOYSA-N,D01AC14,9,CHEMBL1232461,MOLIBRESIB,network_candidate,0.1188118811881188,structurally_distant_under_this_fingerprint
CID100065157,testosterone,65157,UDSFVOAUHKGBEK-CNQKSJKFSA-N,,168,CHEMBL1232461,MOLIBRESIB,network_candidate,0.1188118811881188,structurally_distant_under_this_fingerprint
CID100004583,ofloxacin,4583,GSDSWSVVBLHKDQ-UHFFFAOYSA-N,J01MA01; J01MA12; S01AX11; S01AX19; S02AA16,419,CHEMBL1802814,CHEMBL1802814,network_candidate,0.11864406779661017,structurally_distant_under_this_fingerprint
CID100160352,zidovudine/lamivudine,160352,LHCOVOKZWQYODM-CPEOKENHSA-N,,120,CHEMBL1802814,CHEMBL1802814,network_candidate,0.11851851851851852,structurally_distant_under_this_fingerprint
CID100004432,nandrolone,4432,JKWKMORAXJQQSR-UHFFFAOYSA-N,,38,REF_DIDEMNIN_B,Didemnin B,reference_ligand,0.11842105263157894,structurally_distant_under_this_fingerprint
CID100114709,eslicarbazepine,114709,BMPDWHIDQYTSHX-UHFFFAOYSA-N,N03AF04,51,CHEMBL1802815,CHEMBL1802815,network_candidate,0.11827956989247312,structurally_distant_under_this_fingerprint
CID100003647,hydroflumethiazide,3647,DMDGGSIALPNSEE-UHFFFAOYSA-N,C03AA02,35,CHEMBL3752910,CHEMBL3752910,network_candidate,0.11827956989247312,structurally_distant_under_this_fingerprint
CID100003734,iopamidol,3734,XQZXYNRDCRIARQ-UHFFFAOYSA-N,V08AB04,172,CHEMBL1802973,CHEMBL1802973,network_candidate,0.11827956989247312,structurally_distant_under_this_fingerprint
CID100003821,ketamine,3821,YQEZLKZALYSWHR-UHFFFAOYSA-N,N01AX03; N01AX14,29,CHEMBL1802815,CHEMBL1802815,network_candidate,0.11827956989247312,structurally_distant_under_this_fingerprint
CID100060751,mTHPC,60751,LYPFDBRUNKHDGX-UHFFFAOYSA-N,L01XD05,47,CHEMBL3752910,CHEMBL3752910,network_candidate,0.11827956989247312,structurally_distant_under_this_fingerprint
CID100005203,sertraline,5203,VGKDLMBJGBXTGI-UHFFFAOYSA-N,N06AB06,373,CHEMBL1802973,CHEMBL1802973,network_candidate,0.11827956989247312,structurally_distant_under_this_fingerprint
CID100064987,tenofovir,64987,SGOIRFVFHAKUTI-UHFFFAOYSA-N,,82,CHEMBL1802814,CHEMBL1802814,network_candidate,0.11818181818181818,structurally_distant_under_this_fingerprint
CID100002978,delta,2978,CYQFCXCEBYINGO-UHFFFAOYSA-N,A04AD10,53,REF_NANNOCYSTIN_A,Nannocystin A,reference_ligand,0.11811023622047244,structurally_distant_under_this_fingerprint
CID154681041,tigecycline,54681041,SOVUOXKZCCAWOJ-UHFFFAOYSA-N,J01AA12,173,CHEMBL1802973,CHEMBL1802973,network_candidate,0.11811023622047244,structurally_distant_under_this_fingerprint
CID100002524,"1,25(OH)2D3",2524,GMRQFYUYWCNGIN-UHFFFAOYSA-N,A11CC04; D05AX03,91,REF_NANNOCYSTIN_A,Nannocystin A,reference_ligand,0.11764705882352941,structurally_distant_under_this_fingerprint
CID100030623,dexrazoxane,30623,BMKDZUISNHGIBY-UHFFFAOYSA-N,V03AF02,93,REF_TERNATIN_4,Ternatin-4,reference_ligand,0.11764705882352941,structurally_distant_under_this_fingerprint
CID100003340,fenoldopam,3340,TVURRHSHRRELCG-UHFFFAOYSA-O,C01CA19,43,REF_NANNOCYSTIN_A,Nannocystin A,reference_ligand,0.11764705882352941,structurally_distant_under_this_fingerprint
CID100004086,metaproterenol,4086,LMOINURANNBYCM-UHFFFAOYSA-N,R03AB03; R03CB03,45,CHEMBL1802973,CHEMBL1802973,network_candidate,0.11764705882352941,structurally_distant_under_this_fingerprint
CID100004810,moxonidine,4810,WPNJAUFVNXKLIM-UHFFFAOYSA-N,C02AC05,27,CHEMBL1232461,MOLIBRESIB,network_candidate,0.11764705882352941,structurally_distant_under_this_fingerprint
CID100004737,pentobarbital,4737,WEXRUCMBJFQVBZ-UHFFFAOYSA-N,N05CA01,36,REF_TERNATIN_4,Ternatin-4,reference_ligand,0.11764705882352941,structurally_distant_under_this_fingerprint
CID100005544,triamcinolone,5544,GFNANZIMVAIWHM-UHFFFAOYSA-N,A01AC01; D07AB09; D07XB02; H02AB08; R01AD11; R03BA06; S01BA05,158,CHEMBL1802814,CHEMBL1802814,network_candidate,0.11764705882352941,structurally_distant_under_this_fingerprint
CID100005596,trospium,5596,OYYDSUSKLWTMMQ-UHFFFAOYSA-N,G04BD09,116,REF_NANNOCYSTIN_A,Nannocystin A,reference_ligand,0.11764705882352941,structurally_distant_under_this_fingerprint
CID100021800,betamethasone,21800,CIWBQSYVNNPZIQ-XYWKZLDCSA-N,,28,CHEMBL1802814,CHEMBL1802814,network_candidate,0.1171875,structurally_distant_under_this_fingerprint
CID100005410,testosterone,5410,PDMMFKSKQVNJMI-UHFFFAOYSA-N,,98,REF_NANNOCYSTIN_A,Nannocystin A,reference_ligand,0.1171875,structurally_distant_under_this_fingerprint
CID100004425,naloxone,4425,UZHSEJADLWPNLE-UHFFFAOYSA-N,V03AB15,48,REF_TERNATIN_4,Ternatin-4,reference_ligand,0.11711711711711711,structurally_distant_under_this_fingerprint
CID100005426,thalidomide,5426,UEJJHQNACJXSKW-UHFFFAOYSA-N,L04AX02,357,REF_NANNOCYSTIN_A,Nannocystin A,reference_ligand,0.11711711711711711,structurally_distant_under_this_fingerprint
CID100003826,ketorolac,3826,OZWKMVRBQXNZKK-UHFFFAOYSA-N,M01AB15; S01BC05,190,CHEMBL1802815,CHEMBL1802815,network_candidate,0.11702127659574468,structurally_distant_under_this_fingerprint
CID100004205,mirtazapine,4205,RONZAEMNMFQXRA-UHFFFAOYSA-N,N06AX11,317,CHEMBL5653589,CHEMBL5653589,network_candidate,0.11702127659574468,structurally_distant_under_this_fingerprint
CID100004740,pentoxifylline,4740,BYPFEZZEUUWMEJ-UHFFFAOYSA-N,C04AD03,94,CHEMBL3752910,CHEMBL3752910,network_candidate,0.11702127659574468,structurally_distant_under_this_fingerprint
CID100208920,NuvaRing,208920,MXDOOIVQXATHKU-RINAXLLBSA-N,,114,REF_NANNOCYSTIN_A,Nannocystin A,reference_ligand,0.11688311688311688,structurally_distant_under_this_fingerprint
CID100003516,guaifenesin,3516,HSRJKNPTNIJEKV-UHFFFAOYSA-N,R05CA03,9,CHEMBL1232461,MOLIBRESIB,network_candidate,0.11688311688311688,structurally_distant_under_this_fingerprint
CID154687131,lymecycline,54687131,PZTCVADFMACKLU-CCZWQWCCSA-N,J01AA04,52,REF_NANNOCYSTIN_A,Nannocystin A,reference_ligand,0.11688311688311688,structurally_distant_under_this_fingerprint
CID100002215,apomorphine,2215,VMWNQDUVQKEIOC-UHFFFAOYSA-N,G04BE07; N04BC07,52,REF_NANNOCYSTIN_A,Nannocystin A,reference_ligand,0.11666666666666667,structurally_distant_under_this_fingerprint
CID100004845,pirbuterol,4845,VQDBNKDJNJQRDG-UHFFFAOYSA-N,R03AC08; R03CC07,52,CHEMBL1802814,CHEMBL1802814,network_candidate,0.11650485436893204,structurally_distant_under_this_fingerprint
CID100002244,aspirin,2244,BSYNRYMUTXBXSQ-UHFFFAOYSA-N,A01AD05; B01AC06; N02BA01,70,CHEMBL1802815,CHEMBL1802815,network_candidate,0.11627906976744186,structurally_distant_under_this_fingerprint
CID100060830,tiotropium,60830,DQHNAVOVODVIMG-UHFFFAOYSA-M,R03BB04,99,CHEMBL1802814,CHEMBL1802814,network_candidate,0.11607142857142858,structurally_distant_under_this_fingerprint
CID106918670,PEP005,6918670,VDJHFHXMUKFKET-WDUFCVPESA-N,,31,REF_NANNOCYSTIN_A,Nannocystin A,reference_ligand,0.11594202898550725,structurally_distant_under_this_fingerprint
CID100003425,Romidepsin,3425,OHRURASPPZQGQM-UHFFFAOYSA-N,L01XX39,76,REF_NANNOCYSTIN_A,Nannocystin A,reference_ligand,0.11594202898550725,structurally_distant_under_this_fingerprint
CID100036811,dobutamine,36811,JRWZLRBJNMZMFE-UHFFFAOYSA-N,C01CA07,16,CHEMBL1802815,CHEMBL1802815,network_candidate,0.11578947368421053,structurally_distant_under_this_fingerprint
CID100003182,dyphylline,3182,KSCFJBIXMNOVSH-UHFFFAOYSA-N,R03DA01,24,REF_TERNATIN_4,Ternatin-4,reference_ligand,0.11578947368421053,structurally_distant_under_this_fingerprint
CID170683024,x,70683024,GAQMWPRWVIGRRV-IVDGIBIRSA-N,,36,CHEMBL1802814,CHEMBL1802814,network_candidate,0.11564625850340136,structurally_distant_under_this_fingerprint
CID100005645,UDCA,5645,RUDATBOHQWOJDD-UHFFFAOYSA-N,A05AA01; A05AA02,205,CHEMBL1802973,CHEMBL1802973,network_candidate,0.11538461538461539,structurally_distant_under_this_fingerprint
CID100001986,acetazolamide,1986,BZKPWHYZMXOIDC-UHFFFAOYSA-N,S01EC01,63,CHEMBL1232461,MOLIBRESIB,network_candidate,0.11538461538461539,structurally_distant_under_this_fingerprint
CID100003640,cortisol,3640,JYGXADMDTFJGBT-UHFFFAOYSA-N,A01AC03; A07EA02; C05AA01; D07AA02; D07XA01; H02AB09; S01BA02; S01CB03; S02BA01,202,REF_NANNOCYSTIN_A,Nannocystin A,reference_ligand,0.11538461538461539,structurally_distant_under_this_fingerprint
CID100003382,fluocinonide,3382,WJOHZNCJWYWUJD-UHFFFAOYSA-N,C05AA11; D07AC08,37,CHEMBL1802814,CHEMBL1802814,network_candidate,0.11538461538461539,structurally_distant_under_this_fingerprint
CID100004695,isosulfan,4695,YFKDCGWIINMRQY-UHFFFAOYSA-O,,9,CHEMBL5653589,CHEMBL5653589,network_candidate,0.11538461538461539,structurally_distant_under_this_fingerprint
CID100044564,lodoxamide,44564,RVGLGHVJXCETIO-UHFFFAOYSA-N,S01GX05,31,CHEMBL1232461,MOLIBRESIB,network_candidate,0.11538461538461539,structurally_distant_under_this_fingerprint
CID100004885,pramipexole,4885,FASDKYOPVNHBLU-UHFFFAOYSA-N,N04BC05,611,CHEMBL1802814,CHEMBL1802814,network_candidate,0.11538461538461539,structurally_distant_under_this_fingerprint
CID100052421,prednicarbate,52421,FNPXMHRZILFCKX-UHFFFAOYSA-N,D07AC18,18,CHEMBL1802814,CHEMBL1802814,network_candidate,0.11538461538461539,structurally_distant_under_this_fingerprint
CID100042395,Westcort,42395,FZCHYNWYXKICIO-MDDFJDPJSA-N,,26,REF_NANNOCYSTIN_A,Nannocystin A,reference_ligand,0.11510791366906475,structurally_distant_under_this_fingerprint
CID100003553,halcinonide,3553,MUQNGPZZQDCDFT-UHFFFAOYSA-N,D07AD02,25,REF_NANNOCYSTIN_A,Nannocystin A,reference_ligand,0.11510791366906475,structurally_distant_under_this_fingerprint
CID105361917,methylnaltrexone,5361917,IFGIYSGOEZJNBE-KNLJMPJLSA-N,A06AH01,16,CHEMBL1802973,CHEMBL1802973,network_candidate,0.11504424778761062,structurally_distant_under_this_fingerprint
CID111020241,ascorbate,11020241,PJSRTSKCDJWKPT-RXSVEWSESA-L,A11GA01; B03AA10; G01AD03; S01XA15,5,CHEMBL1802973,CHEMBL1802973,network_candidate,0.11494252873563218,structurally_distant_under_this_fingerprint
CID100004043,medrysone,4043,GZENKSODFLBBHQ-UHFFFAOYSA-N,S01BA08,19,REF_PLITIDEPSIN,Plitidepsin,reference_ligand,0.11486486486486487,structurally_distant_under_this_fingerprint
CID100002547,capreomycin,2547,JNIIDKODPGHQSS-UHFFFAOYSA-N,J04AB30,32,REF_NANNOCYSTIN_A,Nannocystin A,reference_ligand,0.11464968152866242,structurally_distant_under_this_fingerprint
CID100020585,choline,20585,RIKWPUSWRKPQAB-UHFFFAOYSA-N,R03DA02,41,REF_TERNATIN_4,Ternatin-4,reference_ligand,0.11458333333333333,structurally_distant_under_this_fingerprint
CID100062965,beclomethasone,62965,OHYGPBKGZGRQKT-XGQKBEPLSA-N,,20,REF_NANNOCYSTIN_A,Nannocystin A,reference_ligand,0.11428571428571428,structurally_distant_under_this_fingerprint
CID100071406,TPGS,71406,AOBORMOPSGHCAX-UHFFFAOYSA-N,A11HA08,13,CHEMBL1802973,CHEMBL1802973,network_candidate,0.11403508771929824,structurally_distant_under_this_fingerprint
CID100001971,abacavir,1971,MCGSCOLBFJQGHM-UHFFFAOYSA-N,J05AF06,116,CHEMBL1802814,CHEMBL1802814,network_candidate,0.11403508771929824,structurally_distant_under_this_fingerprint
CID100002764,ciprofloxacin,2764,MYSWGUAQZAJSOK-UHFFFAOYSA-N,J01MA02; S01AX13; S02AA15; S03AA07,431,CHEMBL1802814,CHEMBL1802814,network_candidate,0.11403508771929824,structurally_distant_under_this_fingerprint
CID100062305,doxycycline,62305,ZIHZIEZHQRIBEL-QFWOMMJSSA-K,,30,CHEMBL1802973,CHEMBL1802973,network_candidate,0.11403508771929824,structurally_distant_under_this_fingerprint
CID100004691,paroxetine,4691,AHOUBRCZNHFOSL-UHFFFAOYSA-N,N06AB05,550,CHEMBL1802814,CHEMBL1802814,network_candidate,0.11403508771929824,structurally_distant_under_this_fingerprint
CID100154058,solifenacin,154058,YAUBKMSXTZQZEB-VROPFNGYSA-N,G04BD08,85,CHEMBL1802814,CHEMBL1802814,network_candidate,0.11403508771929824,structurally_distant_under_this_fingerprint
CID106433091,tapentadol,6433091,KWTWDQCKEHXFFR-UHFFFAOYSA-N,N02AX06,118,REF_NANNOCYSTIN_A,Nannocystin A,reference_ligand,0.11403508771929824,structurally_distant_under_this_fingerprint
CID100004991,pyridostigmine,4991,RVOLLAQWKVFTGE-UHFFFAOYSA-N,N07AA02,65,CHEMBL1232461,MOLIBRESIB,network_candidate,0.11392405063291139,structurally_distant_under_this_fingerprint
CID100004585,olanzapine,4585,WXPNDRBBWZMPQG-UHFFFAOYSA-N,N05AH03,416,REF_NANNOCYSTIN_A,Nannocystin A,reference_ligand,0.11382113821138211,structurally_distant_under_this_fingerprint
CID100124087,desloratadine,124087,JAUOIFJMECXRGI-UHFFFAOYSA-N,R06AX27,68,CHEMBL1232461,MOLIBRESIB,network_candidate,0.11363636363636363,structurally_distant_under_this_fingerprint
CID100000838,epinephrine,838,UCTWMZQNUQWSLP-UHFFFAOYSA-N,A01AD01; B02BC09; C01CA24; R01AA14; R03AA01; S01EA01,69,CHEMBL1802815,CHEMBL1802815,network_candidate,0.11363636363636363,structurally_distant_under_this_fingerprint
CID100004756,phenylazo,4756,QPFYXYFORQJZEC-UHFFFAOYSA-N,G04BX06,19,CHEMBL1802815,CHEMBL1802815,network_candidate,0.11363636363636363,structurally_distant_under_this_fingerprint
CID100039507,rimexolone,39507,QTTRZHGPGKRAFB-PAIWTFDUSA-N,H02AB12; S01BA13,28,REF_NANNOCYSTIN_A,Nannocystin A,reference_ligand,0.11363636363636363,structurally_distant_under_this_fingerprint
CID100005358,sumatriptan,5358,KQKPFRSPSRPDEB-UHFFFAOYSA-N,N02CC01,338,REF_DIDEMNIN_B,Didemnin B,reference_ligand,0.11347517730496454,structurally_distant_under_this_fingerprint
CID100003736,iopromide,3736,DGAIEPBNLOQYER-UHFFFAOYSA-N,V08AB05,221,CHEMBL1232461,MOLIBRESIB,network_candidate,0.1134020618556701,structurally_distant_under_this_fingerprint
CID100455658,hemin,455658,BTIJJDXEELBZFS-UHFFFAOYSA-K,,10,CHEMBL1802815,CHEMBL1802815,network_candidate,0.11320754716981132,structurally_distant_under_this_fingerprint
CID100003203,efavirenz,3203,XPOQHMRABVBWPR-UHFFFAOYSA-N,J05AG03,224,REF_NANNOCYSTIN_A,Nannocystin A,reference_ligand,0.11290322580645161,structurally_distant_under_this_fingerprint
CID100020969,clocortolone,20969,YMTMADLUXIRMGX-KSXGCUBKSA-N,D07AB21,11,REF_NANNOCYSTIN_A,Nannocystin A,reference_ligand,0.11278195488721804,structurally_distant_under_this_fingerprint
CID100004159,methylprednisolone,4159,VHRSUDSXCMQTMA-UHFFFAOYSA-N,D07AA01; D10AA02; H02AB04,194,REF_NANNOCYSTIN_A,Nannocystin A,reference_ligand,0.11278195488721804,structurally_distant_under_this_fingerprint
CID100004428,naltrexone,4428,DQCKKXVULJGBQN-UHFFFAOYSA-N,N07BB04,226,REF_NANNOCYSTIN_A,Nannocystin A,reference_ligand,0.11278195488721804,structurally_distant_under_this_fingerprint
CID100006238,17-hydroxyprogesterone,6238,DBPWSSGDRRHUNT-CEGNMAFCSA-N,G03DA03,47,REF_PLITIDEPSIN,Plitidepsin,reference_ligand,0.11267605633802817,structurally_distant_under_this_fingerprint
CID100002462,budesonide,2462,VOVIALXJUBGFJZ-UHFFFAOYSA-N,A07EA06; D07AC09; R01AD05; R03BA02,206,REF_NANNOCYSTIN_A,Nannocystin A,reference_ligand,0.11267605633802817,structurally_distant_under_this_fingerprint
CID109831414,Lovaza,9831414,DTMGIJFHGGCSLO-FIAQIACWSA-N,,103,CHEMBL1232461,MOLIBRESIB,network_candidate,0.1125,structurally_distant_under_this_fingerprint
CID100004943,propofol,4943,OLBCVFGFOZPWHH-UHFFFAOYSA-N,N01AX10,151,CHEMBL1802815,CHEMBL1802815,network_candidate,0.1125,structurally_distant_under_this_fingerprint
CID144564107,mipomersen,44564107,OSGPYAHSKOGBFY-KMHHXCEHSA-A,,50,CHEMBL1802814,CHEMBL1802814,network_candidate,0.11235955056179775,structurally_distant_under_this_fingerprint
CID100005215,sulfadiazine,5215,SEEPANYCNGTZFQ-UHFFFAOYSA-N,J01EC02,67,CHEMBL1802815,CHEMBL1802815,network_candidate,0.11235955056179775,structurally_distant_under_this_fingerprint
CID100003363,FdUrd,3363,ODKNJVUHOIMIIZ-UHFFFAOYSA-N,,64,CHEMBL1802973,CHEMBL1802973,network_candidate,0.11224489795918367,structurally_distant_under_this_fingerprint
CID119371515,alcaftadine,19371515,MWTBKTRZPHJQLH-UHFFFAOYSA-N,,7,CHEMBL3752910,CHEMBL3752910,network_candidate,0.11224489795918367,structurally_distant_under_this_fingerprint
CID100005878,oxandrolone,5878,QSLJIVKCVHQPLV-PEMPUTJUSA-N,A14AA08,27,CHEMBL1802973,CHEMBL1802973,network_candidate,0.11224489795918367,structurally_distant_under_this_fingerprint
CID100072466,bleomycin,72466,WUIABRMSWOKTOF-OCBSMOPSSA-N,L01DC01,92,CHEMBL1802814,CHEMBL1802814,network_candidate,0.11219512195121951,structurally_distant_under_this_fingerprint
CID100135113,sacrosidase,135113,QOAMCMUZZWSALB-UHFFFAOYSA-N,A16AB06,14,REF_NANNOCYSTIN_A,Nannocystin A,reference_ligand,0.11214953271028037,structurally_distant_under_this_fingerprint
CID100171558,Kaluril,171558,QRDAGKVHMGNVHB-UHFFFAOYSA-N,,59,CHEMBL1802815,CHEMBL1802815,network_candidate,0.11206896551724138,structurally_distant_under_this_fingerprint
CID100060752,ibutilide,60752,PCIOHQNIRPWFMV-UHFFFAOYSA-N,C01BD05,25,CHEMBL1802814,CHEMBL1802814,network_candidate,0.11206896551724138,structurally_distant_under_this_fingerprint
CID100004736,pentazocine,4736,VOKSWYLNZZRQPF-UHFFFAOYSA-N,N02AD01,61,REF_NANNOCYSTIN_A,Nannocystin A,reference_ligand,0.112,structurally_distant_under_this_fingerprint
CID100005478,timolol,5478,BLJRIMJGRPQVNF-UHFFFAOYSA-N,C07AA06; S01ED01,163,REF_NANNOCYSTIN_A,Nannocystin A,reference_ligand,0.112,structurally_distant_under_this_fingerprint
CID105311167,halobetasol,5311167,LEHFPXVYPMWYQD-XHIJKXOTSA-N,,18,REF_NANNOCYSTIN_A,Nannocystin A,reference_ligand,0.11194029850746269,structurally_distant_under_this_fingerprint
CID100005409,testosterone,5409,VOCBWIIFXDYGNZ-UHFFFAOYSA-N,,105,REF_NANNOCYSTIN_A,Nannocystin A,reference_ligand,0.11194029850746269,structurally_distant_under_this_fingerprint
CID100002022,acyclovir,2022,MKUXAQIIEYXACX-UHFFFAOYSA-N,D06BB03; J05AB01; S01AD03,155,CHEMBL1802814,CHEMBL1802814,network_candidate,0.1111111111111111,structurally_distant_under_this_fingerprint
CID100016533,betamethasone,16533,SNHRLVCMMWUAJD-SUYDQAKGSA-N,,21,REF_DIDEMNIN_B,Didemnin B,reference_ligand,0.1111111111111111,structurally_distant_under_this_fingerprint
CID100032797,clobetasol,32797,FCSHDIVRCWTZOX-RFGBNKILSA-N,D07AD01,63,REF_NANNOCYSTIN_A,Nannocystin A,reference_ligand,0.1111111111111111,structurally_distant_under_this_fingerprint
CID100003739,iodipamide,3739,FFINMCNLQNTKLU-UHFFFAOYSA-N,V08AC04,22,CHEMBL1232461,MOLIBRESIB,network_candidate,0.1111111111111111,structurally_distant_under_this_fingerprint
CID100157920,lubiprostone,157920,WGFOBBZOWHGYQH-MXHNKVEKSA-N,A06AX03,77,CHEMBL1232461,MOLIBRESIB,network_candidate,0.1111111111111111,structurally_distant_under_this_fingerprint
CID100004004,malathion,4004,JXSJBGJIGXNWCI-UHFFFAOYSA-N,P03AX03,4,CHEMBL1232461,MOLIBRESIB,network_candidate,0.1111111111111111,structurally_distant_under_this_fingerprint
CID100157921,methyl,157921,UJYSYPVQHFNBML-UHFFFAOYSA-N,L01XD03,49,CHEMBL1232461,MOLIBRESIB,network_candidate,0.1111111111111111,structurally_distant_under_this_fingerprint
CID100441382,natamycin,441382,NCXMLFZGDNKEPB-HRGPPOFJSA-N,A01AB10; A07AA03; D01AA02; G01AA02; S01AA10,12,REF_NANNOCYSTIN_A,Nannocystin A,reference_ligand,0.1111111111111111,structurally_distant_under_this_fingerprint
CID100004900,prednisone,4900,XOFYZVNMUHMLCC-UHFFFAOYSA-N,A07EA03; H02AB07,226,CHEMBL1802973,CHEMBL1802973,network_candidate,0.1111111111111111,structurally_distant_under_this_fingerprint
CID100060695,rocuronium,60695,OYTJKRAYGYRUJK-FKEZLKRZSA-M,M03AC09,28,REF_TERNATIN_4,Ternatin-4,reference_ligand,0.1111111111111111,structurally_distant_under_this_fingerprint
CID100000338,salicylate,338,YGSDEFSMJLZEOE-UHFFFAOYSA-N,D01AE12; N02BA04; N02BA12; S01BC08,39,CHEMBL1802815,CHEMBL1802815,network_candidate,0.1111111111111111,structurally_distant_under_this_fingerprint
CID100005257,sparfloxacin,5257,DZZWHBIBMUVIIW-UHFFFAOYSA-N,J01MA09,216,CHEMBL1802814,CHEMBL1802814,network_candidate,0.1111111111111111,structurally_distant_under_this_fingerprint
CID100005546,triamterene,5546,FNYLWPVRPXGIIP-UHFFFAOYSA-N,C03DB02,24,CHEMBL1802815,CHEMBL1802815,network_candidate,0.1111111111111111,structurally_distant_under_this_fingerprint
CID100121749,ustekinumab,121749,VOTSDCGUYAGUNS-UHFFFAOYSA-N,L04AC05,68,CHEMBL1232461,MOLIBRESIB,network_candidate,0.1111111111111111,structurally_distant_under_this_fingerprint
CID100004253,morphine,4253,BQJCRHHNABKAKU-UHFFFAOYSA-N,N02AA01,266,REF_NANNOCYSTIN_A,Nannocystin A,reference_ligand,0.11023622047244094,structurally_distant_under_this_fingerprint
CID100003368,FAMP,3368,GIUYCYHIANZCFB-UHFFFAOYSA-N,,133,CHEMBL1802814,CHEMBL1802814,network_candidate,0.11016949152542373,structurally_distant_under_this_fingerprint
CID154682541,doxycycline,54682541,UHHHTIKWXBRCLT-SWFVAQHGSA-N,,86,CHEMBL1802973,CHEMBL1802973,network_candidate,0.11016949152542373,structurally_distant_under_this_fingerprint
CID126275995,minocycline,26275995,FFTVPQUHLQBXQZ-KVUCHLLUSA-M,A01AB23; J01AA08,140,CHEMBL1802973,CHEMBL1802973,network_candidate,0.11016949152542373,structurally_distant_under_this_fingerprint
CID100102258,rasburicase,102258,KXSPLNAXPMVUEC-NCOIDOBVSA-N,M04AX01; V03AF07,57,CHEMBL1802814,CHEMBL1802814,network_candidate,0.11016949152542373,structurally_distant_under_this_fingerprint
CID100003454,ganciclovir,3454,IRSCQMHQWWYFCW-UHFFFAOYSA-N,J05AB06; S01AD09,267,CHEMBL1802814,CHEMBL1802814,network_candidate,0.11009174311926606,structurally_distant_under_this_fingerprint
CID100000159,prostacyclin,159,KAQKFAOMNZTLHT-UHFFFAOYSA-N,B01AC09,125,REF_TERNATIN_4,Ternatin-4,reference_ligand,0.11009174311926606,structurally_distant_under_this_fingerprint
CID100004725,penciclovir,4725,JNTOCHDNEULJHD-UHFFFAOYSA-N,D06BB06; J05AB13,54,CHEMBL1802815,CHEMBL1802815,network_candidate,0.11,structurally_distant_under_this_fingerprint
CID100009433,aminophylline,9433,FQPFAHBPWDRTLU-UHFFFAOYSA-N,R03DA05,54,REF_TERNATIN_4,Ternatin-4,reference_ligand,0.10989010989010989,structurally_distant_under_this_fingerprint
CID100002187,anastrozole,2187,YBBLVLTVTVSKRW-UHFFFAOYSA-N,L02BG03,152,CHEMBL3752910,CHEMBL3752910,network_candidate,0.10989010989010989,structurally_distant_under_this_fingerprint
CID100002995,desipramine,2995,HCYAFALTSJYZDH-UHFFFAOYSA-N,N06AA01,96,CHEMBL1802815,CHEMBL1802815,network_candidate,0.10989010989010989,structurally_distant_under_this_fingerprint
CID100004212,mitoxantrone,4212,KKZJGLLVHKMTCM-UHFFFAOYSA-N,L01DB07,158,CHEMBL1802973,CHEMBL1802973,network_candidate,0.10989010989010989,structurally_distant_under_this_fingerprint
CID100004927,promethazine,4927,PWWVAXIEGOYWEE-UHFFFAOYSA-N,D04AA10; R06AD02,87,CHEMBL1802815,CHEMBL1802815,network_candidate,0.10989010989010989,structurally_distant_under_this_fingerprint
CID100003202,edrophonium,3202,VWLHWLSRQJQWRG-UHFFFAOYSA-O,,26,CHEMBL3752910,CHEMBL3752910,network_candidate,0.10975609756097561,structurally_distant_under_this_fingerprint
CID100003780,isosorbide,3780,MOYKHGMNXAOIAT-UHFFFAOYSA-N,C01DA08; C05AE02,20,CHEMBL1802973,CHEMBL1802973,network_candidate,0.10975609756097561,structurally_distant_under_this_fingerprint
CID100005483,tiopronin,5483,YTGJWQPHMWSCST-UHFFFAOYSA-N,R05CB12,52,CHEMBL1802973,CHEMBL1802973,network_candidate,0.10975609756097561,structurally_distant_under_this_fingerprint
CID100002367,dexamethasone,2367,VQODGRNSFPNSQE-UHFFFAOYSA-N,,121,CHEMBL1802814,CHEMBL1802814,network_candidate,0.109375,structurally_distant_under_this_fingerprint
CID100003056,diflorasone,3056,BOBLHFUVNSFZPJ-UHFFFAOYSA-N,,11,CHEMBL1802814,CHEMBL1802814,network_candidate,0.109375,structurally_distant_under_this_fingerprint
CID100004542,levonorgestrel,4542,WWYNJERNGUHSAO-UHFFFAOYSA-N,G03AC03,193,REF_NANNOCYSTIN_A,Nannocystin A,reference_ligand,0.109375,structurally_distant_under_this_fingerprint
CID100003384,fluorometholone,3384,FAOZLTXFLGPHNG-UHFFFAOYSA-N,C05AA06; D07AB06; D07XB04; D10AA01; S01BA07; S01CB05,37,CHEMBL1802814,CHEMBL1802814,network_candidate,0.1092436974789916,structurally_distant_under_this_fingerprint
CID100134780,pomalidomide,134780,UVSMNLNDYGZFPF-UHFFFAOYSA-N,,105,REF_NANNOCYSTIN_A,Nannocystin A,reference_ligand,0.1092436974789916,structurally_distant_under_this_fingerprint
CID100003467,gentamicin,3467,CEAZRRDELHUEMR-UHFFFAOYSA-N,D06AX07; J01GB03; S01AA11; S02AA14; S03AA06,74,CHEMBL1802973,CHEMBL1802973,network_candidate,0.10909090909090909,structurally_distant_under_this_fingerprint
CID100003062,digoxin,3062,LTMHDMANZUZIPE-UHFFFAOYSA-N,C01AA05,57,REF_NANNOCYSTIN_A,Nannocystin A,reference_ligand,0.10884353741496598,structurally_distant_under_this_fingerprint
CID100002163,amobarbital,2163,VIROVYVQCGLCII-UHFFFAOYSA-M,N05CA02,40,REF_TERNATIN_4,Ternatin-4,reference_ligand,0.10869565217391304,structurally_distant_under_this_fingerprint
CID100002756,cimetidine,2756,AQIXAKUUQRKLND-UHFFFAOYSA-N,A02BA01,64,CHEMBL1232461,MOLIBRESIB,network_candidate,0.10869565217391304,structurally_distant_under_this_fingerprint
CID151601240,demeclocycline,51601240,HXPZLYXFFSKHJA-SEYHBJAFSA-N,D06AA01; J01AA01,46,REF_NANNOCYSTIN_A,Nannocystin A,reference_ligand,0.10869565217391304,structurally_distant_under_this_fingerprint
CID100125017,desvenlafaxine,125017,KYYIDSXMWOZKMP-UHFFFAOYSA-N,N06AX23,107,CHEMBL1802973,CHEMBL1802973,network_candidate,0.10869565217391304,structurally_distant_under_this_fingerprint
CID103080904,Estrofem,3080904,YUSCRGFYKCAQHE-HQFNMCNFSA-N,,68,REF_NANNOCYSTIN_A,Nannocystin A,reference_ligand,0.10852713178294573,structurally_distant_under_this_fingerprint
CID100003015,cyproterone,3015,DUSHUSLJJMDGTE-UHFFFAOYSA-N,G03HA01,95,REF_NANNOCYSTIN_A,Nannocystin A,reference_ligand,0.10852713178294573,structurally_distant_under_this_fingerprint
CID100004649,APAs,4649,WUBBRNOQWQTFEX-UHFFFAOYSA-N,J04AA01; J04AA02,50,CHEMBL1802973,CHEMBL1802973,network_candidate,0.10843373493975904,structurally_distant_under_this_fingerprint
CID100002370,bethanechol,2370,NZUPCNDJBJXXRF-UHFFFAOYSA-O,N07AB02,23,CHEMBL1802973,CHEMBL1802973,network_candidate,0.10843373493975904,structurally_distant_under_this_fingerprint
CID100091488,fluocinolone,91488,UUOUOERPONYGOS-CLCRDYEYSA-N,,11,CHEMBL1802814,CHEMBL1802814,network_candidate,0.10833333333333334,structurally_distant_under_this_fingerprint
CID100003000,desoximetasone,3000,VWVSBHGCDBMOOT-UHFFFAOYSA-N,D07AC03; D07XC02,28,REF_TERNATIN_4,Ternatin-4,reference_ligand,0.10810810810810811,structurally_distant_under_this_fingerprint
CID100004411,nadolol,4411,VWPOSFSPZNDTMJ-UHFFFAOYSA-N,C07AA12,88,CHEMBL1802814,CHEMBL1802814,network_candidate,0.10810810810810811,structurally_distant_under_this_fingerprint
CID100003379,flunisolide,3379,XSFJVAJPIHIPKU-UHFFFAOYSA-N,R01AD04; R03BA03,114,REF_NANNOCYSTIN_A,Nannocystin A,reference_ligand,0.1079136690647482,structurally_distant_under_this_fingerprint
CID100003381,fluocinolone,3381,FEBLZLNTKCEFIT-UHFFFAOYSA-N,C05AA10; D07AC04; S01BA15; S02BA08,123,REF_NANNOCYSTIN_A,Nannocystin A,reference_ligand,0.1079136690647482,structurally_distant_under_this_fingerprint
CID105493381,deferasirox,5493381,FMSOAWSKCWYLBB-VBGLAJCLSA-N,V03AC03,103,CHEMBL1802815,CHEMBL1802815,network_candidate,0.10784313725490197,structurally_distant_under_this_fingerprint
CID100150311,ezetimibe,150311,OLNTVTPDXPETLC-XPWALMASSA-N,C10AX09,114,REF_TERNATIN_4,Ternatin-4,reference_ligand,0.10784313725490197,structurally_distant_under_this_fingerprint
CID100005530,tranylcypromine,5530,AELCINSCMGFISI-UHFFFAOYSA-N,N06AF04,71,REF_NANNOCYSTIN_A,Nannocystin A,reference_ligand,0.10784313725490197,structurally_distant_under_this_fingerprint
CID100004196,mifepristone,4196,VKHAHZOOUSRJNA-UHFFFAOYSA-N,G03XB01,84,REF_DIDEMNIN_B,Didemnin B,reference_ligand,0.10759493670886076,structurally_distant_under_this_fingerprint
CID109966051,Lu,9966051,YQNWZWMKLDQSAC-UHFFFAOYSA-N,,38,CHEMBL3752910,CHEMBL3752910,network_candidate,0.10752688172043011,structurally_distant_under_this_fingerprint
CID100002708,chlorambucil,2708,JCKYGMPEJWAADB-UHFFFAOYSA-N,L01AA02,75,CHEMBL1802815,CHEMBL1802815,network_candidate,0.10752688172043011,structurally_distant_under_this_fingerprint
CID100001546,cladribine,1546,PTOAARAWEBMLNO-UHFFFAOYSA-N,L01BB04,175,CHEMBL1232461,MOLIBRESIB,network_candidate,0.10752688172043011,structurally_distant_under_this_fingerprint
CID100158786,pegaptanib,158786,USXHAXIQRPGYFX-KRWDZBQOSA-N,,61,CHEMBL1802814,CHEMBL1802814,network_candidate,0.10714285714285714,structurally_distant_under_this_fingerprint
CID156603655,pegaptanib,56603655,WLCZTRVUXYALDD-IBGZPJMESA-N,S01LA03,132,CHEMBL1802814,CHEMBL1802814,network_candidate,0.10714285714285714,structurally_distant_under_this_fingerprint
CID100005578,trimethoprim,5578,IEDVJHCEMCRBQM-UHFFFAOYSA-N,J01EA01,94,CHEMBL1232461,MOLIBRESIB,network_candidate,0.10714285714285714,structurally_distant_under_this_fingerprint
CID100002366,betahistine,2366,UUQMNUMQCIQDMZ-UHFFFAOYSA-N,N07CA01,40,CHEMBL1232461,MOLIBRESIB,network_candidate,0.10666666666666667,structurally_distant_under_this_fingerprint
CID100003003,dexamethasone,3003,UREBDLICKHMUKA-UHFFFAOYSA-N,A01AC02; A07EA04; C05AA05; C05AA09; D07AB19; D07AC01; D07XB05; D07XC01; D10AA03; H02AB01; H02AB02; R01AD03; R01AD06; R03BA04; S01BA01; S01BA06; S01CB01; S01CB04; S02BA06; S02BA07; S03BA01; S03BA03,219,CHEMBL1802814,CHEMBL1802814,network_candidate,0.10655737704918032,structurally_distant_under_this_fingerprint
CID100003269,estriol,3269,PROQIPRRNZUXQM-UHFFFAOYSA-N,G03CA04; G03CC06,26,REF_NANNOCYSTIN_A,Nannocystin A,reference_ligand,0.10655737704918032,structurally_distant_under_this_fingerprint
CID100003375,flumethasone,3375,WXURHACBFYSXBI-UHFFFAOYSA-N,D07AB03; D07AC10; D07XB01,11,CHEMBL1802814,CHEMBL1802814,network_candidate,0.10655737704918032,structurally_distant_under_this_fingerprint
CID100054313,iloprost,54313,HIFJCPQKFCZDDL-NYBPDPFASA-N,B01AC11,60,REF_TERNATIN_4,Ternatin-4,reference_ligand,0.10619469026548672,structurally_distant_under_this_fingerprint
CID100123015,SU5416,123015,WUWDLXZGHZSWQZ-UHFFFAOYSA-N,B02BX04,164,CHEMBL1232461,MOLIBRESIB,network_candidate,0.10588235294117647,structurally_distant_under_this_fingerprint
CID100069512,malvidin,69512,KQIKOUUKQBTQBE-UHFFFAOYSA-N,,59,CHEMBL1232461,MOLIBRESIB,network_candidate,0.10588235294117647,structurally_distant_under_this_fingerprint
CID100001775,phenytoin,1775,CXOFVDLJLONNDW-UHFFFAOYSA-N,N03AB02,273,CHEMBL1802815,CHEMBL1802815,network_candidate,0.10588235294117647,structurally_distant_under_this_fingerprint
CID100068740,zoledronic,68740,XRASPMIURGNCCH-UHFFFAOYSA-N,M05BA08,204,CHEMBL3752910,CHEMBL3752910,network_candidate,0.10588235294117647,structurally_distant_under_this_fingerprint
CID100002487,butorphanol,2487,IFKLAQQSCNILHL-UHFFFAOYSA-N,N02AF01,116,REF_TERNATIN_4,Ternatin-4,reference_ligand,0.10576923076923077,structurally_distant_under_this_fingerprint
CID100003598,hexachlorophene,3598,ACGUYXCXAPNIKK-UHFFFAOYSA-N,D08AE01,3,REF_NANNOCYSTIN_A,Nannocystin A,reference_ligand,0.10576923076923077,structurally_distant_under_this_fingerprint
CID100054840,atomoxetine,54840,LUCXVPAZUDVVBT-UNTBIKODSA-N,N06BA09,157,CHEMBL1802815,CHEMBL1802815,network_candidate,0.10526315789473684,structurally_distant_under_this_fingerprint
CID100016850,fluorescein,16850,GNBHRKFJIUUOQI-UHFFFAOYSA-N,S01JA01,85,CHEMBL1802815,CHEMBL1802815,network_candidate,0.10526315789473684,structurally_distant_under_this_fingerprint
CID100004211,mitotane,4211,JWBOIMRXGHLCPP-UHFFFAOYSA-N,L01XX23,103,CHEMBL1232461,MOLIBRESIB,network_candidate,0.10526315789473684,structurally_distant_under_this_fingerprint
CID100002083,salbutamol,2083,NDAUXUAQIAJITI-UHFFFAOYSA-N,R03AC02; R03CC02,183,CHEMBL1802815,CHEMBL1802815,network_candidate,0.10526315789473684,structurally_distant_under_this_fingerprint
CID100153941,entecavir,153941,QDGZDCVAUDNJFG-FXQIFTODSA-N,J05AF10,59,REF_TERNATIN_4,Ternatin-4,reference_ligand,0.10476190476190476,structurally_distant_under_this_fingerprint
CID100000160,prostaglandin,160,PXGPLTODNUVGFL-UHFFFAOYSA-N,G02AD01,24,REF_TERNATIN_4,Ternatin-4,reference_ligand,0.10476190476190476,structurally_distant_under_this_fingerprint
CID100005078,rizatriptan,5078,ULFRLSNUDGIQQP-UHFFFAOYSA-N,N02CC04,157,CHEMBL1802815,CHEMBL1802815,network_candidate,0.10476190476190476,structurally_distant_under_this_fingerprint
CID100005470,tibolone,5470,WZDGZWOAQTVYBX-UHFFFAOYSA-N,G03CX01,51,REF_TERNATIN_4,Ternatin-4,reference_ligand,0.10476190476190476,structurally_distant_under_this_fingerprint
CID100002803,clonidine,2803,GJSURZIOUXUGAL-UHFFFAOYSA-N,C02AC01; N02CX02; S01EA04,167,CHEMBL3752910,CHEMBL3752910,network_candidate,0.10465116279069768,structurally_distant_under_this_fingerprint
CID100006726,cyclizine,6726,UVKZSORBKUEBAZ-UHFFFAOYSA-N,R06AE03,54,CHEMBL1802815,CHEMBL1802815,network_candidate,0.10465116279069768,structurally_distant_under_this_fingerprint
CID100000951,norepinephrine,951,SFLSHLFXELFNJZ-UHFFFAOYSA-N,C01CA03,18,CHEMBL1802815,CHEMBL1802815,network_candidate,0.10465116279069768,structurally_distant_under_this_fingerprint
CID109815559,trans,9815559,XRZWVSXEDRYQGC-ZJUUUORDSA-N,B01AD01,49,CHEMBL1802973,CHEMBL1802973,network_candidate,0.10465116279069768,structurally_distant_under_this_fingerprint
CID100004422,nalmefene,4422,WJBLNOPPDWQMCH-UHFFFAOYSA-N,,67,REF_DIDEMNIN_B,Didemnin B,reference_ligand,0.10457516339869281,structurally_distant_under_this_fingerprint
CID125880664,tetracycline,25880664,JYHCQVWYCGHXGP-NZGYDGLNSA-M,A01AB13; D06AA04; J01AA07; S01AA09; S02AA08; S03AA02,39,CHEMBL1802973,CHEMBL1802973,network_candidate,0.10434782608695652,structurally_distant_under_this_fingerprint
CID100160036,MnDPDP,160036,BENFPBJLMUIGGD-UHFFFAOYSA-I,,27,CHEMBL1232461,MOLIBRESIB,network_candidate,0.10416666666666667,structurally_distant_under_this_fingerprint
CID105462337,olsalazine,5462337,ULGVHUUBIHTFAM-LZYBPNLTSA-N,A07EC03,119,CHEMBL5653589,CHEMBL5653589,network_candidate,0.10416666666666667,structurally_distant_under_this_fingerprint
CID100004747,propericiazine,4747,LUALIOATIOESLM-UHFFFAOYSA-N,N05AC01,77,CHEMBL1232461,MOLIBRESIB,network_candidate,0.10416666666666667,structurally_distant_under_this_fingerprint
CID100057537,rotigotine,57537,KFQYTPMOWPVWEJ-UHFFFAOYSA-N,N04BC09,118,CHEMBL1802973,CHEMBL1802973,network_candidate,0.10377358490566038,structurally_distant_under_this_fingerprint
CID100003387,fluoxymesterone,3387,YLRFCQOZQXIBAB-UHFFFAOYSA-N,G03BA01,27,REF_DIDEMNIN_B,Didemnin B,reference_ligand,0.10344827586206896,structurally_distant_under_this_fingerprint
CID100027661,isosorbide-5-mononitrate,27661,YWXYYJSYQOXTPL-SLPGGIOYSA-N,C01DA14,214,CHEMBL1802973,CHEMBL1802973,network_candidate,0.10344827586206896,structurally_distant_under_this_fingerprint
CID100004178,mexiletine,4178,VLPIATFUUWWMKC-UHFFFAOYSA-N,C01BB02,97,CHEMBL1802815,CHEMBL1802815,network_candidate,0.10344827586206896,structurally_distant_under_this_fingerprint
CID100004264,mupirocin,4264,MINDHVHHQZYEEK-UHFFFAOYSA-N,D06AX09; R01AX06,42,REF_TERNATIN_4,Ternatin-4,reference_ligand,0.10344827586206896,structurally_distant_under_this_fingerprint
CID144134877,oxytetracycline,44134877,VANYVCHXDYVKSI-UHFFFAOYSA-L,D06AA03; G01AA07; J01AA06; S01AA04,28,CHEMBL1802973,CHEMBL1802973,network_candidate,0.10344827586206896,structurally_distant_under_this_fingerprint
CID100039524,stiripentol,39524,IBLNKMRFIPWSOY-UHFFFAOYSA-N,N03AX17,31,REF_NANNOCYSTIN_A,Nannocystin A,reference_ligand,0.10344827586206896,structurally_distant_under_this_fingerprint
CID100002153,theophylline,2153,ZFXYFBGIUFBOJW-UHFFFAOYSA-N,R03DA04,76,REF_TERNATIN_4,Ternatin-4,reference_ligand,0.10344827586206896,structurally_distant_under_this_fingerprint
CID106333887,auranofin,6333887,WIDYMGFHNKRNJY-UHFFFAOYSA-Q,M01CB03,46,CHEMBL1802973,CHEMBL1802973,network_candidate,0.10309278350515463,structurally_distant_under_this_fingerprint
CID100003738,iotrolan,3738,XUHXFSYUBXNTHU-UHFFFAOYSA-N,V08AB06,79,CHEMBL1802973,CHEMBL1802973,network_candidate,0.10309278350515463,structurally_distant_under_this_fingerprint
CID100005472,ticlopidine,5472,PHWBOXQYWZNQIN-UHFFFAOYSA-N,B01AC05,75,CHEMBL1802815,CHEMBL1802815,network_candidate,0.10309278350515463,structurally_distant_under_this_fingerprint
CID104630253,alclometasone,4630253,FJXOGVLKCZQRDN-UHFFFAOYSA-N,D07AB10; S01BA10,12,REF_NANNOCYSTIN_A,Nannocystin A,reference_ligand,0.10294117647058823,structurally_distant_under_this_fingerprint
CID100123620,mometasone,123620,QLIIKPVHVRXHRI-KPZMXUCXSA-N,D07AC13; D07XC03; R01AD09; R03BA07,93,REF_NANNOCYSTIN_A,Nannocystin A,reference_ligand,0.10294117647058823,structurally_distant_under_this_fingerprint
CID100003777,isopropyl,3777,XXUPXHKCPIKWLR-UHFFFAOYSA-N,,42,REF_TERNATIN_4,Ternatin-4,reference_ligand,0.102803738317757,structurally_distant_under_this_fingerprint
CID100002182,anagrelide,2182,OTBXOEAOVRKTNQ-UHFFFAOYSA-N,L01XX35,165,REF_NANNOCYSTIN_A,Nannocystin A,reference_ligand,0.10256410256410256,structurally_distant_under_this_fingerprint
CID153477714,heparin,53477714,WKPUACLQLIIVJJ-RHKLHVFKSA-M,B01AB01; C05BA03; S01XA14,49,REF_DIDEMNIN_B,Didemnin B,reference_ligand,0.10256410256410256,structurally_distant_under_this_fingerprint
CID100004609,oxaliplatin,4609,DRMCATBEKSVAPL-UHFFFAOYSA-N,L01XA03,261,CHEMBL1802973,CHEMBL1802973,network_candidate,0.10256410256410256,structurally_distant_under_this_fingerprint
CID100003100,diphenhydramine,3100,ZZVUWRFHKOJYTH-UHFFFAOYSA-N,D04AA32; N04AB01; R06AA02,46,CHEMBL1802815,CHEMBL1802815,network_candidate,0.10227272727272728,structurally_distant_under_this_fingerprint
CID124822371,florbetapir,24822371,YNDIAUKFXKEXSV-CRYLGTRXSA-N,,26,CHEMBL1232461,MOLIBRESIB,network_candidate,0.10227272727272728,structurally_distant_under_this_fingerprint
CID100003517,icodextrin,3517,WDZVGELJXXEGPV-UHFFFAOYSA-N,,164,CHEMBL1802815,CHEMBL1802815,network_candidate,0.10227272727272728,structurally_distant_under_this_fingerprint
CID100005300,streptozotocin,5300,ZSJLQEPLLKMAKR-UHFFFAOYSA-N,L01AD04,52,REF_DIDEMNIN_B,Didemnin B,reference_ligand,0.10218978102189781,structurally_distant_under_this_fingerprint
CID100004513,nizatidine,4513,SGXXNSQHWDMGGP-UHFFFAOYSA-N,A02BA04,69,CHEMBL1232461,MOLIBRESIB,network_candidate,0.10204081632653061,structurally_distant_under_this_fingerprint
CID100002142,amikacin,2142,LKCWBDHBTVXHDL-UHFFFAOYSA-N,D06AX12; J01GB06; S01AA21,27,REF_DIDEMNIN_B,Didemnin B,reference_ligand,0.10191082802547771,structurally_distant_under_this_fingerprint
CID100222786,cortisone,222786,MFYSYFVPBJMHGN-ZPOLXVRWSA-N,H02AB10; S01BA03,60,CHEMBL1802973,CHEMBL1802973,network_candidate,0.10185185185185185,structurally_distant_under_this_fingerprint
CID100061799,monomethylfumarate,61799,NKHAVTQWNUWKEO-UHFFFAOYSA-N,,18,CHEMBL1232461,MOLIBRESIB,network_candidate,0.10144927536231885,structurally_distant_under_this_fingerprint
CID100062924,fluticasone,62924,MGNNYOODZCAHBA-AZYZPMHWSA-N,D07AC17; R01AD08; R03BA05,187,REF_DIDEMNIN_B,Didemnin B,reference_ligand,0.10126582278481013,structurally_distant_under_this_fingerprint
CID100001798,methazolamide,1798,FLOSMHQXBMRNHR-UHFFFAOYSA-O,S01EC05,49,CHEMBL3752910,CHEMBL3752910,network_candidate,0.10112359550561797,structurally_distant_under_this_fingerprint
CID100051634,miglustat,51634,UQRORFVVSGFNRO-UTINFBMNSA-N,A16AX06,72,REF_TERNATIN_4,Ternatin-4,reference_ligand,0.10112359550561797,structurally_distant_under_this_fingerprint
CID100004436,naphazoline,4436,CNIIGCLFLJGOGP-UHFFFAOYSA-N,R01AA08; R01AB02; S01GA01,26,CHEMBL3752910,CHEMBL3752910,network_candidate,0.10112359550561797,structurally_distant_under_this_fingerprint
CID111593706,sevelamer,11593706,PADGNZFOVSZIKZ-UHFFFAOYSA-N,,20,CHEMBL1802815,CHEMBL1802815,network_candidate,0.10112359550561797,structurally_distant_under_this_fingerprint
CID100005403,terbutaline,5403,XWTYSIMOBUGWOL-UHFFFAOYSA-N,R03AC03; R03CC03,28,CHEMBL1802815,CHEMBL1802815,network_candidate,0.10112359550561797,structurally_distant_under_this_fingerprint
CID100041774,acarbose,41774,XUFXOAAUWZOOIT-UGEKTDRHSA-N,A10BF01,40,CHEMBL1232461,MOLIBRESIB,network_candidate,0.10101010101010101,structurally_distant_under_this_fingerprint
CID100216326,lenalidomide,216326,GOTYRUGSSMKFNF-UHFFFAOYSA-N,L04AX04,462,REF_TERNATIN_4,Ternatin-4,reference_ligand,0.10101010101010101,structurally_distant_under_this_fingerprint
CID100009904,nandrolone,9904,NPAGDVCDWIYMMC-IZPLOLCNSA-N,A14AB01; S01XA11,25,CHEMBL1802973,CHEMBL1802973,network_candidate,0.10101010101010101,structurally_distant_under_this_fingerprint
CID100000303,bile,303,BHQCQFFYRZLCQQ-UHFFFAOYSA-N,A05AA03,16,CHEMBL1802973,CHEMBL1802973,network_candidate,0.10091743119266056,structurally_distant_under_this_fingerprint
CID100005454,thiothixene,5454,GFBKORZTTCHDGY-UHFFFAOYSA-N,N05AF04,73,REF_TERNATIN_4,Ternatin-4,reference_ligand,0.10091743119266056,structurally_distant_under_this_fingerprint
CID100005095,ropinirole,5095,UHSKFQJFRQCDBE-UHFFFAOYSA-N,N04BC04,607,REF_NANNOCYSTIN_A,Nannocystin A,reference_ligand,0.10084033613445378,structurally_distant_under_this_fingerprint
CID100040703,pinaverium,40703,IKGXLCMLVINENI-UHFFFAOYSA-M,A03AX04,12,REF_NANNOCYSTIN_A,Nannocystin A,reference_ligand,0.10071942446043165,structurally_distant_under_this_fingerprint
CID100065840,colestimide,65840,DEMLYXMVPJAVFU-UHFFFAOYSA-N,,64,CHEMBL1232461,MOLIBRESIB,network_candidate,0.1,structurally_distant_under_this_fingerprint
CID100040973,desogestrel,40973,RPLCPCMSCLEKRS-BPIQYHPVSA-N,G03AC09,44,REF_TERNATIN_4,Ternatin-4,reference_ligand,0.1,structurally_distant_under_this_fingerprint
CID100003724,iodixanol,3724,NBQNWMBBSKPBAY-UHFFFAOYSA-N,V08AB09,138,CHEMBL1802815,CHEMBL1802815,network_candidate,0.1,structurally_distant_under_this_fingerprint
CID100003730,iohexol,3730,NTHXOOBQLCIOLC-UHFFFAOYSA-N,V08AB02,91,CHEMBL1802815,CHEMBL1802815,network_candidate,0.1,structurally_distant_under_this_fingerprint
CID100003878,lamotrigine,3878,PYZRQGJRPPTADH-UHFFFAOYSA-N,N03AX09,338,CHEMBL1232461,MOLIBRESIB,network_candidate,0.1,structurally_distant_under_this_fingerprint
CID100004160,methyltestosterone,4160,GCKMFJBGXUYNAG-UHFFFAOYSA-N,G03BA02; G03EK01,25,REF_DIDEMNIN_B,Didemnin B,reference_ligand,0.1,structurally_distant_under_this_fingerprint
CID100004989,pyrantel,4989,YSAUAVHXTIETRK-UHFFFAOYSA-N,P02CC01,14,CHEMBL3752910,CHEMBL3752910,network_candidate,0.1,structurally_distant_under_this_fingerprint
CID100005161,salsalate,5161,WVYADZUPLLSGPU-UHFFFAOYSA-N,N02BA06,20,CHEMBL1802815,CHEMBL1802815,network_candidate,0.1,structurally_distant_under_this_fingerprint
CID100004745,pergolide,4745,YEHCICAEULNIGD-UHFFFAOYSA-N,N04BC02,316,REF_NANNOCYSTIN_A,Nannocystin A,reference_ligand,0.09923664122137404,structurally_distant_under_this_fingerprint
CID100040976,Implanon,40976,GCKFUYQCUCGESZ-KIIRVTSASA-N,G03AC08,125,CHEMBL1802973,CHEMBL1802973,network_candidate,0.0990990990990991,structurally_distant_under_this_fingerprint
CID100055466,Gd-DTPA,55466,LGMLJQFQKXPRGA-VPVMAENOSA-K,V08CA01,166,CHEMBL1802815,CHEMBL1802815,network_candidate,0.09900990099009901,structurally_distant_under_this_fingerprint
CID100003108,dipyridamole,3108,IZEKFCXSFNUWAM-UHFFFAOYSA-N,B01AC07,138,CHEMBL1802814,CHEMBL1802814,network_candidate,0.09900990099009901,structurally_distant_under_this_fingerprint
CID100003741,ioversol,3741,AMDBBAQNWSUWGN-UHFFFAOYSA-N,V08AB07,160,CHEMBL1802815,CHEMBL1802815,network_candidate,0.09900990099009901,structurally_distant_under_this_fingerprint
CID100003827,ketotifen,3827,ZCVMWBYGMWKGHF-UHFFFAOYSA-N,R06AX17; S01GX08,42,CHEMBL1802815,CHEMBL1802815,network_candidate,0.09900990099009901,structurally_distant_under_this_fingerprint
CID100005402,terbinafine,5402,DOMXUEMWDBAQBQ-UHFFFAOYSA-N,D01AE15; D01BA02,130,CHEMBL1802815,CHEMBL1802815,network_candidate,0.09900990099009901,structurally_distant_under_this_fingerprint
CID100107969,FTY720,107969,SWZTYAVBMYWFGS-UHFFFAOYSA-N,,83,CHEMBL1802973,CHEMBL1802973,network_candidate,0.0989010989010989,structurally_distant_under_this_fingerprint
CID100016230,amiloride,16230,ACHKKGDWZVCSNH-UHFFFAOYSA-N,C03DB01,79,CHEMBL1802815,CHEMBL1802815,network_candidate,0.0989010989010989,structurally_distant_under_this_fingerprint
CID106102852,gadobutrol,6102852,ZPDFIIGFYAHNSK-CTHHTMFSSA-K,V08CA09,42,REF_TERNATIN_4,Ternatin-4,reference_ligand,0.0989010989010989,structurally_distant_under_this_fingerprint
CID100122316,rasagiline,122316,RUOKEQAAGRXIBM-UHFFFAOYSA-N,N04BD02,264,CHEMBL1802973,CHEMBL1802973,network_candidate,0.0989010989010989,structurally_distant_under_this_fingerprint
CID100000401,D-cycloserine,401,DYDCUQKUCUHJBH-UHFFFAOYSA-N,J04AB01,23,REF_TERNATIN_4,Ternatin-4,reference_ligand,0.09876543209876543,structurally_distant_under_this_fingerprint
CID100000450,estradiol,450,VOXZDWNPVJITMN-UHFFFAOYSA-N,G03CA03; L02AA02,377,REF_NANNOCYSTIN_A,Nannocystin A,reference_ligand,0.09836065573770492,structurally_distant_under_this_fingerprint
CID100148211,palonosetron,148211,CPZBLNMUGSZIPR-DOTOQJQBSA-N,A04AA05,121,CHEMBL1802814,CHEMBL1802814,network_candidate,0.09821428571428571,structurally_distant_under_this_fingerprint
CID100004920,progesterone,4920,RJKFOVLPORLFTN-UHFFFAOYSA-N,G03DA04,273,CHEMBL1802814,CHEMBL1802814,network_candidate,0.09821428571428571,structurally_distant_under_this_fingerprint
CID100002265,azathioprine,2265,LMEKQMALGUDUQG-UHFFFAOYSA-N,L04AX01,92,CHEMBL1802973,CHEMBL1802973,network_candidate,0.09803921568627451,structurally_distant_under_this_fingerprint
CID100002441,bromazepam,2441,VMIYHDSEFNYJSL-UHFFFAOYSA-N,N05BA08,62,CHEMBL1802815,CHEMBL1802815,network_candidate,0.09803921568627451,structurally_distant_under_this_fingerprint
CID100002551,carbachol,2551,VPJXQGSRWJZDOB-UHFFFAOYSA-O,N07AB01; S01EB02,24,CHEMBL1802814,CHEMBL1802814,network_candidate,0.09782608695652174,structurally_distant_under_this_fingerprint
CID100003696,imipramine,3696,BCGWQEUPMDMJNV-UHFFFAOYSA-N,N06AA02,147,CHEMBL1802815,CHEMBL1802815,network_candidate,0.09782608695652174,structurally_distant_under_this_fingerprint
CID100004543,nortriptyline,4543,PHVGLTMQBUFIQQ-UHFFFAOYSA-N,N06AA10,129,CHEMBL1802815,CHEMBL1802815,network_candidate,0.09782608695652174,structurally_distant_under_this_fingerprint
CID100005526,tranexamic,5526,GYDJEQRTZSCIOI-UHFFFAOYSA-N,B02AA02,86,CHEMBL1802814,CHEMBL1802814,network_candidate,0.09782608695652174,structurally_distant_under_this_fingerprint
CID100002145,aminoglutethimide,2145,ROBVIMPUHSLWNV-UHFFFAOYSA-N,L02BG01,32,CHEMBL1802814,CHEMBL1802814,network_candidate,0.0970873786407767,structurally_distant_under_this_fingerprint
CID100002435,brimonidine,2435,XYLJNLCSTIOKRM-UHFFFAOYSA-N,S01EA05,139,CHEMBL5653589,CHEMBL5653589,network_candidate,0.0967741935483871,structurally_distant_under_this_fingerprint
CID100001993,methacholine,1993,NZWOPGCLSHLLPA-UHFFFAOYSA-N,,24,CHEMBL1802814,CHEMBL1802814,network_candidate,0.0967741935483871,structurally_distant_under_this_fingerprint
CID100005430,thiabendazole,5430,WJCNZQLZVWNLKY-UHFFFAOYSA-N,D01AC06; P02CA02,47,CHEMBL1802815,CHEMBL1802815,network_candidate,0.0967741935483871,structurally_distant_under_this_fingerprint
CID105251896,vildagliptin,5251896,SYOKIDBDQMKNDQ-UHFFFAOYSA-N,A10BH02,39,CHEMBL1802814,CHEMBL1802814,network_candidate,0.09649122807017543,structurally_distant_under_this_fingerprint
CID100003291,ethosuximide,3291,HAPOVYFOVVWLRS-UHFFFAOYSA-N,N03AD01,66,REF_TERNATIN_4,Ternatin-4,reference_ligand,0.0963855421686747,structurally_distant_under_this_fingerprint
CID100000738,glutamine,738,ZDXPYRJPNDTMRX-UHFFFAOYSA-N,A16AA03,65,CHEMBL1802815,CHEMBL1802815,network_candidate,0.0963855421686747,structurally_distant_under_this_fingerprint
CID100004601,orphenadrine,4601,QVYRGXJJSLMXQH-UHFFFAOYSA-N,M03BC01; N04AB02,25,CHEMBL1232461,MOLIBRESIB,network_candidate,0.0963855421686747,structurally_distant_under_this_fingerprint
CID100170361,varenicline,170361,JQSHBVHOMNKWFT-UHFFFAOYSA-N,N07BA03,279,CHEMBL5653589,CHEMBL5653589,network_candidate,0.0963855421686747,structurally_distant_under_this_fingerprint
CID100005665,vigabatrin,5665,PJDFLNIOAUIZSL-UHFFFAOYSA-N,N03AG04,211,REF_TERNATIN_4,Ternatin-4,reference_ligand,0.0963855421686747,structurally_distant_under_this_fingerprint
CID100003325,famotidine,3325,XUFQPHANEAPEMJ-UHFFFAOYSA-N,A02BA03,120,CHEMBL1802815,CHEMBL1802815,network_candidate,0.09615384615384616,structurally_distant_under_this_fingerprint
CID100004536,norethisterone,4536,VIKNJXKGJWUCNN-UHFFFAOYSA-N,G03AC01; G03DC02,94,CHEMBL1802973,CHEMBL1802973,network_candidate,0.09615384615384616,structurally_distant_under_this_fingerprint
CID100005576,trimethadione,5576,IRYJRGCIQBGHIV-UHFFFAOYSA-N,N03AC02,54,REF_NANNOCYSTIN_A,Nannocystin A,reference_ligand,0.09615384615384616,structurally_distant_under_this_fingerprint
CID170695640,colestyramine,70695640,KNDHRUPPBXRELB-UHFFFAOYSA-M,C10AC01,93,CHEMBL1802815,CHEMBL1802815,network_candidate,0.09574468085106383,structurally_distant_under_this_fingerprint
CID100004739,pentostatin,4739,FPVKHBSQESCIEP-UHFFFAOYSA-N,L01XX08,164,CHEMBL1232461,MOLIBRESIB,network_candidate,0.09574468085106383,structurally_distant_under_this_fingerprint
CID100071436,Lutalyse,71436,IYGXEHDCSOYNKY-NULUWHCBSA-N,,65,REF_TERNATIN_4,Ternatin-4,reference_ligand,0.09565217391304348,structurally_distant_under_this_fingerprint
CID100002519,caffeine,2519,RYYVLZVUVIJVGH-UHFFFAOYSA-N,N06BC01,51,CHEMBL3752910,CHEMBL3752910,network_candidate,0.09523809523809523,structurally_distant_under_this_fingerprint
CID100003241,epinastine,3241,WHWZLSFABNNENI-UHFFFAOYSA-N,R06AX24; S01GX10,12,CHEMBL1232461,MOLIBRESIB,network_candidate,0.09523809523809523,structurally_distant_under_this_fingerprint
CID100003446,gabapentin,3446,UGJMXCAKCUNAIE-UHFFFAOYSA-N,N03AX12,465,CHEMBL1802973,CHEMBL1802973,network_candidate,0.09523809523809523,structurally_distant_under_this_fingerprint
CID100003743,ioxilan,3743,UUMLTINZBQPNGF-UHFFFAOYSA-N,V08AB12,57,CHEMBL1802815,CHEMBL1802815,network_candidate,0.09523809523809523,structurally_distant_under_this_fingerprint
CID100004184,mianserin,4184,UEQUQVLFIPOEMF-UHFFFAOYSA-N,N06AX03,68,CHEMBL1232461,MOLIBRESIB,network_candidate,0.09523809523809523,structurally_distant_under_this_fingerprint
CID125880656,doxycycline,25880656,UEVKMCOZLJYVNG-NLJUDYQYSA-M,A01AB22; J01AA02,150,CHEMBL1802973,CHEMBL1802973,network_candidate,0.09482758620689655,structurally_distant_under_this_fingerprint
CID100119182,clofarabine,119182,WDDPHFBMKLOVOX-AYQXTPAHSA-N,L01BB06,167,CHEMBL1232461,MOLIBRESIB,network_candidate,0.09473684210526316,structurally_distant_under_this_fingerprint
CID100003830,cytokinin,3830,QANMHLXAZMSUEX-UHFFFAOYSA-N,B06AA03,19,CHEMBL5653589,CHEMBL5653589,network_candidate,0.09473684210526316,structurally_distant_under_this_fingerprint
CID100004011,maprotiline,4011,QSLMDECMDJKHMQ-UHFFFAOYSA-N,N06AA21,148,CHEMBL1802973,CHEMBL1802973,network_candidate,0.09473684210526316,structurally_distant_under_this_fingerprint
CID100004064,meprobamate,4064,NPPQSCRMBWNHMW-UHFFFAOYSA-N,N05BC01,51,CHEMBL1802814,CHEMBL1802814,network_candidate,0.09473684210526316,structurally_distant_under_this_fingerprint
CID100005002,quetiapine,5002,URKOMYMAXPYINW-UHFFFAOYSA-N,N05AH04,378,CHEMBL1232461,MOLIBRESIB,network_candidate,0.09473684210526316,structurally_distant_under_this_fingerprint
CID100071158,acamprosate,71158,AFCGFAGUEYAMAO-UHFFFAOYSA-N,N07BB03,209,CHEMBL1232461,MOLIBRESIB,network_candidate,0.0945945945945946,structurally_distant_under_this_fingerprint
CID100000681,dopamine,681,VYFYYTLLBUKUHU-UHFFFAOYSA-N,C01CA04,21,CHEMBL1802815,CHEMBL1802815,network_candidate,0.09411764705882353,structurally_distant_under_this_fingerprint
CID105488383,ofatumumab,5488383,CAKJTDWTGCLYDZ-NBYYMMLRSA-N,L01XC10,87,CHEMBL1802814,CHEMBL1802814,network_candidate,0.09401709401709402,structurally_distant_under_this_fingerprint
CID100005297,streptomycin,5297,UCSJYZPVAKXKNQ-UHFFFAOYSA-N,A07AA04; J01GA01,25,CHEMBL1802814,CHEMBL1802814,network_candidate,0.09375,structurally_distant_under_this_fingerprint
CID100123611,fondaparinux,123611,XEKSTYNIJLDDAZ-KUCIAVDMSA-D,B01AX05,103,REF_DIDEMNIN_B,Didemnin B,reference_ligand,0.0935672514619883,structurally_distant_under_this_fingerprint
CID100027400,pizotifen,27400,FIADGNVRKBPQEU-UHFFFAOYSA-N,N02CX01,19,REF_NANNOCYSTIN_A,Nannocystin A,reference_ligand,0.09322033898305085,structurally_distant_under_this_fingerprint
CID100060172,adefovir,60172,SUPKOOSCJHTBAH-UHFFFAOYSA-N,,32,CHEMBL3752910,CHEMBL3752910,network_candidate,0.09278350515463918,structurally_distant_under_this_fingerprint
CID100062358,ammonium,62358,RZOBLYBZQXQGFY-UHFFFAOYSA-N,,5,CHEMBL1802973,CHEMBL1802973,network_candidate,0.09210526315789473,structurally_distant_under_this_fingerprint
CID100002431,bretylium,2431,AAQOQKQBGPPFNS-UHFFFAOYSA-N,C01BD02,33,CHEMBL1232461,MOLIBRESIB,network_candidate,0.09210526315789473,structurally_distant_under_this_fingerprint
CID100003209,eicosapentaenoic,3209,JAZBEHYOTPTENJ-UHFFFAOYSA-N,,3,CHEMBL1232461,MOLIBRESIB,network_candidate,0.09210526315789473,structurally_distant_under_this_fingerprint
CID100000612,lactate,612,JVTAAEKCZFNVCJ-UHFFFAOYSA-N,G01AD01,11,CHEMBL1802815,CHEMBL1802815,network_candidate,0.09210526315789473,structurally_distant_under_this_fingerprint
CID100001054,pyridoxine,1054,LXNHXLLTXMVWPM-UHFFFAOYSA-N,A11HA02,5,CHEMBL1232461,MOLIBRESIB,network_candidate,0.09210526315789473,structurally_distant_under_this_fingerprint
CID100002973,deferoxamine,2973,UBQYURCVBFRUQT-UHFFFAOYSA-N,V03AC01,100,CHEMBL1232461,MOLIBRESIB,network_candidate,0.09195402298850575,structurally_distant_under_this_fingerprint
CID100001130,thiamine,1130,JZRWCGZRTZMZEH-UHFFFAOYSA-N,A11DA01,18,CHEMBL3752910,CHEMBL3752910,network_candidate,0.09183673469387756,structurally_distant_under_this_fingerprint
CID100441332,carboprost,441332,DLJKPYFALUEJCK-YRIDSSQKSA-N,G02AD04,70,REF_TERNATIN_4,Ternatin-4,reference_ligand,0.09174311926605505,structurally_distant_under_this_fingerprint
CID100005408,testosterone,5408,MUMGGOZAMZWBJJ-UHFFFAOYSA-N,G03BA03,359,REF_DIDEMNIN_B,Didemnin B,reference_ligand,0.09154929577464789,structurally_distant_under_this_fingerprint
CID100002578,BCNU,2578,DLGOEMSEDOSKAD-UHFFFAOYSA-N,L01AD01,163,CHEMBL1232461,MOLIBRESIB,network_candidate,0.09090909090909091,structurally_distant_under_this_fingerprint
CID100000232,arginine,232,ODKSFYDXXFIFQN-UHFFFAOYSA-N,B05XB01,30,CHEMBL1802815,CHEMBL1802815,network_candidate,0.09090909090909091,structurally_distant_under_this_fingerprint
CID100003737,sodium,3737,UXIGWFXRQKWHHA-UHFFFAOYSA-N,V08AA04,70,CHEMBL3752910,CHEMBL3752910,network_candidate,0.09090909090909091,structurally_distant_under_this_fingerprint
CID100003742,ioxaglate,3742,TYYBFXNZMFNZJT-UHFFFAOYSA-N,V08AB03,92,CHEMBL1232461,MOLIBRESIB,network_candidate,0.09,structurally_distant_under_this_fingerprint
CID100054331,fosfomycin,54331,QZJIMDIBFFHQDW-LMLSDSMGSA-N,,60,CHEMBL1802973,CHEMBL1802973,network_candidate,0.0898876404494382,structurally_distant_under_this_fingerprint
CID100005214,silver,5214,GOYDASFKHSBSBH-UHFFFAOYSA-P,D06BA01,25,CHEMBL3752910,CHEMBL3752910,network_candidate,0.0898876404494382,structurally_distant_under_this_fingerprint
CID104474778,2-hydroxysuccinaldehyde,4474778,VTERBIYJBWDXDT-UHFFFAOYSA-N,B03XA01,49,REF_TERNATIN_4,Ternatin-4,reference_ligand,0.08974358974358974,structurally_distant_under_this_fingerprint
CID100060754,gadodiamide,60754,XPCLDSMKWNNKOM-UHFFFAOYSA-K,V08CA03,87,CHEMBL1232461,MOLIBRESIB,network_candidate,0.08974358974358974,structurally_distant_under_this_fingerprint
CID100065014,AMD3100,65014,UEUPDYPUTTUXLJ-UHFFFAOYSA-N,L03AX16,57,REF_NANNOCYSTIN_A,Nannocystin A,reference_ligand,0.08928571428571429,structurally_distant_under_this_fingerprint
CID100002477,buspirone,2477,QWCRAEMEVRGPNT-UHFFFAOYSA-N,N05BE01,159,REF_TERNATIN_4,Ternatin-4,reference_ligand,0.0891089108910891,structurally_distant_under_this_fingerprint
CID100004976,protriptyline,4976,BWPIARFWQZKAIA-UHFFFAOYSA-N,N06AA11,89,CHEMBL1802973,CHEMBL1802973,network_candidate,0.08888888888888889,structurally_distant_under_this_fingerprint
CID100000772,LMWH,772,HTTJABKRGRZYRN-UHFFFAOYSA-N,B01AB05,65,REF_PLITIDEPSIN,Plitidepsin,reference_ligand,0.08875739644970414,structurally_distant_under_this_fingerprint
CID100005514,topiramate,5514,KJADKKWYZYXHBB-UHFFFAOYSA-N,N03AX11,478,REF_NANNOCYSTIN_A,Nannocystin A,reference_ligand,0.08870967741935484,structurally_distant_under_this_fingerprint
CID100002955,dapsone,2955,MQJKPEGWNLWLTK-UHFFFAOYSA-N,D10AX05; J04BA02,46,CHEMBL1802973,CHEMBL1802973,network_candidate,0.08860759493670886,structurally_distant_under_this_fingerprint
CID100004678,dexpanthenol,4678,SNPLKNRPJHDVJA-UHFFFAOYSA-N,A11HA30; D03AX03; S01XA12,11,CHEMBL1232461,MOLIBRESIB,network_candidate,0.08860759493670886,structurally_distant_under_this_fingerprint
CID100003367,fludarabine,3367,HBUBKKRHXORPQB-UHFFFAOYSA-N,L01BB05,154,CHEMBL1802814,CHEMBL1802814,network_candidate,0.08849557522123894,structurally_distant_under_this_fingerprint
CID100005407,testolactone,5407,BPEWUONYVDABNZ-UHFFFAOYSA-N,,14,CHEMBL1802973,CHEMBL1802973,network_candidate,0.08823529411764706,structurally_distant_under_this_fingerprint
CID100002913,cyproheptadine,2913,JJCFRYNCJDLXIK-UHFFFAOYSA-N,R06AX02,61,CHEMBL1802815,CHEMBL1802815,network_candidate,0.08791208791208792,structurally_distant_under_this_fingerprint
CID100004638,oxymetholone,4638,ICMWWNHDUZJFDW-UHFFFAOYSA-N,A14AA05,32,REF_TERNATIN_4,Ternatin-4,reference_ligand,0.08737864077669903,structurally_distant_under_this_fingerprint
CID100005636,unoprostone,5636,TVHAZVBUYQMHBC-UHFFFAOYSA-N,S01EE02,47,REF_TERNATIN_4,Ternatin-4,reference_ligand,0.08737864077669903,structurally_distant_under_this_fingerprint
CID124846132,hetastarch,24846132,CWSZBVAUYPTXTG-UHFFFAOYSA-N,,48,REF_DIDEMNIN_B,Didemnin B,reference_ligand,0.087248322147651,structurally_distant_under_this_fingerprint
CID100003406,4-methylpyrazole,3406,RIKMMFOAQPJVMX-UHFFFAOYSA-N,V03AB34,43,CHEMBL1232461,MOLIBRESIB,network_candidate,0.08695652173913043,structurally_distant_under_this_fingerprint
CID100003121,valproate,3121,NIJJYAXOARWZEE-UHFFFAOYSA-N,N03AG01,290,CHEMBL1232461,MOLIBRESIB,network_candidate,0.08695652173913043,structurally_distant_under_this_fingerprint
CID106433082,hexaminolevulinate,6433082,LZYXPFZBAZTOCH-UHFFFAOYSA-N,,10,CHEMBL1232461,MOLIBRESIB,network_candidate,0.08641975308641975,structurally_distant_under_this_fingerprint
CID156842239,n-3,56842239,QPEOIOLHJXXJFN-GNGJDXFDSA-N,,14,CHEMBL1232461,MOLIBRESIB,network_candidate,0.08641975308641975,structurally_distant_under_this_fingerprint
CID100037720,pentosan,37720,FCCNSUIJIOOXEZ-SJYYZXOBSA-N,C05BA04,80,REF_DIDEMNIN_B,Didemnin B,reference_ligand,0.08633093525179857,structurally_distant_under_this_fingerprint
CID100002160,amitriptyline,2160,KRMDCWKBEZIMAB-UHFFFAOYSA-N,N06AA09,114,CHEMBL1802815,CHEMBL1802815,network_candidate,0.08602150537634409,structurally_distant_under_this_fingerprint
CID100002216,apraclonidine,2216,IEJXVRYNEISIKR-UHFFFAOYSA-N,S01EA03,101,CHEMBL1232461,MOLIBRESIB,network_candidate,0.08536585365853659,structurally_distant_under_this_fingerprint
CID100004510,nitroglycerin,4510,SNIOPGDIGTZGOP-UHFFFAOYSA-N,C01DA02; C05AE01,93,CHEMBL1802973,CHEMBL1802973,network_candidate,0.08536585365853659,structurally_distant_under_this_fingerprint
CID100004727,D-penicillamine,4727,VVNCNSJFMMFHPL-UHFFFAOYSA-N,M01CC01,104,CHEMBL1802815,CHEMBL1802815,network_candidate,0.08433734939759036,structurally_distant_under_this_fingerprint
CID100002140,diatrizoate,2140,YVPYQUNUQOZFHG-UHFFFAOYSA-N,V08AA01,116,CHEMBL3752910,CHEMBL3752910,network_candidate,0.08433734939759036,structurally_distant_under_this_fingerprint
CID100003998,mafenide,3998,TYMRLRRVMHJFTF-UHFFFAOYSA-N,D06BA03,28,CHEMBL1802973,CHEMBL1802973,network_candidate,0.08433734939759036,structurally_distant_under_this_fingerprint
CID100003639,hydrochlorothiazide,3639,JZUFKLXOESDKRF-UHFFFAOYSA-N,C03AA03,143,REF_NANNOCYSTIN_A,Nannocystin A,reference_ligand,0.08403361344537816,structurally_distant_under_this_fingerprint
CID100000187,acetylcholine,187,OIPILFWXSMYKGL-UHFFFAOYSA-N,S01EB09,8,CHEMBL1232461,MOLIBRESIB,network_candidate,0.08333333333333333,structurally_distant_under_this_fingerprint
CID100000085,carnitine,85,PHIQHXFUZVPYII-UHFFFAOYSA-O,A16AA01,71,CHEMBL1802815,CHEMBL1802815,network_candidate,0.08333333333333333,structurally_distant_under_this_fingerprint
CID100004673,pamidronate,4673,CEYUIFJWVHOCPP-UHFFFAOYSA-L,M05BA03,168,CHEMBL1802973,CHEMBL1802973,network_candidate,0.08333333333333333,structurally_distant_under_this_fingerprint
CID100005314,succinylcholine,5314,AXOIZCJOOAYSMI-UHFFFAOYSA-N,M03AB01,42,CHEMBL1232461,MOLIBRESIB,network_candidate,0.08333333333333333,structurally_distant_under_this_fingerprint
CID100667490,6-mercaptopurine,667490,GLVAUDGFNGKCSF-UHFFFAOYSA-N,L01BB02,48,CHEMBL1232461,MOLIBRESIB,network_candidate,0.0821917808219178,structurally_distant_under_this_fingerprint
CID111235728,Saxagliptin,11235728,KVBUVKKLNZGQEE-ZBMKVBKGSA-N,A10BH03,54,REF_NANNOCYSTIN_A,Nannocystin A,reference_ligand,0.08208955223880597,structurally_distant_under_this_fingerprint
CID100006468,phencyclidine,6468,JTJMJGYZQZDUJJ-UHFFFAOYSA-N,,35,REF_NANNOCYSTIN_A,Nannocystin A,reference_ligand,0.08181818181818182,structurally_distant_under_this_fingerprint
CID100002720,thiazide,2720,JBMKAUGHUNFTOL-UHFFFAOYSA-N,C03AA04,56,CHEMBL1802815,CHEMBL1802815,network_candidate,0.08163265306122448,structurally_distant_under_this_fingerprint
CID111499245,AN2690,11499245,LFQDNHWZDQTITF-UHFFFAOYSA-N,,5,CHEMBL3752910,CHEMBL3752910,network_candidate,0.08139534883720931,structurally_distant_under_this_fingerprint
CID100024748,glucose,24748,VJHCJDRQFCCTHL-UHFFFAOYSA-N,,25,REF_TERNATIN_4,Ternatin-4,reference_ligand,0.08139534883720931,structurally_distant_under_this_fingerprint
CID100168625,poly(styrene,168625,VMSBGXAJJLPWKV-UHFFFAOYSA-N,V03AE01,23,REF_TERNATIN_4,Ternatin-4,reference_ligand,0.08139534883720931,structurally_distant_under_this_fingerprint
CID100004675,pancuronium,4675,GVEAYVLWDAFXET-UHFFFAOYSA-N,M03AC01,18,CHEMBL1802814,CHEMBL1802814,network_candidate,0.08130081300813008,structurally_distant_under_this_fingerprint
CID100001727,4-AP,1727,NUKYPUAOHBNCPY-UHFFFAOYSA-N,,40,CHEMBL3752910,CHEMBL3752910,network_candidate,0.08108108108108109,structurally_distant_under_this_fingerprint
CID100000191,adenosine,191,OIRDTQYFTABQOQ-UHFFFAOYSA-N,C01EB10; J05AB03; S01AD06,92,CHEMBL1802814,CHEMBL1802814,network_candidate,0.08108108108108109,structurally_distant_under_this_fingerprint
CID100003657,hydroxyurea,3657,VSNHCAURESNICA-UHFFFAOYSA-N,L01XX05,105,CHEMBL1802973,CHEMBL1802973,network_candidate,0.08108108108108109,structurally_distant_under_this_fingerprint
CID100005248,sodium,5248,URLJMZWTXZTZRR-UHFFFAOYSA-N,,14,CHEMBL1232461,MOLIBRESIB,network_candidate,0.08108108108108109,structurally_distant_under_this_fingerprint
CID100003158,doxepin,3158,ODQWQRRAPPTVAG-UHFFFAOYSA-N,N06AA12,242,CHEMBL1802815,CHEMBL1802815,network_candidate,0.08080808080808081,structurally_distant_under_this_fingerprint
CID100051577,miglitol,51577,IBAQFPQHRJAVAV-UHFFFAOYSA-N,A10BF02,21,REF_TERNATIN_4,Ternatin-4,reference_ligand,0.08045977011494253,structurally_distant_under_this_fingerprint
CID100003155,dothiepin,3155,PHTUQLWOUWZIMZ-UHFFFAOYSA-N,N06AA16,83,CHEMBL1802815,CHEMBL1802815,network_candidate,0.08,structurally_distant_under_this_fingerprint
CID100004139,methylene,4139,RBTBFTRPCNLSDE-UHFFFAOYSA-N,V03AB17; V04CG05,58,CHEMBL1802815,CHEMBL1802815,network_candidate,0.08,structurally_distant_under_this_fingerprint
CID100003038,dichlorphenamide,3038,GJQPMPFPNINLKP-UHFFFAOYSA-N,S01EC02,39,CHEMBL1802815,CHEMBL1802815,network_candidate,0.07954545454545454,structurally_distant_under_this_fingerprint
CID109812414,dalteparin,9812414,OHJKXVLJWUPWQG-PNRHKHKDSA-N,B01AB04; B01AB06; B01AB07; B01AB08; B01AB10; B01AB12,166,CHEMBL1232461,MOLIBRESIB,network_candidate,0.07920792079207921,structurally_distant_under_this_fingerprint
CID100005538,retinoic,5538,SHGAZHPCJJPHSC-UHFFFAOYSA-N,D10AD01; D10AD04; D10BA01; D11AX19; L01XX14; L01XX22,382,REF_TERNATIN_4,Ternatin-4,reference_ligand,0.07920792079207921,structurally_distant_under_this_fingerprint
CID100001071,retinol,1071,FPIPGXGPPPQFEQ-UHFFFAOYSA-N,A11CA01; D10AD02; R01AX02; S01XA02,2,REF_TERNATIN_4,Ternatin-4,reference_ligand,0.07920792079207921,structurally_distant_under_this_fingerprint
CID100060198,exemestane,60198,BFYIZQONLCFLEV-DAELLWKTSA-N,L02BG06,114,CHEMBL1802814,CHEMBL1802814,network_candidate,0.07894736842105263,structurally_distant_under_this_fingerprint
CID100000750,glycine,750,DHMQDGOQFOQNFH-UHFFFAOYSA-N,B05CX03,37,CHEMBL1802815,CHEMBL1802815,network_candidate,0.07894736842105263,structurally_distant_under_this_fingerprint
CID100003009,DFMO,3009,VLCYCQAOQCDTCN-UHFFFAOYSA-N,D11AX16; P01CX03,49,CHEMBL1802815,CHEMBL1802815,network_candidate,0.07865168539325842,structurally_distant_under_this_fingerprint
CID100003902,letrozole,3902,HPJKCIUCZWXJDR-UHFFFAOYSA-N,L02BG04,154,CHEMBL3752910,CHEMBL3752910,network_candidate,0.07865168539325842,structurally_distant_under_this_fingerprint
CID100005487,tizanidine,5487,XFYDIVBRZNQMJC-UHFFFAOYSA-N,M03BX02,216,CHEMBL1232461,MOLIBRESIB,network_candidate,0.07865168539325842,structurally_distant_under_this_fingerprint
CID100001990,acetohydroxamic,1990,RRUDCFGSUDOHDG-UHFFFAOYSA-N,G04BX03,33,CHEMBL1232461,MOLIBRESIB,network_candidate,0.078125,structurally_distant_under_this_fingerprint
CID100002684,cevimeline,2684,WUTYZMFRCNBCHQ-UHFFFAOYSA-N,N07AX03,396,REF_TERNATIN_4,Ternatin-4,reference_ligand,0.07777777777777778,structurally_distant_under_this_fingerprint
CID100002907,cyclophosphamide,2907,CMSMOCZEIVJLDB-UHFFFAOYSA-N,L01AA01,281,REF_TERNATIN_4,Ternatin-4,reference_ligand,0.07777777777777778,structurally_distant_under_this_fingerprint
CID100003690,ifosfamide,3690,HOMGKSMUEGBAAB-UHFFFAOYSA-N,L01AA06,291,CHEMBL1802814,CHEMBL1802814,network_candidate,0.07766990291262135,structurally_distant_under_this_fingerprint
CID100000247,betaine,247,KWIUHFFTVRNATP-UHFFFAOYSA-N,A09AB02; A16AA06,28,CHEMBL1802973,CHEMBL1802973,network_candidate,0.0759493670886076,structurally_distant_under_this_fingerprint
CID100003053,diethylenetriaminepentaacetic,3053,QPCDCPDFJACHGM-UHFFFAOYSA-N,,12,REF_TERNATIN_4,Ternatin-4,reference_ligand,0.0759493670886076,structurally_distant_under_this_fingerprint
CID100002771,citalopram,2771,WSEQXVZVJXJVFP-UHFFFAOYSA-N,N06AB04; N06AB10,722,CHEMBL3752910,CHEMBL3752910,network_candidate,0.07547169811320754,structurally_distant_under_this_fingerprint
CID100005419,tetrahydrozoline,5419,BYJAVTDNIXVSPW-UHFFFAOYSA-N,R01AA06; R01AB03; S01GA02,13,CHEMBL1802814,CHEMBL1802814,network_candidate,0.07547169811320754,structurally_distant_under_this_fingerprint
CID100002895,cyclobenzaprine,2895,JURKNVYFZMSNLP-UHFFFAOYSA-N,M03BX08,129,CHEMBL1802815,CHEMBL1802815,network_candidate,0.07526881720430108,structurally_distant_under_this_fingerprint
CID106328526,AC1O3HA7,6328526,KPQJSIJSVGOGKZ-UHFFFAOYSA-N,,3,REF_TERNATIN_4,Ternatin-4,reference_ligand,0.075,structurally_distant_under_this_fingerprint
CID100006049,EDTA,6049,KCXVZYZYPLLWCC-UHFFFAOYSA-N,V03AB03,47,CHEMBL1802815,CHEMBL1802815,network_candidate,0.075,structurally_distant_under_this_fingerprint
CID100003417,fosfomycin,3417,YMDXZJFXQJVXBF-UHFFFAOYSA-N,J01XX01,60,CHEMBL1802973,CHEMBL1802973,network_candidate,0.075,structurally_distant_under_this_fingerprint
CID100060852,ibandronate,60852,MPBVHIBUJCELCL-UHFFFAOYSA-N,M05BA06,180,REF_DIDEMNIN_B,Didemnin B,reference_ligand,0.07462686567164178,structurally_distant_under_this_fingerprint
CID100000311,citric,311,KRKNYBCHXYNGOX-UHFFFAOYSA-N,A09AB04,24,CHEMBL1802815,CHEMBL1802815,network_candidate,0.07407407407407407,structurally_distant_under_this_fingerprint
CID100160051,colesevelam,160051,VTAKZNRDSPNOAU-UHFFFAOYSA-M,C10AC04,54,REF_TERNATIN_4,Ternatin-4,reference_ligand,0.07407407407407407,structurally_distant_under_this_fingerprint
CID100003279,ethambutol,3279,AEUTYOVWOVBAKS-UHFFFAOYSA-N,J04AK02,58,REF_TERNATIN_4,Ternatin-4,reference_ligand,0.07407407407407407,structurally_distant_under_this_fingerprint
CID100000119,gamma-aminobutyric,119,BTCSSZJGUNDROE-UHFFFAOYSA-N,L03AA03; N03AG03,5,CHEMBL1802815,CHEMBL1802815,network_candidate,0.07407407407407407,structurally_distant_under_this_fingerprint
CID100005333,sulfonamide,5333,FDDDEECHVMSUSB-UHFFFAOYSA-N,D06BA05; J01EB06,2,CHEMBL1802973,CHEMBL1802973,network_candidate,0.07407407407407407,structurally_distant_under_this_fingerprint
CID100002949,danazol,2949,POZRVZJJTULAOH-UHFFFAOYSA-N,G03XA01,98,REF_NANNOCYSTIN_A,Nannocystin A,reference_ligand,0.07352941176470588,structurally_distant_under_this_fingerprint
CID100000137,5-aminolevulinic,137,ZGXJTSGNIOSYLO-UHFFFAOYSA-N,L01XD04,81,CHEMBL1802815,CHEMBL1802815,network_candidate,0.07317073170731707,structurally_distant_under_this_fingerprint
CID101349907,methimazole,1349907,PMRYVIKBURPHAH-UHFFFAOYSA-N,H03BB02,32,REF_TERNATIN_4,Ternatin-4,reference_ligand,0.07317073170731707,structurally_distant_under_this_fingerprint
CID100005071,rimantadine,5071,UBCHPRBFMUDMNC-UHFFFAOYSA-N,J05AC02,61,CHEMBL1802973,CHEMBL1802973,network_candidate,0.07317073170731707,structurally_distant_under_this_fingerprint
CID106918584,sugammadex,6918584,KMGKABOMYQLLDJ-VKHHSAQNSA-F,V03AB35,58,CHEMBL1802973,CHEMBL1802973,network_candidate,0.07291666666666667,structurally_distant_under_this_fingerprint
CID100102399,dextran,102399,FZWBNHMXJMCXLU-PPSBPDGWSA-N,B05AA05,13,REF_DIDEMNIN_B,Didemnin B,reference_ligand,0.07236842105263158,structurally_distant_under_this_fingerprint
CID100003366,5-fluorocytosine,3366,XRECTZIEBJDKEO-UHFFFAOYSA-N,D01AE21; J02AX01,60,CHEMBL3752910,CHEMBL3752910,network_candidate,0.07228915662650602,structurally_distant_under_this_fingerprint
CID100000564,EACA,564,SLXKOJJOQWFEFD-UHFFFAOYSA-N,B02AA01,53,CHEMBL1802815,CHEMBL1802815,network_candidate,0.07228915662650602,structurally_distant_under_this_fingerprint
CID100022318,gold,22318,VXIHRIQNJCRFQX-UHFFFAOYSA-K,M01CB01,69,CHEMBL1802973,CHEMBL1802973,network_candidate,0.07228915662650602,structurally_distant_under_this_fingerprint
CID100000815,kanamycin,815,SBUJHOSQTJFQJX-UHFFFAOYSA-N,A07AA08; J01GB04; S01AA24,24,CHEMBL1802814,CHEMBL1802814,network_candidate,0.07142857142857142,structurally_distant_under_this_fingerprint
CID100003872,lactulose,3872,JCQLYHFGKNRPGE-UHFFFAOYSA-N,A06AD11,15,REF_DIDEMNIN_B,Didemnin B,reference_ligand,0.07142857142857142,structurally_distant_under_this_fingerprint
CID105327147,polyoxyethylene,5327147,ISGUIIHZEJGUGQ-UHFFFAOYSA-N,,25,CHEMBL1232461,MOLIBRESIB,network_candidate,0.07142857142857142,structurally_distant_under_this_fingerprint
CID105353894,pralidoxime,5353894,JBKPUQTUERUYQE-VOTSOKGWSA-O,V03AB04,15,CHEMBL3752910,CHEMBL3752910,network_candidate,0.07058823529411765,structurally_distant_under_this_fingerprint
CID103085017,sevelamer,3085017,ZNSIZMQNQCNRBW-UHFFFAOYSA-N,V03AE02,27,REF_TERNATIN_4,Ternatin-4,reference_ligand,0.07058823529411765,structurally_distant_under_this_fingerprint
CID100004454,neomycin,4454,PGBHMTALBVVCIT-UHFFFAOYSA-N,A01AB08; A07AA01; B05CA09; D06AX04; D09AA01; J01GB05; R01AX08; R02AB01; S01AA03; S01AA07; S02AA07; S03AA01,21,CHEMBL1802814,CHEMBL1802814,network_candidate,0.07017543859649122,structurally_distant_under_this_fingerprint
CID100005496,tobramycin,5496,NLVFBUXFDBBNBW-UHFFFAOYSA-N,J01GB01; S01AA12,158,CHEMBL1802814,CHEMBL1802814,network_candidate,0.07017543859649122,structurally_distant_under_this_fingerprint
CID100159247,sevelamer,159247,KHNXRSIBRKBJDI-UHFFFAOYSA-N,,48,REF_TERNATIN_4,Ternatin-4,reference_ligand,0.06976744186046512,structurally_distant_under_this_fingerprint
CID100004689,paromomycin,4689,UOZODPSAJZTQNH-UHFFFAOYSA-N,A07AA06,3,CHEMBL1802814,CHEMBL1802814,network_candidate,0.06956521739130435,structurally_distant_under_this_fingerprint
CID100083030,Ge-132,83030,XEABSBMNTNXEJM-UHFFFAOYSA-N,L04AA02,186,CHEMBL1232461,MOLIBRESIB,network_candidate,0.06944444444444445,structurally_distant_under_this_fingerprint
CID102723601,6-thioguanine,2723601,WYWHKKSPHMUBEB-UHFFFAOYSA-N,L01BB03,26,CHEMBL3752910,CHEMBL3752910,network_candidate,0.06896551724137931,structurally_distant_under_this_fingerprint
CID100062816,colestipol,62816,GMRWGQCZJGVHKL-UHFFFAOYSA-N,C10AC02,42,CHEMBL1802973,CHEMBL1802973,network_candidate,0.06896551724137931,structurally_distant_under_this_fingerprint
CID124838347,glucagon,24838347,XDMAFFVEKKFBHG-UZKLXKKNSA-N,,7,CHEMBL1802973,CHEMBL1802973,network_candidate,0.06896551724137931,structurally_distant_under_this_fingerprint
CID111254352,sodium,11254352,PKNUOQOQWGOWBO-ZBHRUSISSA-N,,100,CHEMBL1802815,CHEMBL1802815,network_candidate,0.06896551724137931,structurally_distant_under_this_fingerprint
CID100000175,acetate,175,QTBSBXVTEAMEQO-UHFFFAOYSA-M,G01AD02; S02AA10,4,CHEMBL1802973,CHEMBL1802973,network_candidate,0.0684931506849315,structurally_distant_under_this_fingerprint
CID100006116,calcium,6116,VSGNNIFQASZAOI-UHFFFAOYSA-L,,14,CHEMBL1802973,CHEMBL1802973,network_candidate,0.06756756756756757,structurally_distant_under_this_fingerprint
CID100517045,sodium,517045,VMHLLURERBWHNL-UHFFFAOYSA-M,B05XA08,32,CHEMBL1802973,CHEMBL1802973,network_candidate,0.06756756756756757,structurally_distant_under_this_fingerprint
CID100002141,amifostine,2141,JKOQGQFVAUAYPM-UHFFFAOYSA-N,V03AF05,55,CHEMBL1802973,CHEMBL1802973,network_candidate,0.06741573033707865,structurally_distant_under_this_fingerprint
CID106918182,strontium,6918182,XXUZFRDUEGQHOV-UHFFFAOYSA-J,M05BX03,67,CHEMBL1232461,MOLIBRESIB,network_candidate,0.06741573033707865,structurally_distant_under_this_fingerprint
CID100003305,etidronate,3305,DBVJJBKOTRCVKF-UHFFFAOYSA-N,M05BA01,58,CHEMBL3752910,CHEMBL3752910,network_candidate,0.06666666666666667,structurally_distant_under_this_fingerprint
CID100003414,foscarnet,3414,ZJAOAACCNHFJAH-UHFFFAOYSA-K,J05AD01,161,CHEMBL1802973,CHEMBL1802973,network_candidate,0.06578947368421052,structurally_distant_under_this_fingerprint
CID100004032,mecamylamine,4032,IMYZQPCYWPFTAG-UHFFFAOYSA-N,C02BB01,26,REF_NANNOCYSTIN_A,Nannocystin A,reference_ligand,0.06542056074766354,structurally_distant_under_this_fingerprint
CID100002094,allopurinol,2094,OFCNXPDARWKPPY-UHFFFAOYSA-N,M04AA01,224,CHEMBL1232461,MOLIBRESIB,network_candidate,0.06493506493506493,structurally_distant_under_this_fingerprint
CID100009354,dimercaptosuccinic,9354,ACTRVOBWPAIOHC-UHFFFAOYSA-N,,44,CHEMBL1802815,CHEMBL1802815,network_candidate,0.0641025641025641,structurally_distant_under_this_fingerprint
CID100000785,quinol,785,QIGBRXMKCJKVMJ-UHFFFAOYSA-N,D11AX11,5,CHEMBL1232461,MOLIBRESIB,network_candidate,0.06349206349206349,structurally_distant_under_this_fingerprint
CID100002266,azelaic,2266,BDJRBEYXGGNYIS-UHFFFAOYSA-N,D10AX03,22,CHEMBL1802815,CHEMBL1802815,network_candidate,0.06329113924050633,structurally_distant_under_this_fingerprint
CID100010547,echothiophate,10547,OVXQHPWHMXOFRD-UHFFFAOYSA-M,S01EB03,11,CHEMBL1232461,MOLIBRESIB,network_candidate,0.06329113924050633,structurally_distant_under_this_fingerprint
CID100038904,carboplatin,38904,DVQHYTBCTGYNNN-UHFFFAOYSA-N,L01XA02,109,CHEMBL1802973,CHEMBL1802973,network_candidate,0.06172839506172839,structurally_distant_under_this_fingerprint
CID100010413,hydroxybutyrate,10413,SJZRECIVHVDYJC-UHFFFAOYSA-N,N01AX11; N07XX04,175,CHEMBL1802815,CHEMBL1802815,network_candidate,0.06172839506172839,structurally_distant_under_this_fingerprint
CID116213095,pentastarch,16213095,DNZMDASEFMLYBU-RNBXVSKKSA-N,B05AA07,14,REF_DIDEMNIN_B,Didemnin B,reference_ligand,0.06164383561643835,structurally_distant_under_this_fingerprint
CID100016124,methylene,16124,MBKDYNNUVRNNRF-UHFFFAOYSA-N,,13,CHEMBL1232461,MOLIBRESIB,network_candidate,0.06153846153846154,structurally_distant_under_this_fingerprint
CID100000206,glucose,206,WQZGKKKJIJFFOK-UHFFFAOYSA-N,A12AA07; A12BA01; A12CA01; B05CB01; B05CX01; B05XA01; B05XA03; B05XA07; G04BA03; V04CA02; V04CE01; V06DC01,38,REF_TERNATIN_4,Ternatin-4,reference_ligand,0.06097560975609756,structurally_distant_under_this_fingerprint
CID100012597,isomannide,12597,KLDXJTOLSGUMSJ-JGWLITMVSA-N,,159,CHEMBL1802973,CHEMBL1802973,network_candidate,0.06097560975609756,structurally_distant_under_this_fingerprint
CID100157429,gadopentetate,157429,IZOOGPBRAOKZFK-UHFFFAOYSA-K,,102,CHEMBL1802973,CHEMBL1802973,network_candidate,0.060240963855421686,structurally_distant_under_this_fingerprint
CID100000774,histamine,774,NTYJJOPFIAHURM-UHFFFAOYSA-N,L03AX14; V04CG03,96,CHEMBL3752910,CHEMBL3752910,network_candidate,0.060240963855421686,structurally_distant_under_this_fingerprint
CID100003385,5-FU,3385,GHASVSINZRGABV-UHFFFAOYSA-N,L01BC02,148,REF_TERNATIN_4,Ternatin-4,reference_ligand,0.05952380952380952,structurally_distant_under_this_fingerprint
CID100004054,memantine,4054,BUGYDGFZZOZRHP-UHFFFAOYSA-N,N06DX01,399,CHEMBL1802973,CHEMBL1802973,network_candidate,0.05952380952380952,structurally_distant_under_this_fingerprint
CID100012620,Tadenan,12620,NOPFSRXAKWQILS-UHFFFAOYSA-N,D06BB11,7,CHEMBL1232461,MOLIBRESIB,network_candidate,0.058823529411764705,structurally_distant_under_this_fingerprint
CID100002088,alendronate,2088,OGSPWJRAVKPPFI-UHFFFAOYSA-N,M05BA04,84,CHEMBL1802973,CHEMBL1802973,network_candidate,0.058823529411764705,structurally_distant_under_this_fingerprint
CID100315411,18F-FDG,315411,ZCXUVYAZINUVJD-UHFFFAOYSA-N,,7,REF_TERNATIN_4,Ternatin-4,reference_ligand,0.05813953488372093,structurally_distant_under_this_fingerprint
CID100004033,nitrogen,4033,HAWPXGHAZFHHAD-UHFFFAOYSA-N,L01AA05,46,REF_DIDEMNIN_B,Didemnin B,reference_ligand,0.05785123966942149,structurally_distant_under_this_fingerprint
CID100002478,busulfan,2478,COVZYZSDYWQREU-UHFFFAOYSA-N,L01AB01,232,REF_NANNOCYSTIN_A,Nannocystin A,reference_ligand,0.057692307692307696,structurally_distant_under_this_fingerprint
CID106850789,iron,6850789,MSBRDSHNKSLACK-SWKHMZSWSA-N,B03AB02; B03AC02,97,REF_NANNOCYSTIN_A,Nannocystin A,reference_ligand,0.05737704918032787,structurally_distant_under_this_fingerprint
CID100004274,tetrofosmin,4274,QCWJONLQSHEGEJ-UHFFFAOYSA-N,,35,CHEMBL1232461,MOLIBRESIB,network_candidate,0.05714285714285714,structurally_distant_under_this_fingerprint
CID100003117,disulfiram,3117,AUZONCFQVSMFAP-UHFFFAOYSA-N,N07BB01; P03AA04,29,CHEMBL1232461,MOLIBRESIB,network_candidate,0.056338028169014086,structurally_distant_under_this_fingerprint
CID100000767,bicarbonate,767,BVKZGUZCCUSVTD-UHFFFAOYSA-N,,28,CHEMBL1802815,CHEMBL1802815,network_candidate,0.0547945205479452,structurally_distant_under_this_fingerprint
CID100168924,lanthanum,168924,NZPIUJUFIFZSPW-UHFFFAOYSA-H,V03AE03,12,CHEMBL1802973,CHEMBL1802973,network_candidate,0.0547945205479452,structurally_distant_under_this_fingerprint
CID100011125,lithium,11125,XGZVUEUWXADBQD-UHFFFAOYSA-L,,142,CHEMBL1802973,CHEMBL1802973,network_candidate,0.0547945205479452,structurally_distant_under_this_fingerprint
CID100010340,sodium,10340,CDBYLPFSWZWCQE-UHFFFAOYSA-L,B05CB04; B05XA02,23,CHEMBL1802973,CHEMBL1802973,network_candidate,0.0547945205479452,structurally_distant_under_this_fingerprint
CID100002123,hexamethylmelamine,2123,UUVWYPNAQBNQJQ-UHFFFAOYSA-N,L01XX03,22,CHEMBL3752910,CHEMBL3752910,network_candidate,0.05405405405405406,structurally_distant_under_this_fingerprint
CID100001003,phosphate,1003,NBIIXXVUZAFLBC-UHFFFAOYSA-M,,65,CHEMBL1802973,CHEMBL1802973,network_candidate,0.05405405405405406,structurally_distant_under_this_fingerprint
CID100025419,clodronate,25419,ACSIXWWBWUQEHA-UHFFFAOYSA-N,M05BA02,56,CHEMBL3752910,CHEMBL3752910,network_candidate,0.05333333333333334,structurally_distant_under_this_fingerprint
CID100000753,glycerol,753,PEDCQBHIVMGVHV-UHFFFAOYSA-N,A06AG04; A06AX01,27,REF_TERNATIN_4,Ternatin-4,reference_ligand,0.05333333333333334,structurally_distant_under_this_fingerprint
CID153627505,hydroxypropyl,53627505,OKLJCUVZLNSGJI-UHFFFAOYSA-N,,6,REF_TERNATIN_4,Ternatin-4,reference_ligand,0.05333333333333334,structurally_distant_under_this_fingerprint
CID100024450,potassium,24450,ZPWVASYFFYYZEW-UHFFFAOYSA-L,,35,CHEMBL1802973,CHEMBL1802973,network_candidate,0.05333333333333334,structurally_distant_under_this_fingerprint
CID100006503,tris,6503,LENZDBCJOHFCAS-UHFFFAOYSA-N,B05BB03; B05XX02,13,CHEMBL1802973,CHEMBL1802973,network_candidate,0.05263157894736842,structurally_distant_under_this_fingerprint
CID100027304,HMDP,27304,HJZKOAYDRQLPME-UHFFFAOYSA-N,,3,CHEMBL1802973,CHEMBL1802973,network_candidate,0.05194805194805195,structurally_distant_under_this_fingerprint
CID100000453,mannitol,453,FBPFZTCFMRRESA-UHFFFAOYSA-N,A06AD16; A06AD18; A06AG07; B05BC01; B05CX02; B05CX04; V04CC01,125,REF_TERNATIN_4,Ternatin-4,reference_ligand,0.05194805194805195,structurally_distant_under_this_fingerprint
CID100005453,thiotepa,5453,FOCVUCIESVLUNU-UHFFFAOYSA-N,L01AC01,176,REF_TERNATIN_4,Ternatin-4,reference_ligand,0.05194805194805195,structurally_distant_under_this_fingerprint
CID100000305,choline,305,OEYIOHPDSNJKLS-UHFFFAOYSA-N,,1,CHEMBL1802815,CHEMBL1802815,network_candidate,0.05,structurally_distant_under_this_fingerprint
CID100000598,mesna,598,ZNEWHQLOPFWXOF-UHFFFAOYSA-N,R05CB05; V03AF01,77,CHEMBL1802815,CHEMBL1802815,network_candidate,0.04878048780487805,structurally_distant_under_this_fingerprint
CID100004091,metformin,4091,XZWYZXLIPXDOLR-UHFFFAOYSA-N,A10BA02,114,CHEMBL1802973,CHEMBL1802973,network_candidate,0.04819277108433735,structurally_distant_under_this_fingerprint
CID100008197,tetraen,8197,FAGUFWYHJQFNRV-UHFFFAOYSA-N,,55,CHEMBL1232461,MOLIBRESIB,network_candidate,0.04477611940298507,structurally_distant_under_this_fingerprint
CID100005565,trien,5565,VILCJCGEZXAXTO-UHFFFAOYSA-N,,21,CHEMBL1232461,MOLIBRESIB,network_candidate,0.04477611940298507,structurally_distant_under_this_fingerprint
CID100005206,sevoflurane,5206,DFEYYRMXOJXZRJ-UHFFFAOYSA-N,N01AB08,124,CHEMBL1802814,CHEMBL1802814,network_candidate,0.043478260869565216,structurally_distant_under_this_fingerprint
CID100006432,Optison,6432,QYSGYZVSCZSLHT-UHFFFAOYSA-N,,132,CHEMBL3752910,CHEMBL3752910,network_candidate,0.04225352112676056,structurally_distant_under_this_fingerprint
CID100003520,guanidinium,3520,ZRALSGWEFCBTJO-UHFFFAOYSA-N,,44,CHEMBL1802973,CHEMBL1802973,network_candidate,0.0410958904109589,structurally_distant_under_this_fingerprint
CID100031264,paraldehyde,31264,SQYNKIJPMDEDEG-UHFFFAOYSA-N,N05CC05,18,REF_NANNOCYSTIN_A,Nannocystin A,reference_ligand,0.04040404040404041,structurally_distant_under_this_fingerprint
CID100000679,DMSO,679,IAZDPXIOMUYVGZ-UHFFFAOYSA-N,G04BX13; M02AX03,2,CHEMBL1802815,CHEMBL1802815,network_candidate,0.04,structurally_distant_under_this_fingerprint
CID100000700,monoethanolamine,700,HZAXFHJVJLSVMW-UHFFFAOYSA-N,,19,CHEMBL1802973,CHEMBL1802973,network_candidate,0.04,structurally_distant_under_this_fingerprint
CID100061475,sodium,61475,PODWXQQNRWNDGD-UHFFFAOYSA-L,,15,REF_TERNATIN_4,Ternatin-4,reference_ligand,0.03896103896103896,structurally_distant_under_this_fingerprint
CID100002130,amantadine,2130,DKNWSYNQZKUICI-UHFFFAOYSA-N,N04BB01,118,REF_NANNOCYSTIN_A,Nannocystin A,reference_ligand,0.038461538461538464,structurally_distant_under_this_fingerprint
CID100042113,desflurane,42113,DPYMFVXJLLWWEU-UHFFFAOYSA-N,N01AB07,122,CHEMBL3752910,CHEMBL3752910,network_candidate,0.038461538461538464,structurally_distant_under_this_fingerprint
CID100005939,biguanide,5939,XNCOSPRUTUOJCJ-UHFFFAOYSA-N,,5,CHEMBL1802973,CHEMBL1802973,network_candidate,0.0379746835443038,structurally_distant_under_this_fingerprint
CID100003080,dimercaprol,3080,WQABCVAJNWAXTE-UHFFFAOYSA-N,V03AB09,21,CHEMBL1802973,CHEMBL1802973,network_candidate,0.0375,structurally_distant_under_this_fingerprint
CID100003226,enflurane,3226,JPGQOUSTVILISH-UHFFFAOYSA-N,N01AB04,17,CHEMBL3752910,CHEMBL3752910,network_candidate,0.0375,structurally_distant_under_this_fingerprint
CID100003763,isoflurane,3763,PIWKPBJCKXDKJR-UHFFFAOYSA-N,N01AB06,40,CHEMBL3752910,CHEMBL3752910,network_candidate,0.0375,structurally_distant_under_this_fingerprint
CID100000727,lindane,727,JLYXXMFPNIAWKQ-UHFFFAOYSA-N,P03AB02,10,CHEMBL1232461,MOLIBRESIB,network_candidate,0.03225806451612903,structurally_distant_under_this_fingerprint
CID100014789,ferumoxytol,14789,UCNNJGDEJXIUCC-UHFFFAOYSA-L,,115,CHEMBL1232461,MOLIBRESIB,network_candidate,0.03125,structurally_distant_under_this_fingerprint
CID100024424,zinc,24424,NWONKYPBYAMBJT-UHFFFAOYSA-L,A12CB01,2,REF_NANNOCYSTIN_A,Nannocystin A,reference_ligand,0.030303030303030304,structurally_distant_under_this_fingerprint
CID100004101,methenamine,4101,VKYKSIONXSXAKP-UHFFFAOYSA-N,J01XX05,11,REF_TERNATIN_4,Ternatin-4,reference_ligand,0.02702702702702703,structurally_distant_under_this_fingerprint
CID100000946,nitrite,946,IOVCWXUNBOPUCH-UHFFFAOYSA-M,,20,CHEMBL1802973,CHEMBL1802973,network_candidate,0.02702702702702703,structurally_distant_under_this_fingerprint
CID100024414,barium,24414,TZCXTZWJZNENPQ-UHFFFAOYSA-L,,9,CHEMBL1802973,CHEMBL1802973,network_candidate,0.02666666666666667,structurally_distant_under_this_fingerprint
CID123689036,pertechnetate,23689036,MKADDTFVKFMZGF-PUQAOBSFSA-N,,2,CHEMBL1802973,CHEMBL1802973,network_candidate,0.02666666666666667,structurally_distant_under_this_fingerprint
CID104517618,sodium,4517618,KXHDMMFHTQZSJL-UHFFFAOYSA-N,V03AB08,10,CHEMBL1802973,CHEMBL1802973,network_candidate,0.02666666666666667,structurally_distant_under_this_fingerprint
CID100006058,cysteamine,6058,UFULAYFCSOUIOV-UHFFFAOYSA-N,A16AA04,85,CHEMBL1802973,CHEMBL1802973,network_candidate,0.02631578947368421,structurally_distant_under_this_fingerprint
CID100001084,thiosulfate,1084,DHCDFWKWKRSZHF-UHFFFAOYSA-L,V03AB06,9,CHEMBL1802973,CHEMBL1802973,network_candidate,0.02631578947368421,structurally_distant_under_this_fingerprint
CID100024642,TlCl,24642,GBECUEIQVRDUKB-UHFFFAOYSA-M,,17,CHEMBL1232461,MOLIBRESIB,network_candidate,0.01639344262295082,structurally_distant_under_this_fingerprint
CID100145068,nitric,145068,MWUXSHHQAYIFBG-UHFFFAOYSA-N,R07AX01,25,CHEMBL1232461,MOLIBRESIB,network_candidate,0.01639344262295082,structurally_distant_under_this_fingerprint
CID100005727,ZnCl2,5727,JIAARYAFYJHUJI-UHFFFAOYSA-L,B05XA12,3,CHEMBL1232461,MOLIBRESIB,network_candidate,0.016129032258064516,structurally_distant_under_this_fingerprint
CID100002767,cisplatin,2767,DQLATGHUWYMOKM-UHFFFAOYSA-L,L01XA01,139,CHEMBL1232461,MOLIBRESIB,network_candidate,0.015873015873015872,structurally_distant_under_this_fingerprint
CID100000948,nitrous,948,GQPLMRYTRLFLPF-UHFFFAOYSA-N,N01AX13,23,CHEMBL1232461,MOLIBRESIB,network_candidate,0.015625,structurally_distant_under_this_fingerprint
CID111947681,nitroprusside,11947681,UIBVHZWNUQLZQQ-UHFFFAOYSA-N,C02DD01,26,CHEMBL1232461,MOLIBRESIB,network_candidate,0.015384615384615385,structurally_distant_under_this_fingerprint
CID100045469,sodium,45469,BQMKAHQKDSZAIQ-UHFFFAOYSA-N,,30,CHEMBL1232461,MOLIBRESIB,network_candidate,0.015151515151515152,structurally_distant_under_this_fingerprint
CID100000312,chloride,312,VEXZGXHMUGYJMC-UHFFFAOYSA-M,A09AB03; B05XA13,21,CHEMBL3752910,CHEMBL3752910,network_candidate,0.014925373134328358,structurally_distant_under_this_fingerprint
CID100023994,zinc,23994,HCHKCACWOHOZIP-UHFFFAOYSA-N,,2,CHEMBL5653589,CHEMBL5653589,network_candidate,0.014925373134328358,structurally_distant_under_this_fingerprint
CID100017358,SonoVue,17358,SFZCNBIFKDRMGX-UHFFFAOYSA-N,V08DA05,41,CHEMBL3752910,CHEMBL3752910,network_candidate,0.014285714285714285,structurally_distant_under_this_fingerprint
CID100014888,arsenic,14888,QTLQKAJBUDWPIB-UHFFFAOYSA-N,L01XX27,169,REF_TERNATIN_4,Ternatin-4,reference_ligand,0.014084507042253521,structurally_distant_under_this_fingerprint
CID100000961,hydroxyl,961,XLYOFNOQVPJJNP-UHFFFAOYSA-M,,10,CHEMBL1802814,CHEMBL1802814,network_candidate,0.012345679012345678,structurally_distant_under_this_fingerprint
CID100003939,LiOH,3939,WMFOQBRAJBCJND-UHFFFAOYSA-M,,105,CHEMBL1802814,CHEMBL1802814,network_candidate,0.012195121951219513,structurally_distant_under_this_fingerprint
CID100014917,fluoride,14917,KRHYYFGTRYWZRS-UHFFFAOYSA-N,,4,REF_NANNOCYSTIN_A,Nannocystin A,reference_ligand,0.010526315789473684,structurally_distant_under_this_fingerprint
CID100025959,Prussian,25959,UETZVSHORCDDTH-UHFFFAOYSA-N,V03AB31,1,REF_NANNOCYSTIN_A,Nannocystin A,reference_ligand,0.01020408163265306,structurally_distant_under_this_fingerprint
CID100105145,68Ga,105145,CKHJYUSOUQDYEN-UHFFFAOYSA-N,,37,CHEMBL1802814,CHEMBL1802814,network_candidate,0,structurally_distant_under_this_fingerprint
CID100023925,Fe(III,23925,XEEYBQQBJWHFJM-UHFFFAOYSA-N,,151,CHEMBL1802814,CHEMBL1802814,network_candidate,0,structurally_distant_under_this_fingerprint
CID106453361,Sativex,6453361,NXNFSFOCVGWVMN-RYUPKEJBSA-N,,78,CHEMBL1802814,CHEMBL1802814,network_candidate,0,structurally_distant_under_this_fingerprint
CID100000222,ammonia,222,QGZKDVFQNNGYKY-UHFFFAOYSA-N,,7,CHEMBL1802814,CHEMBL1802814,network_candidate,0,structurally_distant_under_this_fingerprint
CID105359596,arsenic,5359596,RQNWIZPPADIBDY-UHFFFAOYSA-N,,164,CHEMBL1802814,CHEMBL1802814,network_candidate,0,structurally_distant_under_this_fingerprint
CID100083513,barium,83513,BPYQMQIZFKTCMA-UHFFFAOYSA-N,,9,CHEMBL1802814,CHEMBL1802814,network_candidate,0,structurally_distant_under_this_fingerprint
CID100000271,calcium,271,BHPQYMZQTOCNFJ-UHFFFAOYSA-N,A07XA03; A12AA20,33,CHEMBL1802814,CHEMBL1802814,network_candidate,0,structurally_distant_under_this_fingerprint
CID100023976,chromium,23976,VYZAMTAEIAYCRO-UHFFFAOYSA-N,,7,CHEMBL1802814,CHEMBL1802814,network_candidate,0,structurally_distant_under_this_fingerprint
CID100023978,copper,23978,RYGMFSIKBFXOCR-UHFFFAOYSA-N,,19,CHEMBL1802814,CHEMBL1802814,network_candidate,0,structurally_distant_under_this_fingerprint
CID100023982,gadolinium,23982,UIWYJDYFSGRHKR-UHFFFAOYSA-N,,172,CHEMBL1802814,CHEMBL1802814,network_candidate,0,structurally_distant_under_this_fingerprint
CID100000297,graphene,297,VNWKTOKETHGBQD-UHFFFAOYSA-N,,5,CHEMBL1802814,CHEMBL1802814,network_candidate,0,structurally_distant_under_this_fingerprint
CID100024841,iodide,24841,XMBWDFGMSWQBCA-UHFFFAOYSA-N,,75,CHEMBL1802814,CHEMBL1802814,network_candidate,0,structurally_distant_under_this_fingerprint
CID100023926,lanthanum,23926,FZLIPJUXYLNCLC-UHFFFAOYSA-N,,10,CHEMBL1802814,CHEMBL1802814,network_candidate,0,structurally_distant_under_this_fingerprint
CID100028486,lithium,28486,HBBGRARXTFLTSG-UHFFFAOYSA-N,N05AN01,108,CHEMBL1802814,CHEMBL1802814,network_candidate,0,structurally_distant_under_this_fingerprint
CID100000888,magnesium,888,JLVVSXFLKOJNIY-UHFFFAOYSA-N,A12CC30,14,CHEMBL1802814,CHEMBL1802814,network_candidate,0,structurally_distant_under_this_fingerprint
CID100000813,potassium,813,NPYPAHLBTDXSSS-UHFFFAOYSA-N,,42,CHEMBL1802814,CHEMBL1802814,network_candidate,0,structurally_distant_under_this_fingerprint
CID106328144,radium,6328144,HCWPIIXVSYCSAN-UHFFFAOYSA-N,,27,CHEMBL1802814,CHEMBL1802814,network_candidate,0,structurally_distant_under_this_fingerprint
CID100023951,samarium,23951,KZUNJOHGWZRPMI-UHFFFAOYSA-N,,51,CHEMBL1802814,CHEMBL1802814,network_candidate,0,structurally_distant_under_this_fingerprint
CID100024087,selenium,24087,JNMWHTHYDQTDQZ-UHFFFAOYSA-N,D01AE13,2,CHEMBL1802814,CHEMBL1802814,network_candidate,0,structurally_distant_under_this_fingerprint
CID106326970,selenium,6326970,BUGBHKTXTAQXES-UHFFFAOYSA-N,D11AC03,2,CHEMBL1802814,CHEMBL1802814,network_candidate,0,structurally_distant_under_this_fingerprint
CID100023954,silver,23954,BQCADISMDOOEFD-UHFFFAOYSA-N,D08AL30; S01AX02,13,CHEMBL1802814,CHEMBL1802814,network_candidate,0,structurally_distant_under_this_fingerprint
CID100000923,sodium,923,FKNQFGJONOIPTF-UHFFFAOYSA-N,,93,CHEMBL1802814,CHEMBL1802814,network_candidate,0,structurally_distant_under_this_fingerprint
CID100005238,sodium,5238,FVAUCKIRQBBSSJ-UHFFFAOYSA-M,V09FX04,8,CHEMBL1802814,CHEMBL1802814,network_candidate,0,structurally_distant_under_this_fingerprint
CID100083606,strontium,83606,ONYCUIABXVBCTR-UHFFFAOYSA-N,,4,CHEMBL1802814,CHEMBL1802814,network_candidate,0,structurally_distant_under_this_fingerprint
CID100023957,technetium-99m,23957,GKLVYJBZJHMRIY-UHFFFAOYSA-N,,67,CHEMBL1802814,CHEMBL1802814,network_candidate,0,structurally_distant_under_this_fingerprint
CID100023993,yttrium,23993,VWQVUPCCIRVNHF-UHFFFAOYSA-N,,1,CHEMBL1802814,CHEMBL1802814,network_candidate,0,structurally_distant_under_this_fingerprint
