stitch_flat_id,stitch_stereo_id,label_umls_id,placebo,frequency_description,frequency_lower,frequency_upper,meddra_concept_type,meddra_umls_id,side_effect_name,is_placebo,sider_version,candidate_name
CID100002118,CID000002118,C0235295,,18.3%,0.183,0.183,PT,C0232487,Abdominal discomfort,FALSE,4.1,alprazolam
CID100002118,CID000002118,C0235295,,21.5%,0.215,0.215,PT,C0232487,Abdominal discomfort,FALSE,4.1,alprazolam
CID100002118,CID000002118,C0235295,placebo,21.5%,0.215,0.215,PT,C0232487,Abdominal discomfort,TRUE,4.1,alprazolam
CID100002118,CID000002118,C0000737,,frequent,0.01,1,PT,C0000737,Abdominal pain,FALSE,4.1,alprazolam
CID100002118,CID000002118,C0234458,,infrequent,0.001,0.01,PT,C0234458,Abnormal dreams,FALSE,4.1,alprazolam
CID100002118,CID000002118,C0085633,,infrequent,0.001,0.01,PT,C0233472,Affect lability,FALSE,4.1,alprazolam
CID100002118,CID000002118,C0001807,,infrequent,0.001,0.01,PT,C0001807,Aggression,FALSE,4.1,alprazolam
CID100002118,CID000002118,C0085631,,2.6%,0.026,0.026,PT,C0085631,Agitation,FALSE,4.1,alprazolam
CID100002118,CID000002118,C0085631,,2.9%,0.029,0.029,PT,C0085631,Agitation,FALSE,4.1,alprazolam
CID100002118,CID000002118,C0085631,,frequent,0.01,1,PT,C0085631,Agitation,FALSE,4.1,alprazolam
CID100002118,CID000002118,C0085631,placebo,2.6%,0.026,0.026,PT,C0085631,Agitation,TRUE,4.1,alprazolam
CID100002118,CID000002118,C0392156,,1.6%,0.016,0.016,PT,C0392156,Akathisia,FALSE,4.1,alprazolam
CID100002118,CID000002118,C0392156,,2%,0.02,0.02,PT,C0392156,Akathisia,FALSE,4.1,alprazolam
CID100002118,CID000002118,C0392156,,3%,0.03,0.03,PT,C0392156,Akathisia,FALSE,4.1,alprazolam
CID100002118,CID000002118,C0392156,,4.3%,0.043,0.043,PT,C0392156,Akathisia,FALSE,4.1,alprazolam
CID100002118,CID000002118,C0392156,placebo,1%,0.01,0.01,PT,C0392156,Akathisia,TRUE,4.1,alprazolam
CID100002118,CID000002118,C0392156,placebo,1.2%,0.012,0.012,PT,C0392156,Akathisia,TRUE,4.1,alprazolam
CID100002118,CID000002118,C0392156,placebo,4.3%,0.043,0.043,PT,C0392156,Akathisia,TRUE,4.1,alprazolam
CID100002118,CID000002118,C0549249,,infrequent,0.001,0.01,PT,C0150450,Altered state of consciousness,FALSE,4.1,alprazolam
CID100002118,CID000002118,C0002622,,infrequent,0.001,0.01,PT,C0002622,Amnesia,FALSE,4.1,alprazolam
CID100002118,CID000002118,C0002957,,infrequent,0.001,0.01,PT,C0002957,Anger,FALSE,4.1,alprazolam
CID100002118,CID000002118,C0002994,,postmarketing,0,0.001,PT,C0002994,Angioedema,FALSE,4.1,alprazolam
CID100002118,CID000002118,C0042373,,1.5%,0.015,0.015,PT,C0042373,Angiopathy,FALSE,4.1,alprazolam
CID100002118,CID000002118,C0042373,,5.9%,0.059,0.059,PT,C0042373,Angiopathy,FALSE,4.1,alprazolam
CID100002118,CID000002118,C0042373,,infrequent,0.001,0.01,PT,C0042373,Angiopathy,FALSE,4.1,alprazolam
CID100002118,CID000002118,C0042373,placebo,1.4%,0.014,0.014,PT,C0042373,Angiopathy,TRUE,4.1,alprazolam
CID100002118,CID000002118,C0042373,placebo,2.7%,0.027,0.027,PT,C0042373,Angiopathy,TRUE,4.1,alprazolam
CID100002118,CID000002118,C0003467,,1.1%,0.011,0.011,PT,C0003467,Anxiety,FALSE,4.1,alprazolam
CID100002118,CID000002118,C0003467,,16.6%,0.166,0.166,PT,C0003467,Anxiety,FALSE,4.1,alprazolam
CID100002118,CID000002118,C0003467,,7.8%,0.078,0.078,PT,C0003467,Anxiety,FALSE,4.1,alprazolam
CID100002118,CID000002118,C0003467,placebo,0.6%,0.006,0.006,PT,C0003467,Anxiety,TRUE,4.1,alprazolam
CID100002118,CID000002118,C0003467,placebo,2.7%,0.027,0.027,PT,C0003467,Anxiety,TRUE,4.1,alprazolam
CID100002118,CID000002118,C0003467,placebo,24.9%,0.249,0.249,PT,C0003467,Anxiety,TRUE,4.1,alprazolam
CID100002118,CID000002118,C0085632,,infrequent,0.001,0.01,PT,C0085632,Apathy,FALSE,4.1,alprazolam
CID100002118,CID000002118,C0003862,,2.4%,0.024,0.024,PT,C0003862,Arthralgia,FALSE,4.1,alprazolam
CID100002118,CID000002118,C0003862,placebo,0.6%,0.006,0.006,PT,C0003862,Arthralgia,TRUE,4.1,alprazolam
CID100002118,CID000002118,C0004093,,7.1%,0.071,0.071,PT,C0004093,Asthenia,FALSE,4.1,alprazolam
CID100002118,CID000002118,C0004093,,8.4%,0.084,0.084,PT,C0004093,Asthenia,FALSE,4.1,alprazolam
CID100002118,CID000002118,C0004093,,frequent,0.01,1,PT,C0004093,Asthenia,FALSE,4.1,alprazolam
CID100002118,CID000002118,C0004093,,infrequent,0.001,0.01,PT,C0004093,Asthenia,FALSE,4.1,alprazolam
CID100002118,CID000002118,C0004093,placebo,8.4%,0.084,0.084,PT,C0004093,Asthenia,TRUE,4.1,alprazolam
CID100002118,CID000002118,C0015672,,1.7%,0.017,0.017,PT,C0004093,Asthenia,FALSE,4.1,alprazolam
CID100002118,CID000002118,C0015672,,1.8%,0.018,0.018,PT,C0004093,Asthenia,FALSE,4.1,alprazolam
CID100002118,CID000002118,C0015672,,13.9%,0.139,0.139,PT,C0004093,Asthenia,FALSE,4.1,alprazolam
CID100002118,CID000002118,C0015672,,48.6%,0.486,0.486,PT,C0004093,Asthenia,FALSE,4.1,alprazolam
CID100002118,CID000002118,C0015672,,49%,0.49,0.49,PT,C0004093,Asthenia,FALSE,4.1,alprazolam
CID100002118,CID000002118,C0015672,placebo,0.6%,0.006,0.006,PT,C0004093,Asthenia,TRUE,4.1,alprazolam
CID100002118,CID000002118,C0015672,placebo,42%,0.42,0.42,PT,C0004093,Asthenia,TRUE,4.1,alprazolam
CID100002118,CID000002118,C0015672,placebo,42.3%,0.423,0.423,PT,C0004093,Asthenia,TRUE,4.1,alprazolam
CID100002118,CID000002118,C0015672,placebo,9.2%,0.092,0.092,PT,C0004093,Asthenia,TRUE,4.1,alprazolam
CID100002118,CID000002118,C0004134,,7.2%,0.072,0.072,PT,C0004134,Ataxia,FALSE,4.1,alprazolam
CID100002118,CID000002118,C0004134,placebo,3.2%,0.032,0.032,PT,C0004134,Ataxia,TRUE,4.1,alprazolam
CID100002118,CID000002118,C0004604,,frequent,0.01,1,PT,C0004604,Back pain,FALSE,4.1,alprazolam
CID100002118,CID000002118,C0015967,,infrequent,0.001,0.01,PT,C0015967,Body temperature increased,FALSE,4.1,alprazolam
CID100002118,CID000002118,C0554976,,infrequent,0.001,0.01,PT,C0554976,Bradyphrenia,FALSE,4.1,alprazolam
CID100002118,CID000002118,C0232292,,infrequent,0.001,0.01,PT,C0235710,Chest discomfort,FALSE,4.1,alprazolam
CID100002118,CID000002118,C0008031,,10.6%,0.106,0.106,PT,C0008031,Chest pain,FALSE,4.1,alprazolam
CID100002118,CID000002118,C0008031,,18.1%,0.181,0.181,PT,C0008031,Chest pain,FALSE,4.1,alprazolam
CID100002118,CID000002118,C0008031,,frequent,0.01,1,PT,C0008031,Chest pain,FALSE,4.1,alprazolam
CID100002118,CID000002118,C0008031,placebo,18.1%,0.181,0.181,PT,C0008031,Chest pain,TRUE,4.1,alprazolam
CID100002118,CID000002118,C0424790,,infrequent,0.001,0.01,PT,C0085593,Chills,FALSE,4.1,alprazolam
CID100002118,CID000002118,C0546947,,infrequent,0.001,0.01,PT,C0546947,Choking sensation,FALSE,4.1,alprazolam
CID100002118,CID000002118,C0233844,,infrequent,0.001,0.01,PT,C0233844,Clumsiness,FALSE,4.1,alprazolam
CID100002118,CID000002118,C0009241,,28.8%,0.288,0.288,PT,C0009241,Cognitive disorder,FALSE,4.1,alprazolam
CID100002118,CID000002118,C0009241,,29%,0.29,0.29,PT,C0009241,Cognitive disorder,FALSE,4.1,alprazolam
CID100002118,CID000002118,C0009241,placebo,20.5%,0.205,0.205,PT,C0009241,Cognitive disorder,TRUE,4.1,alprazolam
CID100002118,CID000002118,C0009241,placebo,21%,0.21,0.21,PT,C0009241,Cognitive disorder,TRUE,4.1,alprazolam
CID100002118,CID000002118,C0392162,,infrequent,0.001,0.01,PT,C0232431,Cold sweat,FALSE,4.1,alprazolam
CID100002118,CID000002118,C0009676,,0.9%,0.009,0.009,PT,C0009676,Confusional state,FALSE,4.1,alprazolam
CID100002118,CID000002118,C0009676,,1.5%,0.015,0.015,PT,C0009676,Confusional state,FALSE,4.1,alprazolam
CID100002118,CID000002118,C0009676,,10%,0.1,0.1,PT,C0009676,Confusional state,FALSE,4.1,alprazolam
CID100002118,CID000002118,C0009676,,10.4%,0.104,0.104,PT,C0009676,Confusional state,FALSE,4.1,alprazolam
CID100002118,CID000002118,C0009676,,9.9%,0.099,0.099,PT,C0009676,Confusional state,FALSE,4.1,alprazolam
CID100002118,CID000002118,C0009676,placebo,0.9%,0.009,0.009,PT,C0009676,Confusional state,TRUE,4.1,alprazolam
CID100002118,CID000002118,C0009676,placebo,10%,0.1,0.1,PT,C0009676,Confusional state,TRUE,4.1,alprazolam
CID100002118,CID000002118,C0009676,placebo,8%,0.08,0.08,PT,C0009676,Confusional state,TRUE,4.1,alprazolam
CID100002118,CID000002118,C0009676,placebo,8.2%,0.082,0.082,PT,C0009676,Confusional state,TRUE,4.1,alprazolam
CID100002118,CID000002118,C0009782,,7.4%,0.074,0.074,PT,C0009782,Connective tissue disorder,FALSE,4.1,alprazolam
CID100002118,CID000002118,C0009782,,infrequent,0.001,0.01,PT,C0009782,Connective tissue disorder,FALSE,4.1,alprazolam
CID100002118,CID000002118,C0009782,placebo,2.7%,0.027,0.027,PT,C0009782,Connective tissue disorder,TRUE,4.1,alprazolam
CID100002118,CID000002118,C0009806,,0.9%,0.009,0.009,PT,C0009806,Constipation,FALSE,4.1,alprazolam
CID100002118,CID000002118,C0009806,,10.4%,0.104,0.104,PT,C0009806,Constipation,FALSE,4.1,alprazolam
CID100002118,CID000002118,C0009806,,15.4%,0.154,0.154,PT,C0009806,Constipation,FALSE,4.1,alprazolam
CID100002118,CID000002118,C0009806,,26%,0.26,0.26,PT,C0009806,Constipation,FALSE,4.1,alprazolam
CID100002118,CID000002118,C0009806,,26.2%,0.262,0.262,PT,C0009806,Constipation,FALSE,4.1,alprazolam
CID100002118,CID000002118,C0009806,,8.1%,0.081,0.081,PT,C0009806,Constipation,FALSE,4.1,alprazolam
CID100002118,CID000002118,C0009806,placebo,11.4%,0.114,0.114,PT,C0009806,Constipation,TRUE,4.1,alprazolam
CID100002118,CID000002118,C0009806,placebo,15%,0.15,0.15,PT,C0009806,Constipation,TRUE,4.1,alprazolam
CID100002118,CID000002118,C0009806,placebo,15.4%,0.154,0.154,PT,C0009806,Constipation,TRUE,4.1,alprazolam
CID100002118,CID000002118,C0009806,placebo,4.3%,0.043,0.043,PT,C0009806,Constipation,TRUE,4.1,alprazolam
CID100002118,CID000002118,C0036572,,infrequent,0.001,0.01,PT,C0036572,Convulsion,FALSE,4.1,alprazolam
CID100002118,CID000002118,C0520966,,1.9%,0.019,0.019,PT,C0520966,Coordination abnormal,FALSE,4.1,alprazolam
CID100002118,CID000002118,C0520966,,40%,0.4,0.4,PT,C0520966,Coordination abnormal,FALSE,4.1,alprazolam
CID100002118,CID000002118,C0520966,,40.1%,0.401,0.401,PT,C0520966,Coordination abnormal,FALSE,4.1,alprazolam
CID100002118,CID000002118,C0520966,,9.4%,0.094,0.094,PT,C0520966,Coordination abnormal,FALSE,4.1,alprazolam
CID100002118,CID000002118,C0520966,placebo,0.3%,0.003,0.003,PT,C0520966,Coordination abnormal,TRUE,4.1,alprazolam
CID100002118,CID000002118,C0520966,placebo,0.9%,0.009,0.009,PT,C0520966,Coordination abnormal,TRUE,4.1,alprazolam
CID100002118,CID000002118,C0520966,placebo,17.9%,0.179,0.179,PT,C0520966,Coordination abnormal,TRUE,4.1,alprazolam
CID100002118,CID000002118,C0520966,placebo,18%,0.18,0.18,PT,C0520966,Coordination abnormal,TRUE,4.1,alprazolam
CID100002118,CID000002118,C0003123,,1.5%,0.015,0.015,PT,C0232462,Decreased appetite,FALSE,4.1,alprazolam
CID100002118,CID000002118,C0003123,placebo,0%,0,0,PT,C0232462,Decreased appetite,TRUE,4.1,alprazolam
CID100002118,CID000002118,C0232462,,24.1%,0.241,0.241,PT,C0232462,Decreased appetite,FALSE,4.1,alprazolam
CID100002118,CID000002118,C0232462,,27.8%,0.278,0.278,PT,C0232462,Decreased appetite,FALSE,4.1,alprazolam
CID100002118,CID000002118,C0232462,,28%,0.28,0.28,PT,C0232462,Decreased appetite,FALSE,4.1,alprazolam
CID100002118,CID000002118,C0232462,,7.3%,0.073,0.073,PT,C0232462,Decreased appetite,FALSE,4.1,alprazolam
CID100002118,CID000002118,C0232462,,9.5%,0.095,0.095,PT,C0232462,Decreased appetite,FALSE,4.1,alprazolam
CID100002118,CID000002118,C0232462,placebo,24%,0.24,0.24,PT,C0232462,Decreased appetite,TRUE,4.1,alprazolam
CID100002118,CID000002118,C0232462,placebo,24.1%,0.241,0.241,PT,C0232462,Decreased appetite,TRUE,4.1,alprazolam
CID100002118,CID000002118,C0232462,placebo,3.8%,0.038,0.038,PT,C0232462,Decreased appetite,TRUE,4.1,alprazolam
CID100002118,CID000002118,C0232462,placebo,7.2%,0.072,0.072,PT,C0232462,Decreased appetite,TRUE,4.1,alprazolam
CID100002118,CID000002118,C0232462,placebo,9.8%,0.098,0.098,PT,C0232462,Decreased appetite,TRUE,4.1,alprazolam
CID100002118,CID000002118,C0011551,,5.7%,0.057,0.057,PT,C0011551,Depersonalisation,FALSE,4.1,alprazolam
CID100002118,CID000002118,C0011551,,frequent,0.01,1,PT,C0011551,Depersonalisation,FALSE,4.1,alprazolam
CID100002118,CID000002118,C0011551,placebo,1.9%,0.019,0.019,PT,C0011551,Depersonalisation,TRUE,4.1,alprazolam
CID100002118,CID000002118,C0085628,,infrequent,0.001,0.01,PT,C0549249,Depressed level of consciousness,FALSE,4.1,alprazolam
CID100002118,CID000002118,C0549249,,infrequent,0.001,0.01,PT,C0549249,Depressed level of consciousness,FALSE,4.1,alprazolam
CID100002118,CID000002118,C0344315,,1.3%,0.013,0.013,PT,C0344315,Depressed mood,FALSE,4.1,alprazolam
CID100002118,CID000002118,C0344315,placebo,0.3%,0.003,0.003,PT,C0344315,Depressed mood,TRUE,4.1,alprazolam
CID100002118,CID000002118,C0011570,,10.9%,0.109,0.109,PT,C0011570,Depression,FALSE,4.1,alprazolam
CID100002118,CID000002118,C0011570,,12.1%,0.121,0.121,PT,C0011570,Depression,FALSE,4.1,alprazolam
CID100002118,CID000002118,C0011570,,13.8%,0.138,0.138,PT,C0011570,Depression,FALSE,4.1,alprazolam
CID100002118,CID000002118,C0011570,,13.9%,0.139,0.139,PT,C0011570,Depression,FALSE,4.1,alprazolam
CID100002118,CID000002118,C0011570,,2.4%,0.024,0.024,PT,C0011570,Depression,FALSE,4.1,alprazolam
CID100002118,CID000002118,C0011570,,2.5%,0.025,0.025,PT,C0011570,Depression,FALSE,4.1,alprazolam
CID100002118,CID000002118,C0011570,placebo,1.2%,0.012,0.012,PT,C0011570,Depression,TRUE,4.1,alprazolam
CID100002118,CID000002118,C0011570,placebo,14%,0.14,0.14,PT,C0011570,Depression,TRUE,4.1,alprazolam
CID100002118,CID000002118,C0011570,placebo,18.1%,0.181,0.181,PT,C0011570,Depression,TRUE,4.1,alprazolam
CID100002118,CID000002118,C0011570,placebo,5%,0.05,0.05,PT,C0011570,Depression,TRUE,4.1,alprazolam
CID100002118,CID000002118,C0011570,placebo,9.2%,0.092,0.092,PT,C0011570,Depression,TRUE,4.1,alprazolam
CID100002118,CID000002118,C0233754,,1.2%,0.012,0.012,PT,C0233754,Derealisation,FALSE,4.1,alprazolam
CID100002118,CID000002118,C0233754,,1.9%,0.019,0.019,PT,C0233754,Derealisation,FALSE,4.1,alprazolam
CID100002118,CID000002118,C0233754,,2%,0.02,0.02,PT,C0233754,Derealisation,FALSE,4.1,alprazolam
CID100002118,CID000002118,C0233754,,8%,0.08,0.08,PT,C0233754,Derealisation,FALSE,4.1,alprazolam
CID100002118,CID000002118,C0233754,,frequent,0.01,1,PT,C0233754,Derealisation,FALSE,4.1,alprazolam
CID100002118,CID000002118,C0233754,placebo,1%,0.01,0.01,PT,C0233754,Derealisation,TRUE,4.1,alprazolam
CID100002118,CID000002118,C0233754,placebo,1.2%,0.012,0.012,PT,C0233754,Derealisation,TRUE,4.1,alprazolam
CID100002118,CID000002118,C0233754,placebo,3.8%,0.038,0.038,PT,C0233754,Derealisation,TRUE,4.1,alprazolam
CID100002118,CID000002118,C0011603,,0.6%,0.006,0.006,PT,C0011603,Dermatitis,FALSE,4.1,alprazolam
CID100002118,CID000002118,C0011603,,3.8%,0.038,0.038,PT,C0011603,Dermatitis,FALSE,4.1,alprazolam
CID100002118,CID000002118,C0011603,,4%,0.04,0.04,PT,C0011603,Dermatitis,FALSE,4.1,alprazolam
CID100002118,CID000002118,C0011603,placebo,3%,0.03,0.03,PT,C0011603,Dermatitis,TRUE,4.1,alprazolam
CID100002118,CID000002118,C0011603,placebo,3.1%,0.031,0.031,PT,C0011603,Dermatitis,TRUE,4.1,alprazolam
CID100002118,CID000002118,C0015230,,10.8%,0.108,0.108,PT,C0011603,Dermatitis,FALSE,4.1,alprazolam
CID100002118,CID000002118,C0015230,,11%,0.11,0.11,PT,C0011603,Dermatitis,FALSE,4.1,alprazolam
CID100002118,CID000002118,C0015230,,8.1%,0.081,0.081,PT,C0011603,Dermatitis,FALSE,4.1,alprazolam
CID100002118,CID000002118,C0015230,,infrequent,0.001,0.01,PT,C0011603,Dermatitis,FALSE,4.1,alprazolam
CID100002118,CID000002118,C0015230,placebo,8%,0.08,0.08,PT,C0011603,Dermatitis,TRUE,4.1,alprazolam
CID100002118,CID000002118,C0015230,placebo,8.1%,0.081,0.081,PT,C0011603,Dermatitis,TRUE,4.1,alprazolam
CID100002118,CID000002118,C0011991,,1.2%,0.012,0.012,PT,C0011991,Diarrhoea,FALSE,4.1,alprazolam
CID100002118,CID000002118,C0011991,,10.1%,0.101,0.101,PT,C0011991,Diarrhoea,FALSE,4.1,alprazolam
CID100002118,CID000002118,C0011991,,12.1%,0.121,0.121,PT,C0011991,Diarrhoea,FALSE,4.1,alprazolam
CID100002118,CID000002118,C0011991,,20.6%,0.206,0.206,PT,C0011991,Diarrhoea,FALSE,4.1,alprazolam
CID100002118,CID000002118,C0011991,,22.8%,0.228,0.228,PT,C0011991,Diarrhoea,FALSE,4.1,alprazolam
CID100002118,CID000002118,C0011991,,frequent,0.01,1,PT,C0011991,Diarrhoea,FALSE,4.1,alprazolam
CID100002118,CID000002118,C0011991,placebo,10.3%,0.103,0.103,PT,C0011991,Diarrhoea,TRUE,4.1,alprazolam
CID100002118,CID000002118,C0011991,placebo,22.8%,0.228,0.228,PT,C0011991,Diarrhoea,TRUE,4.1,alprazolam
CID100002118,CID000002118,C0011991,placebo,3.1%,0.031,0.031,PT,C0011991,Diarrhoea,TRUE,4.1,alprazolam
CID100002118,CID000002118,C0231218,,frequent,0.01,1,PT,C0234215,Discomfort,FALSE,4.1,alprazolam
CID100002118,CID000002118,C0424296,,1.5%,0.015,0.015,PT,C0424296,Disinhibition,FALSE,4.1,alprazolam
CID100002118,CID000002118,C0424296,,2.7%,0.027,0.027,PT,C0424296,Disinhibition,FALSE,4.1,alprazolam
CID100002118,CID000002118,C0424296,,3%,0.03,0.03,PT,C0424296,Disinhibition,FALSE,4.1,alprazolam
CID100002118,CID000002118,C0424296,placebo,1.5%,0.015,0.015,PT,C0424296,Disinhibition,TRUE,4.1,alprazolam
CID100002118,CID000002118,C0424296,placebo,2%,0.02,0.02,PT,C0424296,Disinhibition,TRUE,4.1,alprazolam
CID100002118,CID000002118,C0233407,,1.5%,0.015,0.015,PT,C0233407,Disorientation,FALSE,4.1,alprazolam
CID100002118,CID000002118,C0233407,placebo,0%,0,0,PT,C0233407,Disorientation,TRUE,4.1,alprazolam
CID100002118,CID000002118,C0233414,,3.2%,0.032,0.032,PT,C0233414,Disturbance in attention,FALSE,4.1,alprazolam
CID100002118,CID000002118,C0233414,placebo,0.6%,0.006,0.006,PT,C0233414,Disturbance in attention,TRUE,4.1,alprazolam
CID100002118,CID000002118,C0011124,,14%,0.14,0.14,PT,C0855242,Disturbance in sexual arousal,FALSE,4.1,alprazolam
CID100002118,CID000002118,C0011124,,14.4%,0.144,0.144,PT,C0855242,Disturbance in sexual arousal,FALSE,4.1,alprazolam
CID100002118,CID000002118,C0011124,,6%,0.06,0.06,PT,C0855242,Disturbance in sexual arousal,FALSE,4.1,alprazolam
CID100002118,CID000002118,C0011124,placebo,2.3%,0.023,0.023,PT,C0855242,Disturbance in sexual arousal,TRUE,4.1,alprazolam
CID100002118,CID000002118,C0011124,placebo,8%,0.08,0.08,PT,C0855242,Disturbance in sexual arousal,TRUE,4.1,alprazolam
CID100002118,CID000002118,C0021177,,7.7%,0.077,0.077,PT,C0855242,Disturbance in sexual arousal,FALSE,4.1,alprazolam
CID100002118,CID000002118,C0021177,,8%,0.08,0.08,PT,C0855242,Disturbance in sexual arousal,FALSE,4.1,alprazolam
CID100002118,CID000002118,C0021177,,frequent,0.01,1,PT,C0855242,Disturbance in sexual arousal,FALSE,4.1,alprazolam
CID100002118,CID000002118,C0021177,placebo,4%,0.04,0.04,PT,C0855242,Disturbance in sexual arousal,TRUE,4.1,alprazolam
CID100002118,CID000002118,C0021177,placebo,4.1%,0.041,0.041,PT,C0855242,Disturbance in sexual arousal,TRUE,4.1,alprazolam
CID100002118,CID000002118,C0012833,,1.8%,0.018,0.018,PT,C0012833,Dizziness,FALSE,4.1,alprazolam
CID100002118,CID000002118,C0012833,,2%,0.02,0.02,PT,C0012833,Dizziness,FALSE,4.1,alprazolam
CID100002118,CID000002118,C0012833,,2.5%,0.025,0.025,PT,C0012833,Dizziness,FALSE,4.1,alprazolam
CID100002118,CID000002118,C0012833,,29.8%,0.298,0.298,PT,C0012833,Dizziness,FALSE,4.1,alprazolam
CID100002118,CID000002118,C0012833,,frequent,0.01,1,PT,C0012833,Dizziness,FALSE,4.1,alprazolam
CID100002118,CID000002118,C0012833,placebo,0.8%,0.008,0.008,PT,C0012833,Dizziness,TRUE,4.1,alprazolam
CID100002118,CID000002118,C0012833,placebo,1%,0.01,0.01,PT,C0012833,Dizziness,TRUE,4.1,alprazolam
CID100002118,CID000002118,C0012833,placebo,36.9%,0.369,0.369,PT,C0012833,Dizziness,TRUE,4.1,alprazolam
CID100002118,CID000002118,C0039070,,3.1%,0.031,0.031,PT,C0012833,Dizziness,FALSE,4.1,alprazolam
CID100002118,CID000002118,C0039070,,3.8%,0.038,0.038,PT,C0012833,Dizziness,FALSE,4.1,alprazolam
CID100002118,CID000002118,C0039070,,4.8%,0.048,0.048,PT,C0012833,Dizziness,FALSE,4.1,alprazolam
CID100002118,CID000002118,C0039070,,infrequent,0.001,0.01,PT,C0012833,Dizziness,FALSE,4.1,alprazolam
CID100002118,CID000002118,C0039070,placebo,4%,0.04,0.04,PT,C0012833,Dizziness,TRUE,4.1,alprazolam
CID100002118,CID000002118,C0039070,placebo,4.8%,0.048,0.048,PT,C0012833,Dizziness,TRUE,4.1,alprazolam
CID100002118,CID000002118,C0220870,,1.2%,0.012,0.012,PT,C0012833,Dizziness,FALSE,4.1,alprazolam
CID100002118,CID000002118,C0220870,,20.8%,0.208,0.208,PT,C0012833,Dizziness,FALSE,4.1,alprazolam
CID100002118,CID000002118,C0220870,,21%,0.21,0.21,PT,C0012833,Dizziness,FALSE,4.1,alprazolam
CID100002118,CID000002118,C0220870,,29.8%,0.298,0.298,PT,C0012833,Dizziness,FALSE,4.1,alprazolam
CID100002118,CID000002118,C0220870,placebo,19%,0.19,0.19,PT,C0012833,Dizziness,TRUE,4.1,alprazolam
CID100002118,CID000002118,C0220870,placebo,19.3%,0.193,0.193,PT,C0012833,Dizziness,TRUE,4.1,alprazolam
CID100002118,CID000002118,C0220870,placebo,36.9%,0.369,0.369,PT,C0012833,Dizziness,TRUE,4.1,alprazolam
CID100002118,CID000002118,C0043352,,0.7%,0.007,0.007,PT,C0043352,Dry mouth,FALSE,4.1,alprazolam
CID100002118,CID000002118,C0043352,,10.2%,0.102,0.102,PT,C0043352,Dry mouth,FALSE,4.1,alprazolam
CID100002118,CID000002118,C0043352,,14.7%,0.147,0.147,PT,C0043352,Dry mouth,FALSE,4.1,alprazolam
CID100002118,CID000002118,C0043352,,15%,0.15,0.15,PT,C0043352,Dry mouth,FALSE,4.1,alprazolam
CID100002118,CID000002118,C0043352,placebo,13%,0.13,0.13,PT,C0043352,Dry mouth,TRUE,4.1,alprazolam
CID100002118,CID000002118,C0043352,placebo,13.3%,0.133,0.133,PT,C0043352,Dry mouth,TRUE,4.1,alprazolam
CID100002118,CID000002118,C0043352,placebo,9.7%,0.097,0.097,PT,C0043352,Dry mouth,TRUE,4.1,alprazolam
CID100002118,CID000002118,C0013362,,10.9%,0.109,0.109,PT,C0013362,Dysarthria,FALSE,4.1,alprazolam
CID100002118,CID000002118,C0013362,,2.1%,0.021,0.021,PT,C0013362,Dysarthria,FALSE,4.1,alprazolam
CID100002118,CID000002118,C0013362,,23%,0.23,0.23,PT,C0013362,Dysarthria,FALSE,4.1,alprazolam
CID100002118,CID000002118,C0013362,,23.3%,0.233,0.233,PT,C0013362,Dysarthria,FALSE,4.1,alprazolam
CID100002118,CID000002118,C0013362,placebo,0%,0,0,PT,C0013362,Dysarthria,TRUE,4.1,alprazolam
CID100002118,CID000002118,C0013362,placebo,2.6%,0.026,0.026,PT,C0013362,Dysarthria,TRUE,4.1,alprazolam
CID100002118,CID000002118,C0013362,placebo,6%,0.06,0.06,PT,C0013362,Dysarthria,TRUE,4.1,alprazolam
CID100002118,CID000002118,C0013362,placebo,6.3%,0.063,0.063,PT,C0013362,Dysarthria,TRUE,4.1,alprazolam
CID100002118,CID000002118,C0013384,,1.7%,0.017,0.017,PT,C0013384,Dyskinesia,FALSE,4.1,alprazolam
CID100002118,CID000002118,C0013384,placebo,1.4%,0.014,0.014,PT,C0013384,Dyskinesia,TRUE,4.1,alprazolam
CID100002118,CID000002118,C0392702,,14.8%,0.148,0.148,PT,C0013384,Dyskinesia,FALSE,4.1,alprazolam
CID100002118,CID000002118,C0392702,placebo,21%,0.21,0.21,PT,C0013384,Dyskinesia,TRUE,4.1,alprazolam
CID100002118,CID000002118,C0013390,,3.6%,0.036,0.036,PT,C0013390,Dysmenorrhoea,FALSE,4.1,alprazolam
CID100002118,CID000002118,C0013390,placebo,2.9%,0.029,0.029,PT,C0013390,Dysmenorrhoea,TRUE,4.1,alprazolam
CID100002118,CID000002118,C0013395,,frequent,0.01,1,PT,C0013395,Dyspepsia,FALSE,4.1,alprazolam
CID100002118,CID000002118,C0011168,,infrequent,0.001,0.01,PT,C0011168,Dysphagia,FALSE,4.1,alprazolam
CID100002118,CID000002118,C1527344,,infrequent,0.001,0.01,PT,C1527344,Dysphonia,FALSE,4.1,alprazolam
CID100002118,CID000002118,C0013404,,1.5%,0.015,0.015,PT,C0013404,Dyspnoea,FALSE,4.1,alprazolam
CID100002118,CID000002118,C0013404,placebo,0.3%,0.003,0.003,PT,C0013404,Dyspnoea,TRUE,4.1,alprazolam
CID100002118,CID000002118,C0241705,,12%,0.12,0.12,PT,C0013428,Dysuria,FALSE,4.1,alprazolam
CID100002118,CID000002118,C0241705,,12.2%,0.122,0.122,PT,C0013428,Dysuria,FALSE,4.1,alprazolam
CID100002118,CID000002118,C0241705,,8.6%,0.086,0.086,PT,C0013428,Dysuria,FALSE,4.1,alprazolam
CID100002118,CID000002118,C0241705,,frequent,0.01,1,PT,C0013428,Dysuria,FALSE,4.1,alprazolam
CID100002118,CID000002118,C0241705,placebo,8.6%,0.086,0.086,PT,C0013428,Dysuria,TRUE,4.1,alprazolam
CID100002118,CID000002118,C0241705,placebo,9%,0.09,0.09,PT,C0013428,Dysuria,TRUE,4.1,alprazolam
CID100002118,CID000002118,C0013456,,infrequent,0.001,0.01,PT,C0013456,Ear pain,FALSE,4.1,alprazolam
CID100002118,CID000002118,C0455769,,infrequent,0.001,0.01,PT,C0455769,Energy increased,FALSE,4.1,alprazolam
CID100002118,CID000002118,C0014591,,infrequent,0.001,0.01,PT,C0014591,Epistaxis,FALSE,4.1,alprazolam
CID100002118,CID000002118,C0038325,,postmarketing,0,0.001,PT,C0014742,Erythema multiforme,FALSE,4.1,alprazolam
CID100002118,CID000002118,C0235146,,infrequent,0.001,0.01,PT,C0235146,Euphoric mood,FALSE,4.1,alprazolam
CID100002118,CID000002118,C0015397,,infrequent,0.001,0.01,PT,C0015397,Eye disorder,FALSE,4.1,alprazolam
CID100002118,CID000002118,C0015672,,1.7%,0.017,0.017,PT,C0015672,Fatigue,FALSE,4.1,alprazolam
CID100002118,CID000002118,C0015672,,1.8%,0.018,0.018,PT,C0015672,Fatigue,FALSE,4.1,alprazolam
CID100002118,CID000002118,C0015672,,13.9%,0.139,0.139,PT,C0015672,Fatigue,FALSE,4.1,alprazolam
CID100002118,CID000002118,C0015672,,48.6%,0.486,0.486,PT,C0015672,Fatigue,FALSE,4.1,alprazolam
CID100002118,CID000002118,C0015672,,49%,0.49,0.49,PT,C0015672,Fatigue,FALSE,4.1,alprazolam
CID100002118,CID000002118,C0015672,placebo,0.6%,0.006,0.006,PT,C0015672,Fatigue,TRUE,4.1,alprazolam
CID100002118,CID000002118,C0015672,placebo,42%,0.42,0.42,PT,C0015672,Fatigue,TRUE,4.1,alprazolam
CID100002118,CID000002118,C0015672,placebo,42.3%,0.423,0.423,PT,C0015672,Fatigue,TRUE,4.1,alprazolam
CID100002118,CID000002118,C0015672,placebo,9.2%,0.092,0.092,PT,C0015672,Fatigue,TRUE,4.1,alprazolam
CID100002118,CID000002118,C0015726,,1%,0.01,0.01,PT,C0015726,Fear,FALSE,4.1,alprazolam
CID100002118,CID000002118,C0015726,,1.4%,0.014,0.014,PT,C0015726,Fear,FALSE,4.1,alprazolam
CID100002118,CID000002118,C0015726,placebo,1%,0.01,0.01,PT,C0015726,Fear,TRUE,4.1,alprazolam
CID100002118,CID000002118,C0009676,,0.9%,0.009,0.009,PT,C1443060,Feeling abnormal,FALSE,4.1,alprazolam
CID100002118,CID000002118,C0009676,,1.5%,0.015,0.015,PT,C1443060,Feeling abnormal,FALSE,4.1,alprazolam
CID100002118,CID000002118,C0009676,,10%,0.1,0.1,PT,C1443060,Feeling abnormal,FALSE,4.1,alprazolam
CID100002118,CID000002118,C0009676,,10.4%,0.104,0.104,PT,C1443060,Feeling abnormal,FALSE,4.1,alprazolam
CID100002118,CID000002118,C0009676,,9.9%,0.099,0.099,PT,C1443060,Feeling abnormal,FALSE,4.1,alprazolam
CID100002118,CID000002118,C0009676,placebo,0.9%,0.009,0.009,PT,C1443060,Feeling abnormal,TRUE,4.1,alprazolam
CID100002118,CID000002118,C0009676,placebo,10%,0.1,0.1,PT,C1443060,Feeling abnormal,TRUE,4.1,alprazolam
CID100002118,CID000002118,C0009676,placebo,8%,0.08,0.08,PT,C1443060,Feeling abnormal,TRUE,4.1,alprazolam
CID100002118,CID000002118,C0009676,placebo,8.2%,0.082,0.082,PT,C1443060,Feeling abnormal,TRUE,4.1,alprazolam
CID100002118,CID000002118,C0231218,,frequent,0.01,1,PT,C1443060,Feeling abnormal,FALSE,4.1,alprazolam
CID100002118,CID000002118,C0522172,,infrequent,0.001,0.01,PT,C0522172,Feeling drunk,FALSE,4.1,alprazolam
CID100002118,CID000002118,C2939147,,infrequent,0.001,0.01,PT,C2939147,Feeling hot,FALSE,4.1,alprazolam
CID100002118,CID000002118,C0549209,,infrequent,0.001,0.01,PT,C0549209,Feeling jittery,FALSE,4.1,alprazolam
CID100002118,CID000002118,C0522165,,infrequent,0.001,0.01,PT,C0522165,Feeling of relaxation,FALSE,4.1,alprazolam
CID100002118,CID000002118,C0085632,,infrequent,0.001,0.01,PT,C0233471,Flat affect,FALSE,4.1,alprazolam
CID100002118,CID000002118,C0235660,,postmarketing,0,0.001,PT,C0235660,Galactorrhoea,FALSE,4.1,alprazolam
CID100002118,CID000002118,C0017178,,12.1%,0.121,0.121,PT,C0017178,Gastrointestinal disorder,FALSE,4.1,alprazolam
CID100002118,CID000002118,C0017178,,infrequent,0.001,0.01,PT,C0017178,Gastrointestinal disorder,FALSE,4.1,alprazolam
CID100002118,CID000002118,C0017178,,postmarketing,0,0.001,PT,C0017178,Gastrointestinal disorder,FALSE,4.1,alprazolam
CID100002118,CID000002118,C0017178,placebo,3.1%,0.031,0.031,PT,C0017178,Gastrointestinal disorder,TRUE,4.1,alprazolam
CID100002118,CID000002118,C0000737,,frequent,0.01,1,PT,C0687713,Gastrointestinal pain,FALSE,4.1,alprazolam
CID100002118,CID000002118,C0018418,,postmarketing,0,0.001,PT,C0018418,Gynaecomastia,FALSE,4.1,alprazolam
CID100002118,CID000002118,C0018524,,infrequent,0.001,0.01,PT,C0018524,Hallucination,FALSE,4.1,alprazolam
CID100002118,CID000002118,C0221100,,infrequent,0.001,0.01,PT,C0221100,Hangover,FALSE,4.1,alprazolam
CID100002118,CID000002118,C0018681,,1.1%,0.011,0.011,PT,C0018681,Headache,FALSE,4.1,alprazolam
CID100002118,CID000002118,C0018681,,12.9%,0.129,0.129,PT,C0018681,Headache,FALSE,4.1,alprazolam
CID100002118,CID000002118,C0018681,,26.5%,0.265,0.265,PT,C0018681,Headache,FALSE,4.1,alprazolam
CID100002118,CID000002118,C0018681,,29.2%,0.292,0.292,PT,C0018681,Headache,FALSE,4.1,alprazolam
CID100002118,CID000002118,C0018681,,frequent,0.01,1,PT,C0018681,Headache,FALSE,4.1,alprazolam
CID100002118,CID000002118,C0018681,placebo,12.6%,0.126,0.126,PT,C0018681,Headache,TRUE,4.1,alprazolam
CID100002118,CID000002118,C0018681,placebo,19.6%,0.196,0.196,PT,C0018681,Headache,TRUE,4.1,alprazolam
CID100002118,CID000002118,C0018681,placebo,35.6%,0.356,0.356,PT,C0018681,Headache,TRUE,4.1,alprazolam
CID100002118,CID000002118,C0085605,,postmarketing,0,0.001,PT,C0085605,Hepatic failure,FALSE,4.1,alprazolam
CID100002118,CID000002118,C0019158,,postmarketing,0,0.001,PT,C0019158,Hepatitis,FALSE,4.1,alprazolam
CID100002118,CID000002118,C0267792,,postmarketing,0,0.001,PT,C0267792,Hepatobiliary disease,FALSE,4.1,alprazolam
CID100002118,CID000002118,C0267792,,uncommon,0.001,0.01,PT,C0267792,Hepatobiliary disease,FALSE,4.1,alprazolam
CID100002118,CID000002118,C0455204,,infrequent,0.001,0.01,PT,C0455204,Homicidal ideation,FALSE,4.1,alprazolam
CID100002118,CID000002118,C0600142,,1.5%,0.015,0.015,PT,C0600142,Hot flush,FALSE,4.1,alprazolam
CID100002118,CID000002118,C0600142,,5.9%,0.059,0.059,PT,C0600142,Hot flush,FALSE,4.1,alprazolam
CID100002118,CID000002118,C0600142,placebo,1.4%,0.014,0.014,PT,C0600142,Hot flush,TRUE,4.1,alprazolam
CID100002118,CID000002118,C0600142,placebo,2.7%,0.027,0.027,PT,C0600142,Hot flush,TRUE,4.1,alprazolam
CID100002118,CID000002118,C0020453,,1.3%,0.013,0.013,PT,C0020453,Hyperaesthesia,FALSE,4.1,alprazolam
CID100002118,CID000002118,C0020453,placebo,0%,0,0,PT,C0020453,Hyperaesthesia,TRUE,4.1,alprazolam
CID100002118,CID000002118,C0038990,,15.1%,0.151,0.151,PT,C0020458,Hyperhidrosis,FALSE,4.1,alprazolam
CID100002118,CID000002118,C0038990,,23.5%,0.235,0.235,PT,C0020458,Hyperhidrosis,FALSE,4.1,alprazolam
CID100002118,CID000002118,C0038990,placebo,23.5%,0.235,0.235,PT,C0020458,Hyperhidrosis,TRUE,4.1,alprazolam
CID100002118,CID000002118,C0700590,,frequent,0.01,1,PT,C0020458,Hyperhidrosis,FALSE,4.1,alprazolam
CID100002118,CID000002118,C0020514,,postmarketing,0,0.001,PT,C0020514,Hyperprolactinaemia,FALSE,4.1,alprazolam
CID100002118,CID000002118,C0020517,,0.6%,0.006,0.006,PT,C0020517,Hypersensitivity,FALSE,4.1,alprazolam
CID100002118,CID000002118,C0020517,,3.8%,0.038,0.038,PT,C0020517,Hypersensitivity,FALSE,4.1,alprazolam
CID100002118,CID000002118,C0020517,,4%,0.04,0.04,PT,C0020517,Hypersensitivity,FALSE,4.1,alprazolam
CID100002118,CID000002118,C0020517,placebo,3%,0.03,0.03,PT,C0020517,Hypersensitivity,TRUE,4.1,alprazolam
CID100002118,CID000002118,C0020517,placebo,3.1%,0.031,0.031,PT,C0020517,Hypersensitivity,TRUE,4.1,alprazolam
CID100002118,CID000002118,C0917799,,1.3%,0.013,0.013,PT,C0917799,Hypersomnia,FALSE,4.1,alprazolam
CID100002118,CID000002118,C0917799,placebo,0%,0,0,PT,C0917799,Hypersomnia,TRUE,4.1,alprazolam
CID100002118,CID000002118,C0020578,,14.5%,0.145,0.145,PT,C0020578,Hyperventilation,FALSE,4.1,alprazolam
CID100002118,CID000002118,C0020578,,8.5%,0.085,0.085,PT,C0020578,Hyperventilation,FALSE,4.1,alprazolam
CID100002118,CID000002118,C0020578,,9.7%,0.097,0.097,PT,C0020578,Hyperventilation,FALSE,4.1,alprazolam
CID100002118,CID000002118,C0020578,,frequent,0.01,1,PT,C0020578,Hyperventilation,FALSE,4.1,alprazolam
CID100002118,CID000002118,C0020578,placebo,14.5%,0.145,0.145,PT,C0020578,Hyperventilation,TRUE,4.1,alprazolam
CID100002118,CID000002118,C0020578,placebo,2.7%,0.027,0.027,PT,C0020578,Hyperventilation,TRUE,4.1,alprazolam
CID100002118,CID000002118,C0020580,,1.3%,0.013,0.013,PT,C0020580,Hypoaesthesia,FALSE,4.1,alprazolam
CID100002118,CID000002118,C0020580,,7.8%,0.078,0.078,PT,C0020580,Hypoaesthesia,FALSE,4.1,alprazolam
CID100002118,CID000002118,C0020580,placebo,0.3%,0.003,0.003,PT,C0020580,Hypoaesthesia,TRUE,4.1,alprazolam
CID100002118,CID000002118,C0020580,placebo,2.3%,0.023,0.023,PT,C0020580,Hypoaesthesia,TRUE,4.1,alprazolam
CID100002118,CID000002118,C0241934,,infrequent,0.001,0.01,PT,C0241934,Hypomania,FALSE,4.1,alprazolam
CID100002118,CID000002118,C0241934,,postmarketing,0,0.001,PT,C0241934,Hypomania,FALSE,4.1,alprazolam
CID100002118,CID000002118,C0020649,,4.7%,0.047,0.047,PT,C0020649,Hypotension,FALSE,4.1,alprazolam
CID100002118,CID000002118,C0020649,,5%,0.05,0.05,PT,C0020649,Hypotension,FALSE,4.1,alprazolam
CID100002118,CID000002118,C0020649,,infrequent,0.001,0.01,PT,C0020649,Hypotension,FALSE,4.1,alprazolam
CID100002118,CID000002118,C0020649,placebo,2%,0.02,0.02,PT,C0020649,Hypotension,TRUE,4.1,alprazolam
CID100002118,CID000002118,C0020649,placebo,2.2%,0.022,0.022,PT,C0020649,Hypotension,TRUE,4.1,alprazolam
CID100002118,CID000002118,C0026827,,infrequent,0.001,0.01,PT,C0026827,Hypotonia,FALSE,4.1,alprazolam
CID100002118,CID000002118,C0231218,,frequent,0.01,1,PT,C2047937,Ill-defined disorder,FALSE,4.1,alprazolam
CID100002118,CID000002118,C0021167,,0.6%,0.006,0.006,PT,C0021167,Incontinence,FALSE,4.1,alprazolam
CID100002118,CID000002118,C0021167,,1.5%,0.015,0.015,PT,C0021167,Incontinence,FALSE,4.1,alprazolam
CID100002118,CID000002118,C0021167,,2%,0.02,0.02,PT,C0021167,Incontinence,FALSE,4.1,alprazolam
CID100002118,CID000002118,C0021167,placebo,0.6%,0.006,0.006,PT,C0021167,Incontinence,TRUE,4.1,alprazolam
CID100002118,CID000002118,C0021167,placebo,1%,0.01,0.01,PT,C0021167,Incontinence,TRUE,4.1,alprazolam
CID100002118,CID000002118,C0232461,,22.8%,0.228,0.228,PT,C0232461,Increased appetite,FALSE,4.1,alprazolam
CID100002118,CID000002118,C0232461,,32.7%,0.327,0.327,PT,C0232461,Increased appetite,FALSE,4.1,alprazolam
CID100002118,CID000002118,C0232461,,33%,0.33,0.33,PT,C0232461,Increased appetite,FALSE,4.1,alprazolam
CID100002118,CID000002118,C0232461,,7%,0.07,0.07,PT,C0232461,Increased appetite,FALSE,4.1,alprazolam
CID100002118,CID000002118,C0232461,placebo,22.8%,0.228,0.228,PT,C0232461,Increased appetite,TRUE,4.1,alprazolam
CID100002118,CID000002118,C0232461,placebo,23%,0.23,0.23,PT,C0232461,Increased appetite,TRUE,4.1,alprazolam
CID100002118,CID000002118,C0232461,placebo,6%,0.06,0.06,PT,C0232461,Increased appetite,TRUE,4.1,alprazolam
CID100002118,CID000002118,C0009450,,1.3%,0.013,0.013,PT,C0009450,Infection,FALSE,4.1,alprazolam
CID100002118,CID000002118,C0009450,,1.7%,0.017,0.017,PT,C0009450,Infection,FALSE,4.1,alprazolam
CID100002118,CID000002118,C0009450,,1.9%,0.019,0.019,PT,C0009450,Infection,FALSE,4.1,alprazolam
CID100002118,CID000002118,C0009450,placebo,1.7%,0.017,0.017,PT,C0009450,Infection,TRUE,4.1,alprazolam
CID100002118,CID000002118,C0021400,,2.4%,0.024,0.024,PT,C0021400,Influenza,FALSE,4.1,alprazolam
CID100002118,CID000002118,C0021400,placebo,2.3%,0.023,0.023,PT,C0021400,Influenza,TRUE,4.1,alprazolam
CID100002118,CID000002118,C0917801,,1.3%,0.013,0.013,PT,C0917801,Insomnia,FALSE,4.1,alprazolam
CID100002118,CID000002118,C0917801,,24.2%,0.242,0.242,PT,C0917801,Insomnia,FALSE,4.1,alprazolam
CID100002118,CID000002118,C0917801,,29.4%,0.294,0.294,PT,C0917801,Insomnia,FALSE,4.1,alprazolam
CID100002118,CID000002118,C0917801,,8.9%,0.089,0.089,PT,C0917801,Insomnia,FALSE,4.1,alprazolam
CID100002118,CID000002118,C0917801,,frequent,0.01,1,PT,C0917801,Insomnia,FALSE,4.1,alprazolam
CID100002118,CID000002118,C0917801,placebo,18.4%,0.184,0.184,PT,C0917801,Insomnia,TRUE,4.1,alprazolam
CID100002118,CID000002118,C0917801,placebo,41.8%,0.418,0.418,PT,C0917801,Insomnia,TRUE,4.1,alprazolam
CID100002118,CID000002118,C0917801,placebo,9.6%,0.096,0.096,PT,C0917801,Insomnia,TRUE,4.1,alprazolam
CID100002118,CID000002118,C0022107,,33%,0.33,0.33,PT,C0022107,Irritability,FALSE,4.1,alprazolam
CID100002118,CID000002118,C0022107,,33.1%,0.331,0.331,PT,C0022107,Irritability,FALSE,4.1,alprazolam
CID100002118,CID000002118,C0022107,,frequent,0.01,1,PT,C0022107,Irritability,FALSE,4.1,alprazolam
CID100002118,CID000002118,C0022107,placebo,30%,0.3,0.3,PT,C0022107,Irritability,TRUE,4.1,alprazolam
CID100002118,CID000002118,C0022107,placebo,30.1%,0.301,0.301,PT,C0022107,Irritability,TRUE,4.1,alprazolam
CID100002118,CID000002118,C0022346,,postmarketing,0,0.001,PT,C0022346,Jaundice,FALSE,4.1,alprazolam
CID100002118,CID000002118,C0858635,,3.2%,0.032,0.032,PT,C0549373,Laryngeal pain,FALSE,4.1,alprazolam
CID100002118,CID000002118,C0858635,placebo,2.6%,0.026,0.026,PT,C0549373,Laryngeal pain,TRUE,4.1,alprazolam
CID100002118,CID000002118,C0023380,,1.7%,0.017,0.017,PT,C0023380,Lethargy,FALSE,4.1,alprazolam
CID100002118,CID000002118,C0023380,placebo,0.6%,0.006,0.006,PT,C0023380,Lethargy,TRUE,4.1,alprazolam
CID100002118,CID000002118,C0011124,,14%,0.14,0.14,PT,C0011124,Libido decreased,FALSE,4.1,alprazolam
CID100002118,CID000002118,C0011124,,14.4%,0.144,0.144,PT,C0011124,Libido decreased,FALSE,4.1,alprazolam
CID100002118,CID000002118,C0011124,,6%,0.06,0.06,PT,C0011124,Libido decreased,FALSE,4.1,alprazolam
CID100002118,CID000002118,C0011124,placebo,2.3%,0.023,0.023,PT,C0011124,Libido decreased,TRUE,4.1,alprazolam
CID100002118,CID000002118,C0011124,placebo,8%,0.08,0.08,PT,C0011124,Libido decreased,TRUE,4.1,alprazolam
CID100002118,CID000002118,C0021177,,7.7%,0.077,0.077,PT,C0021177,Libido increased,FALSE,4.1,alprazolam
CID100002118,CID000002118,C0021177,,8%,0.08,0.08,PT,C0021177,Libido increased,FALSE,4.1,alprazolam
CID100002118,CID000002118,C0021177,,frequent,0.01,1,PT,C0021177,Libido increased,FALSE,4.1,alprazolam
CID100002118,CID000002118,C0021177,placebo,4%,0.04,0.04,PT,C0021177,Libido increased,TRUE,4.1,alprazolam
CID100002118,CID000002118,C0021177,placebo,4.1%,0.041,0.041,PT,C0021177,Libido increased,TRUE,4.1,alprazolam
CID100002118,CID000002118,C0859023,,1%,0.01,0.01,PT,C3248383,Logorrhoea,FALSE,4.1,alprazolam
CID100002118,CID000002118,C0859023,,2%,0.02,0.02,PT,C3248383,Logorrhoea,FALSE,4.1,alprazolam
CID100002118,CID000002118,C0859023,,2.2%,0.022,0.022,PT,C3248383,Logorrhoea,FALSE,4.1,alprazolam
CID100002118,CID000002118,C0859023,placebo,1%,0.01,0.01,PT,C3248383,Logorrhoea,TRUE,4.1,alprazolam
CID100002118,CID000002118,C3248383,,infrequent,0.001,0.01,PT,C3248383,Logorrhoea,FALSE,4.1,alprazolam
CID100002118,CID000002118,C0039070,,3.1%,0.031,0.031,PT,C0041657,Loss of consciousness,FALSE,4.1,alprazolam
CID100002118,CID000002118,C0039070,,3.8%,0.038,0.038,PT,C0041657,Loss of consciousness,FALSE,4.1,alprazolam
CID100002118,CID000002118,C0039070,,4.8%,0.048,0.048,PT,C0041657,Loss of consciousness,FALSE,4.1,alprazolam
CID100002118,CID000002118,C0039070,,infrequent,0.001,0.01,PT,C0041657,Loss of consciousness,FALSE,4.1,alprazolam
CID100002118,CID000002118,C0039070,placebo,4%,0.04,0.04,PT,C0041657,Loss of consciousness,TRUE,4.1,alprazolam
CID100002118,CID000002118,C0039070,placebo,4.8%,0.048,0.048,PT,C0041657,Loss of consciousness,TRUE,4.1,alprazolam
CID100002118,CID000002118,C0522042,,infrequent,0.001,0.01,PT,C0522042,Loss of control of legs,FALSE,4.1,alprazolam
CID100002118,CID000002118,C0231218,,frequent,0.01,1,PT,C0231218,Malaise,FALSE,4.1,alprazolam
CID100002118,CID000002118,C0162429,,9.5%,0.095,0.095,PT,C0162429,Malnutrition,FALSE,4.1,alprazolam
CID100002118,CID000002118,C0162429,placebo,3.8%,0.038,0.038,PT,C0162429,Malnutrition,TRUE,4.1,alprazolam
CID100002118,CID000002118,C0338831,,infrequent,0.001,0.01,PT,C0338831,Mania,FALSE,4.1,alprazolam
CID100002118,CID000002118,C0338831,,postmarketing,0,0.001,PT,C0338831,Mania,FALSE,4.1,alprazolam
CID100002118,CID000002118,C0025061,,8.5%,0.085,0.085,PT,C0025061,Mediastinal disorder,FALSE,4.1,alprazolam
CID100002118,CID000002118,C0025061,,infrequent,0.001,0.01,PT,C0025061,Mediastinal disorder,FALSE,4.1,alprazolam
CID100002118,CID000002118,C0025061,placebo,2.7%,0.027,0.027,PT,C0025061,Mediastinal disorder,TRUE,4.1,alprazolam
CID100002118,CID000002118,C0233794,,1.5%,0.015,0.015,PT,C0233794,Memory impairment,FALSE,4.1,alprazolam
CID100002118,CID000002118,C0233794,,15.4%,0.154,0.154,PT,C0233794,Memory impairment,FALSE,4.1,alprazolam
CID100002118,CID000002118,C0233794,,33%,0.33,0.33,PT,C0233794,Memory impairment,FALSE,4.1,alprazolam
CID100002118,CID000002118,C0233794,,33.1%,0.331,0.331,PT,C0233794,Memory impairment,FALSE,4.1,alprazolam
CID100002118,CID000002118,C0233794,placebo,0.3%,0.003,0.003,PT,C0233794,Memory impairment,TRUE,4.1,alprazolam
CID100002118,CID000002118,C0233794,placebo,22%,0.22,0.22,PT,C0233794,Memory impairment,TRUE,4.1,alprazolam
CID100002118,CID000002118,C0233794,placebo,22.1%,0.221,0.221,PT,C0233794,Memory impairment,TRUE,4.1,alprazolam
CID100002118,CID000002118,C0233794,placebo,6.9%,0.069,0.069,PT,C0233794,Memory impairment,TRUE,4.1,alprazolam
CID100002118,CID000002118,C0600142,,1.5%,0.015,0.015,PT,C0236075,Menopausal symptoms,FALSE,4.1,alprazolam
CID100002118,CID000002118,C0600142,,5.9%,0.059,0.059,PT,C0236075,Menopausal symptoms,FALSE,4.1,alprazolam
CID100002118,CID000002118,C0600142,placebo,1.4%,0.014,0.014,PT,C0236075,Menopausal symptoms,TRUE,4.1,alprazolam
CID100002118,CID000002118,C0600142,placebo,2.7%,0.027,0.027,PT,C0236075,Menopausal symptoms,TRUE,4.1,alprazolam
CID100002118,CID000002118,C0025345,,10%,0.1,0.1,PT,C0025345,Menstrual disorder,FALSE,4.1,alprazolam
CID100002118,CID000002118,C0025345,,10.4%,0.104,0.104,PT,C0025345,Menstrual disorder,FALSE,4.1,alprazolam
CID100002118,CID000002118,C0025345,,8.7%,0.087,0.087,PT,C0025345,Menstrual disorder,FALSE,4.1,alprazolam
CID100002118,CID000002118,C0025345,placebo,8.7%,0.087,0.087,PT,C0025345,Menstrual disorder,TRUE,4.1,alprazolam
CID100002118,CID000002118,C0025345,placebo,9%,0.09,0.09,PT,C0025345,Menstrual disorder,TRUE,4.1,alprazolam
CID100002118,CID000002118,C0156404,,postmarketing,0,0.001,PT,C0156404,Menstruation irregular,FALSE,4.1,alprazolam
CID100002118,CID000002118,C1306341,,7.2%,0.072,0.072,PT,C1306341,Mental disability,FALSE,4.1,alprazolam
CID100002118,CID000002118,C1306341,placebo,5.7%,0.057,0.057,PT,C1306341,Mental disability,TRUE,4.1,alprazolam
CID100002118,CID000002118,C0004936,,2.5%,0.025,0.025,PT,C0004936,Mental disorder,FALSE,4.1,alprazolam
CID100002118,CID000002118,C0004936,,postmarketing,0,0.001,PT,C0004936,Mental disorder,FALSE,4.1,alprazolam
CID100002118,CID000002118,C0004936,,uncommon,0.001,0.01,PT,C0004936,Mental disorder,FALSE,4.1,alprazolam
CID100002118,CID000002118,C0004936,placebo,1.2%,0.012,0.012,PT,C0004936,Mental disorder,TRUE,4.1,alprazolam
CID100002118,CID000002118,C1306341,,7.2%,0.072,0.072,PT,C0025362,Mental retardation,FALSE,4.1,alprazolam
CID100002118,CID000002118,C1306341,placebo,5.7%,0.057,0.057,PT,C0025362,Mental retardation,TRUE,4.1,alprazolam
CID100002118,CID000002118,C0085633,,infrequent,0.001,0.01,PT,C0085633,Mood swings,FALSE,4.1,alprazolam
CID100002118,CID000002118,C0026827,,infrequent,0.001,0.01,PT,C1142135,Muscle relaxant therapy,FALSE,4.1,alprazolam
CID100002118,CID000002118,C0026837,,0.4%,0.004,0.004,PT,C0026837,Muscle rigidity,FALSE,4.1,alprazolam
CID100002118,CID000002118,C0026837,,4.2%,0.042,0.042,PT,C0026837,Muscle rigidity,FALSE,4.1,alprazolam
CID100002118,CID000002118,C0026837,placebo,5.3%,0.053,0.053,PT,C0026837,Muscle rigidity,TRUE,4.1,alprazolam
CID100002118,CID000002118,C0026821,,2.4%,0.024,0.024,PT,C0037763,Muscle spasms,FALSE,4.1,alprazolam
CID100002118,CID000002118,C0026821,,frequent,0.01,1,PT,C0037763,Muscle spasms,FALSE,4.1,alprazolam
CID100002118,CID000002118,C0026821,placebo,2.4%,0.024,0.024,PT,C0037763,Muscle spasms,TRUE,4.1,alprazolam
CID100002118,CID000002118,C0231530,,7.4%,0.074,0.074,PT,C0231530,Muscle twitching,FALSE,4.1,alprazolam
CID100002118,CID000002118,C0231530,,7.9%,0.079,0.079,PT,C0231530,Muscle twitching,FALSE,4.1,alprazolam
CID100002118,CID000002118,C0231530,,frequent,0.01,1,PT,C0231530,Muscle twitching,FALSE,4.1,alprazolam
CID100002118,CID000002118,C0231530,placebo,11.8%,0.118,0.118,PT,C0231530,Muscle twitching,TRUE,4.1,alprazolam
CID100002118,CID000002118,C0231530,placebo,2.7%,0.027,0.027,PT,C0231530,Muscle twitching,TRUE,4.1,alprazolam
CID100002118,CID000002118,C0003862,,2.4%,0.024,0.024,PT,C0948594,Musculoskeletal discomfort,FALSE,4.1,alprazolam
CID100002118,CID000002118,C0003862,placebo,0.6%,0.006,0.006,PT,C0948594,Musculoskeletal discomfort,TRUE,4.1,alprazolam
CID100002118,CID000002118,C0231528,,1.5%,0.015,0.015,PT,C0948594,Musculoskeletal discomfort,FALSE,4.1,alprazolam
CID100002118,CID000002118,C0231528,placebo,1.1%,0.011,0.011,PT,C0948594,Musculoskeletal discomfort,TRUE,4.1,alprazolam
CID100002118,CID000002118,C0221170,,2.2%,0.022,0.022,PT,C0948525,Musculoskeletal stiffness,FALSE,4.1,alprazolam
CID100002118,CID000002118,C0221170,,3.3%,0.033,0.033,PT,C0948525,Musculoskeletal stiffness,FALSE,4.1,alprazolam
CID100002118,CID000002118,C0221170,placebo,3.3%,0.033,0.033,PT,C0948525,Musculoskeletal stiffness,TRUE,4.1,alprazolam
CID100002118,CID000002118,C0231528,,1.5%,0.015,0.015,PT,C0231528,Myalgia,FALSE,4.1,alprazolam
CID100002118,CID000002118,C0231528,placebo,1.1%,0.011,0.011,PT,C0231528,Myalgia,TRUE,4.1,alprazolam
CID100002118,CID000002118,C0026961,,infrequent,0.001,0.01,PT,C0026961,Mydriasis,FALSE,4.1,alprazolam
CID100002118,CID000002118,C0027424,,17.4%,0.174,0.174,PT,C0027424,Nasal congestion,FALSE,4.1,alprazolam
CID100002118,CID000002118,C0027424,,7.3%,0.073,0.073,PT,C0027424,Nasal congestion,FALSE,4.1,alprazolam
CID100002118,CID000002118,C0027424,,frequent,0.01,1,PT,C0027424,Nasal congestion,FALSE,4.1,alprazolam
CID100002118,CID000002118,C0027424,placebo,16.5%,0.165,0.165,PT,C0027424,Nasal congestion,TRUE,4.1,alprazolam
CID100002118,CID000002118,C0027424,placebo,9.3%,0.093,0.093,PT,C0027424,Nasal congestion,TRUE,4.1,alprazolam
CID100002118,CID000002118,C1260880,,infrequent,0.001,0.01,PT,C0027441,Nasopharyngitis,FALSE,4.1,alprazolam
CID100002118,CID000002118,C0027497,,1.7%,0.017,0.017,PT,C0027497,Nausea,FALSE,4.1,alprazolam
CID100002118,CID000002118,C0027497,,22%,0.22,0.22,PT,C0027497,Nausea,FALSE,4.1,alprazolam
CID100002118,CID000002118,C0027497,,31.8%,0.318,0.318,PT,C0027497,Nausea,FALSE,4.1,alprazolam
CID100002118,CID000002118,C0027497,,6%,0.06,0.06,PT,C0027497,Nausea,FALSE,4.1,alprazolam
CID100002118,CID000002118,C0027497,,9.6%,0.096,0.096,PT,C0027497,Nausea,FALSE,4.1,alprazolam
CID100002118,CID000002118,C0027497,placebo,12.8%,0.128,0.128,PT,C0027497,Nausea,TRUE,4.1,alprazolam
CID100002118,CID000002118,C0027497,placebo,3.2%,0.032,0.032,PT,C0027497,Nausea,TRUE,4.1,alprazolam
CID100002118,CID000002118,C0027497,placebo,31.8%,0.318,0.318,PT,C0027497,Nausea,TRUE,4.1,alprazolam
CID100002118,CID000002118,C0027765,,frequent,0.01,1,PT,C0027765,Nervous system disorder,FALSE,4.1,alprazolam
CID100002118,CID000002118,C0027769,,1.1%,0.011,0.011,PT,C0027769,Nervousness,FALSE,4.1,alprazolam
CID100002118,CID000002118,C0027769,,21.8%,0.218,0.218,PT,C0027769,Nervousness,FALSE,4.1,alprazolam
CID100002118,CID000002118,C0027769,,4.1%,0.041,0.041,PT,C0027769,Nervousness,FALSE,4.1,alprazolam
CID100002118,CID000002118,C0027769,,frequent,0.01,1,PT,C0027769,Nervousness,FALSE,4.1,alprazolam
CID100002118,CID000002118,C0027769,placebo,10.3%,0.103,0.103,PT,C0027769,Nervousness,TRUE,4.1,alprazolam
CID100002118,CID000002118,C0027769,placebo,8.8%,0.088,0.088,PT,C0027769,Nervousness,TRUE,4.1,alprazolam
CID100002118,CID000002118,C0549209,,infrequent,0.001,0.01,PT,C0027769,Nervousness,FALSE,4.1,alprazolam
CID100002118,CID000002118,C0028084,,frequent,0.01,1,PT,C0028084,Nightmare,FALSE,4.1,alprazolam
CID100002118,CID000002118,C0013604,,4.9%,0.049,0.049,PT,C0013604,Oedema,FALSE,4.1,alprazolam
CID100002118,CID000002118,C0013604,,5.6%,0.056,0.056,PT,C0013604,Oedema,FALSE,4.1,alprazolam
CID100002118,CID000002118,C0013604,,infrequent,0.001,0.01,PT,C0013604,Oedema,FALSE,4.1,alprazolam
CID100002118,CID000002118,C0013604,placebo,5.6%,0.056,0.056,PT,C0013604,Oedema,TRUE,4.1,alprazolam
CID100002118,CID000002118,C0085649,,postmarketing,0,0.001,PT,C0085649,Oedema peripheral,FALSE,4.1,alprazolam
CID100002118,CID000002118,C0013362,,10.9%,0.109,0.109,PT,C0029408,Osteoarthritis,FALSE,4.1,alprazolam
CID100002118,CID000002118,C0013362,,2.1%,0.021,0.021,PT,C0029408,Osteoarthritis,FALSE,4.1,alprazolam
CID100002118,CID000002118,C0013362,,23%,0.23,0.23,PT,C0029408,Osteoarthritis,FALSE,4.1,alprazolam
CID100002118,CID000002118,C0013362,,23.3%,0.233,0.233,PT,C0029408,Osteoarthritis,FALSE,4.1,alprazolam
CID100002118,CID000002118,C0013362,placebo,0%,0,0,PT,C0029408,Osteoarthritis,TRUE,4.1,alprazolam
CID100002118,CID000002118,C0013362,placebo,2.6%,0.026,0.026,PT,C0029408,Osteoarthritis,TRUE,4.1,alprazolam
CID100002118,CID000002118,C0013362,placebo,6%,0.06,0.06,PT,C0029408,Osteoarthritis,TRUE,4.1,alprazolam
CID100002118,CID000002118,C0013362,placebo,6.3%,0.063,0.063,PT,C0029408,Osteoarthritis,TRUE,4.1,alprazolam
CID100002118,CID000002118,C0030196,,1.1%,0.011,0.011,PT,C0030196,Pain in extremity,FALSE,4.1,alprazolam
CID100002118,CID000002118,C0030196,placebo,0.3%,0.003,0.003,PT,C0030196,Pain in extremity,TRUE,4.1,alprazolam
CID100002118,CID000002118,C0030252,,0.4%,0.004,0.004,PT,C0030252,Palpitations,FALSE,4.1,alprazolam
CID100002118,CID000002118,C0030252,,7.7%,0.077,0.077,PT,C0030252,Palpitations,FALSE,4.1,alprazolam
CID100002118,CID000002118,C0030252,,frequent,0.01,1,PT,C0030252,Palpitations,FALSE,4.1,alprazolam
CID100002118,CID000002118,C0030252,placebo,15.6%,0.156,0.156,PT,C0030252,Palpitations,TRUE,4.1,alprazolam
CID100002118,CID000002118,C0030319,,infrequent,0.001,0.01,PT,C0030319,Panic disorder,FALSE,4.1,alprazolam
CID100002118,CID000002118,C0030554,,2.4%,0.024,0.024,PT,C0030554,Paraesthesia,FALSE,4.1,alprazolam
CID100002118,CID000002118,C0030554,,3.2%,0.032,0.032,PT,C0030554,Paraesthesia,FALSE,4.1,alprazolam
CID100002118,CID000002118,C0030554,,7.1%,0.071,0.071,PT,C0030554,Paraesthesia,FALSE,4.1,alprazolam
CID100002118,CID000002118,C0030554,placebo,1.7%,0.017,0.017,PT,C0030554,Paraesthesia,TRUE,4.1,alprazolam
CID100002118,CID000002118,C0030554,placebo,2.7%,0.027,0.027,PT,C0030554,Paraesthesia,TRUE,4.1,alprazolam
CID100002118,CID000002118,C0030554,placebo,3.2%,0.032,0.032,PT,C0030554,Paraesthesia,TRUE,4.1,alprazolam
CID100002118,CID000002118,C0085636,,infrequent,0.001,0.01,PT,C0085636,Photophobia,FALSE,4.1,alprazolam
CID100002118,CID000002118,C0162830,,postmarketing,0,0.001,PT,C0162830,Photosensitivity reaction,FALSE,4.1,alprazolam
CID100002118,CID000002118,C0042023,,infrequent,0.001,0.01,PT,C0042023,Pollakiuria,FALSE,4.1,alprazolam
CID100002118,CID000002118,C0033046,,1.7%,0.017,0.017,PT,C0033046,Premenstrual syndrome,FALSE,4.1,alprazolam
CID100002118,CID000002118,C0033046,placebo,0.6%,0.006,0.006,PT,C0033046,Premenstrual syndrome,TRUE,4.1,alprazolam
CID100002118,CID000002118,C0033774,,1.1%,0.011,0.011,PT,C0033774,Pruritus,FALSE,4.1,alprazolam
CID100002118,CID000002118,C0033774,placebo,0.9%,0.009,0.009,PT,C0033774,Pruritus,TRUE,4.1,alprazolam
CID100002118,CID000002118,C0424230,,infrequent,0.001,0.01,PT,C0424230,Psychomotor retardation,FALSE,4.1,alprazolam
CID100002118,CID000002118,C0015230,,10.8%,0.108,0.108,PT,C0015230,Rash,FALSE,4.1,alprazolam
CID100002118,CID000002118,C0015230,,11%,0.11,0.11,PT,C0015230,Rash,FALSE,4.1,alprazolam
CID100002118,CID000002118,C0015230,,8.1%,0.081,0.081,PT,C0015230,Rash,FALSE,4.1,alprazolam
CID100002118,CID000002118,C0015230,,infrequent,0.001,0.01,PT,C0015230,Rash,FALSE,4.1,alprazolam
CID100002118,CID000002118,C0015230,placebo,8%,0.08,0.08,PT,C0015230,Rash,TRUE,4.1,alprazolam
CID100002118,CID000002118,C0015230,placebo,8.1%,0.081,0.081,PT,C0015230,Rash,TRUE,4.1,alprazolam
CID100002118,CID000002118,C2607914,,1.1%,0.011,0.011,PT,C2607914,Rhinitis allergic,FALSE,4.1,alprazolam
CID100002118,CID000002118,C2607914,placebo,0.6%,0.006,0.006,PT,C2607914,Rhinitis allergic,TRUE,4.1,alprazolam
CID100002118,CID000002118,C1260880,,infrequent,0.001,0.01,PT,C1260880,Rhinorrhoea,FALSE,4.1,alprazolam
CID100002118,CID000002118,C0221706,,1.5%,0.015,0.015,PT,C0221706,Road traffic accident,FALSE,4.1,alprazolam
CID100002118,CID000002118,C0221706,placebo,0%,0,0,PT,C0221706,Road traffic accident,TRUE,4.1,alprazolam
CID100002118,CID000002118,C0036104,,32.8%,0.328,0.328,PT,C0037036,Salivary hypersecretion,FALSE,4.1,alprazolam
CID100002118,CID000002118,C0036104,placebo,34.2%,0.342,0.342,PT,C0037036,Salivary hypersecretion,TRUE,4.1,alprazolam
CID100002118,CID000002118,C0037036,,4%,0.04,0.04,PT,C0037036,Salivary hypersecretion,FALSE,4.1,alprazolam
CID100002118,CID000002118,C0037036,,4.2%,0.042,0.042,PT,C0037036,Salivary hypersecretion,FALSE,4.1,alprazolam
CID100002118,CID000002118,C0037036,,5.6%,0.056,0.056,PT,C0037036,Salivary hypersecretion,FALSE,4.1,alprazolam
CID100002118,CID000002118,C0037036,,6%,0.06,0.06,PT,C0037036,Salivary hypersecretion,FALSE,4.1,alprazolam
CID100002118,CID000002118,C0037036,,infrequent,0.001,0.01,PT,C0037036,Salivary hypersecretion,FALSE,4.1,alprazolam
CID100002118,CID000002118,C0037036,placebo,2%,0.02,0.02,PT,C0037036,Salivary hypersecretion,TRUE,4.1,alprazolam
CID100002118,CID000002118,C0037036,placebo,2.4%,0.024,0.024,PT,C0037036,Salivary hypersecretion,TRUE,4.1,alprazolam
CID100002118,CID000002118,C0037036,placebo,4%,0.04,0.04,PT,C0037036,Salivary hypersecretion,TRUE,4.1,alprazolam
CID100002118,CID000002118,C0037036,placebo,4.4%,0.044,0.044,PT,C0037036,Salivary hypersecretion,TRUE,4.1,alprazolam
CID100002118,CID000002118,C0549622,,2.4%,0.024,0.024,PT,C0549622,Sexual dysfunction,FALSE,4.1,alprazolam
CID100002118,CID000002118,C0549622,,3.7%,0.037,0.037,PT,C0549622,Sexual dysfunction,FALSE,4.1,alprazolam
CID100002118,CID000002118,C0549622,,7%,0.07,0.07,PT,C0549622,Sexual dysfunction,FALSE,4.1,alprazolam
CID100002118,CID000002118,C0549622,,7.4%,0.074,0.074,PT,C0549622,Sexual dysfunction,FALSE,4.1,alprazolam
CID100002118,CID000002118,C0549622,placebo,1.1%,0.011,0.011,PT,C0549622,Sexual dysfunction,TRUE,4.1,alprazolam
CID100002118,CID000002118,C0549622,placebo,3.7%,0.037,0.037,PT,C0549622,Sexual dysfunction,TRUE,4.1,alprazolam
CID100002118,CID000002118,C0549622,placebo,4%,0.04,0.04,PT,C0549622,Sexual dysfunction,TRUE,4.1,alprazolam
CID100002118,CID000002118,C0039070,,3.1%,0.031,0.031,PT,C0036974,Shock,FALSE,4.1,alprazolam
CID100002118,CID000002118,C0039070,,3.8%,0.038,0.038,PT,C0036974,Shock,FALSE,4.1,alprazolam
CID100002118,CID000002118,C0039070,,4.8%,0.048,0.048,PT,C0036974,Shock,FALSE,4.1,alprazolam
CID100002118,CID000002118,C0039070,,infrequent,0.001,0.01,PT,C0036974,Shock,FALSE,4.1,alprazolam
CID100002118,CID000002118,C0039070,placebo,4%,0.04,0.04,PT,C0036974,Shock,TRUE,4.1,alprazolam
CID100002118,CID000002118,C0039070,placebo,4.8%,0.048,0.048,PT,C0036974,Shock,TRUE,4.1,alprazolam
CID100002118,CID000002118,C0039239,,infrequent,0.001,0.01,PT,C0039239,Sinus tachycardia,FALSE,4.1,alprazolam
CID100002118,CID000002118,C0178298,,1.1%,0.011,0.011,PT,C0037274,Skin disorder,FALSE,4.1,alprazolam
CID100002118,CID000002118,C0178298,,infrequent,0.001,0.01,PT,C0037274,Skin disorder,FALSE,4.1,alprazolam
CID100002118,CID000002118,C0178298,,postmarketing,0,0.001,PT,C0037274,Skin disorder,FALSE,4.1,alprazolam
CID100002118,CID000002118,C0178298,placebo,0.9%,0.009,0.009,PT,C0037274,Skin disorder,TRUE,4.1,alprazolam
CID100002118,CID000002118,C0037315,,infrequent,0.001,0.01,PT,C0037315,Sleep apnoea syndrome,FALSE,4.1,alprazolam
CID100002118,CID000002118,C0542313,,infrequent,0.001,0.01,PT,C0542313,Sleep talking,FALSE,4.1,alprazolam
CID100002118,CID000002118,C0920289,,infrequent,0.001,0.01,PT,C0920289,Sluggishness,FALSE,4.1,alprazolam
CID100002118,CID000002118,C0013144,,1.8%,0.018,0.018,PT,C2830004,Somnolence,FALSE,4.1,alprazolam
CID100002118,CID000002118,C0013144,,15.1%,0.151,0.151,PT,C2830004,Somnolence,FALSE,4.1,alprazolam
CID100002118,CID000002118,C0013144,,41%,0.41,0.41,PT,C2830004,Somnolence,FALSE,4.1,alprazolam
CID100002118,CID000002118,C0013144,,76.8%,0.768,0.768,PT,C2830004,Somnolence,FALSE,4.1,alprazolam
CID100002118,CID000002118,C0013144,placebo,21.6%,0.216,0.216,PT,C2830004,Somnolence,TRUE,4.1,alprazolam
CID100002118,CID000002118,C0013144,placebo,42.7%,0.427,0.427,PT,C2830004,Somnolence,TRUE,4.1,alprazolam
CID100002118,CID000002118,C2830004,,23%,0.23,0.23,PT,C2830004,Somnolence,FALSE,4.1,alprazolam
CID100002118,CID000002118,C2830004,,3.2%,0.032,0.032,PT,C2830004,Somnolence,FALSE,4.1,alprazolam
CID100002118,CID000002118,C2830004,placebo,0.3%,0.003,0.003,PT,C2830004,Somnolence,TRUE,4.1,alprazolam
CID100002118,CID000002118,C2830004,placebo,6%,0.06,0.06,PT,C2830004,Somnolence,TRUE,4.1,alprazolam
CID100002118,CID000002118,C0038325,,postmarketing,0,0.001,PT,C0038325,Stevens-Johnson syndrome,FALSE,4.1,alprazolam
CID100002118,CID000002118,C0392162,,infrequent,0.001,0.01,PT,C0392162,Sticky skin,FALSE,4.1,alprazolam
CID100002118,CID000002118,C0241705,,12%,0.12,0.12,PT,C0241705,Strangury,FALSE,4.1,alprazolam
CID100002118,CID000002118,C0241705,,12.2%,0.122,0.122,PT,C0241705,Strangury,FALSE,4.1,alprazolam
CID100002118,CID000002118,C0241705,,8.6%,0.086,0.086,PT,C0241705,Strangury,FALSE,4.1,alprazolam
CID100002118,CID000002118,C0241705,,frequent,0.01,1,PT,C0241705,Strangury,FALSE,4.1,alprazolam
CID100002118,CID000002118,C0241705,placebo,8.6%,0.086,0.086,PT,C0241705,Strangury,TRUE,4.1,alprazolam
CID100002118,CID000002118,C0241705,placebo,9%,0.09,0.09,PT,C0241705,Strangury,TRUE,4.1,alprazolam
CID100002118,CID000002118,C0085628,,infrequent,0.001,0.01,PT,C0085628,Stupor,FALSE,4.1,alprazolam
CID100002118,CID000002118,C0424000,,infrequent,0.001,0.01,PT,C0424000,Suicidal ideation,FALSE,4.1,alprazolam
CID100002118,CID000002118,C0039070,,3.1%,0.031,0.031,PT,C0039070,Syncope,FALSE,4.1,alprazolam
CID100002118,CID000002118,C0039070,,3.8%,0.038,0.038,PT,C0039070,Syncope,FALSE,4.1,alprazolam
CID100002118,CID000002118,C0039070,,4.8%,0.048,0.048,PT,C0039070,Syncope,FALSE,4.1,alprazolam
CID100002118,CID000002118,C0039070,,infrequent,0.001,0.01,PT,C0039070,Syncope,FALSE,4.1,alprazolam
CID100002118,CID000002118,C0039070,placebo,4%,0.04,0.04,PT,C0039070,Syncope,TRUE,4.1,alprazolam
CID100002118,CID000002118,C0039070,placebo,4.8%,0.048,0.048,PT,C0039070,Syncope,TRUE,4.1,alprazolam
CID100002118,CID000002118,C0039231,,0.4%,0.004,0.004,PT,C0039231,Tachycardia,FALSE,4.1,alprazolam
CID100002118,CID000002118,C0039231,,15.4%,0.154,0.154,PT,C0039231,Tachycardia,FALSE,4.1,alprazolam
CID100002118,CID000002118,C0039231,,26.8%,0.268,0.268,PT,C0039231,Tachycardia,FALSE,4.1,alprazolam
CID100002118,CID000002118,C0039231,,7.7%,0.077,0.077,PT,C0039231,Tachycardia,FALSE,4.1,alprazolam
CID100002118,CID000002118,C0039231,placebo,15.6%,0.156,0.156,PT,C0039231,Tachycardia,TRUE,4.1,alprazolam
CID100002118,CID000002118,C0039231,placebo,26.8%,0.268,0.268,PT,C0039231,Tachycardia,TRUE,4.1,alprazolam
CID100002118,CID000002118,C0027769,,1.1%,0.011,0.011,PT,C0233494,Tension,FALSE,4.1,alprazolam
CID100002118,CID000002118,C0027769,,21.8%,0.218,0.218,PT,C0233494,Tension,FALSE,4.1,alprazolam
CID100002118,CID000002118,C0027769,,4.1%,0.041,0.041,PT,C0233494,Tension,FALSE,4.1,alprazolam
CID100002118,CID000002118,C0027769,,frequent,0.01,1,PT,C0233494,Tension,FALSE,4.1,alprazolam
CID100002118,CID000002118,C0027769,placebo,10.3%,0.103,0.103,PT,C0233494,Tension,TRUE,4.1,alprazolam
CID100002118,CID000002118,C0027769,placebo,8.8%,0.088,0.088,PT,C0233494,Tension,TRUE,4.1,alprazolam
CID100002118,CID000002118,C0039971,,infrequent,0.001,0.01,PT,C0039971,Thirst,FALSE,4.1,alprazolam
CID100002118,CID000002118,C0040264,,10.4%,0.104,0.104,PT,C0040264,Tinnitus,FALSE,4.1,alprazolam
CID100002118,CID000002118,C0040264,,21%,0.21,0.21,PT,C0040264,Tinnitus,FALSE,4.1,alprazolam
CID100002118,CID000002118,C0040264,,6.6%,0.066,0.066,PT,C0040264,Tinnitus,FALSE,4.1,alprazolam
CID100002118,CID000002118,C0040264,,infrequent,0.001,0.01,PT,C0040264,Tinnitus,FALSE,4.1,alprazolam
CID100002118,CID000002118,C0040264,placebo,10.4%,0.104,0.104,PT,C0040264,Tinnitus,TRUE,4.1,alprazolam
CID100002118,CID000002118,C0040264,placebo,21.4%,0.214,0.214,PT,C0040264,Tinnitus,TRUE,4.1,alprazolam
CID100002118,CID000002118,C0040822,,0.4%,0.004,0.004,PT,C0040822,Tremor,FALSE,4.1,alprazolam
CID100002118,CID000002118,C0040822,,28.2%,0.282,0.282,PT,C0040822,Tremor,FALSE,4.1,alprazolam
CID100002118,CID000002118,C0040822,,4%,0.04,0.04,PT,C0040822,Tremor,FALSE,4.1,alprazolam
CID100002118,CID000002118,C0040822,,frequent,0.01,1,PT,C0040822,Tremor,FALSE,4.1,alprazolam
CID100002118,CID000002118,C0040822,placebo,10.7%,0.107,0.107,PT,C0040822,Tremor,TRUE,4.1,alprazolam
CID100002118,CID000002118,C0040822,placebo,8.8%,0.088,0.088,PT,C0040822,Tremor,TRUE,4.1,alprazolam
CID100002118,CID000002118,C0041912,,1.9%,0.019,0.019,PT,C0041912,Upper respiratory tract infection,FALSE,4.1,alprazolam
CID100002118,CID000002118,C0041912,,3.7%,0.037,0.037,PT,C0041912,Upper respiratory tract infection,FALSE,4.1,alprazolam
CID100002118,CID000002118,C0041912,,4.3%,0.043,0.043,PT,C0041912,Upper respiratory tract infection,FALSE,4.1,alprazolam
CID100002118,CID000002118,C0041912,placebo,1.7%,0.017,0.017,PT,C0041912,Upper respiratory tract infection,TRUE,4.1,alprazolam
CID100002118,CID000002118,C0041912,placebo,3.7%,0.037,0.037,PT,C0041912,Upper respiratory tract infection,TRUE,4.1,alprazolam
CID100002118,CID000002118,C0042075,,infrequent,0.001,0.01,PT,C0041969,Urethral disorder,FALSE,4.1,alprazolam
CID100002118,CID000002118,C0042024,,infrequent,0.001,0.01,PT,C0042024,Urinary incontinence,FALSE,4.1,alprazolam
CID100002118,CID000002118,C0042075,,infrequent,0.001,0.01,PT,C0042075,Urinary tract disorder,FALSE,4.1,alprazolam
CID100002118,CID000002118,C0042109,,infrequent,0.001,0.01,PT,C0042109,Urticaria,FALSE,4.1,alprazolam
CID100002118,CID000002118,C0042571,,frequent,0.01,1,PT,C0042571,Vertigo,FALSE,4.1,alprazolam
CID100002118,CID000002118,C0344232,,0.4%,0.004,0.004,PT,C0344232,Vision blurred,FALSE,4.1,alprazolam
CID100002118,CID000002118,C0344232,,21%,0.21,0.21,PT,C0344232,Vision blurred,FALSE,4.1,alprazolam
CID100002118,CID000002118,C0344232,,21.4%,0.214,0.214,PT,C0344232,Vision blurred,FALSE,4.1,alprazolam
CID100002118,CID000002118,C0344232,,6.2%,0.062,0.062,PT,C0344232,Vision blurred,FALSE,4.1,alprazolam
CID100002118,CID000002118,C0344232,,frequent,0.01,1,PT,C0344232,Vision blurred,FALSE,4.1,alprazolam
CID100002118,CID000002118,C0344232,placebo,21.4%,0.214,0.214,PT,C0344232,Vision blurred,TRUE,4.1,alprazolam
CID100002118,CID000002118,C0344232,placebo,6.2%,0.062,0.062,PT,C0344232,Vision blurred,TRUE,4.1,alprazolam
CID100002118,CID000002118,C0042963,,1.7%,0.017,0.017,PT,C0042963,Vomiting,FALSE,4.1,alprazolam
CID100002118,CID000002118,C0042963,,22%,0.22,0.22,PT,C0042963,Vomiting,FALSE,4.1,alprazolam
CID100002118,CID000002118,C0042963,,31.8%,0.318,0.318,PT,C0042963,Vomiting,FALSE,4.1,alprazolam
CID100002118,CID000002118,C0042963,,9.6%,0.096,0.096,PT,C0042963,Vomiting,FALSE,4.1,alprazolam
CID100002118,CID000002118,C0042963,,frequent,0.01,1,PT,C0042963,Vomiting,FALSE,4.1,alprazolam
CID100002118,CID000002118,C0042963,placebo,12.8%,0.128,0.128,PT,C0042963,Vomiting,TRUE,4.1,alprazolam
CID100002118,CID000002118,C0042963,placebo,31.8%,0.318,0.318,PT,C0042963,Vomiting,TRUE,4.1,alprazolam
CID100002118,CID000002118,C0043096,,16.5%,0.165,0.165,PT,C0043096,Weight decreased,FALSE,4.1,alprazolam
CID100002118,CID000002118,C0043096,,2.3%,0.023,0.023,PT,C0043096,Weight decreased,FALSE,4.1,alprazolam
CID100002118,CID000002118,C0043096,,22.6%,0.226,0.226,PT,C0043096,Weight decreased,FALSE,4.1,alprazolam
CID100002118,CID000002118,C0043096,,23%,0.23,0.23,PT,C0043096,Weight decreased,FALSE,4.1,alprazolam
CID100002118,CID000002118,C0043096,,4.3%,0.043,0.043,PT,C0043096,Weight decreased,FALSE,4.1,alprazolam
CID100002118,CID000002118,C0043096,placebo,16.5%,0.165,0.165,PT,C0043096,Weight decreased,TRUE,4.1,alprazolam
CID100002118,CID000002118,C0043096,placebo,17%,0.17,0.17,PT,C0043096,Weight decreased,TRUE,4.1,alprazolam
CID100002118,CID000002118,C0043096,placebo,3%,0.03,0.03,PT,C0043096,Weight decreased,TRUE,4.1,alprazolam
CID100002118,CID000002118,C0043096,placebo,3.7%,0.037,0.037,PT,C0043096,Weight decreased,TRUE,4.1,alprazolam
CID100002118,CID000002118,C0043094,,17.9%,0.179,0.179,PT,C0043094,Weight increased,FALSE,4.1,alprazolam
CID100002118,CID000002118,C0043094,,2.7%,0.027,0.027,PT,C0043094,Weight increased,FALSE,4.1,alprazolam
CID100002118,CID000002118,C0043094,,27%,0.27,0.27,PT,C0043094,Weight increased,FALSE,4.1,alprazolam
CID100002118,CID000002118,C0043094,,27.2%,0.272,0.272,PT,C0043094,Weight increased,FALSE,4.1,alprazolam
CID100002118,CID000002118,C0043094,,5.1%,0.051,0.051,PT,C0043094,Weight increased,FALSE,4.1,alprazolam
CID100002118,CID000002118,C0043094,placebo,17.9%,0.179,0.179,PT,C0043094,Weight increased,TRUE,4.1,alprazolam
CID100002118,CID000002118,C0043094,placebo,18%,0.18,0.18,PT,C0043094,Weight increased,TRUE,4.1,alprazolam
CID100002118,CID000002118,C0043094,placebo,2.7%,0.027,0.027,PT,C0043094,Weight increased,TRUE,4.1,alprazolam
CID100002118,CID000002118,C0043094,placebo,4.3%,0.043,0.043,PT,C0043094,Weight increased,TRUE,4.1,alprazolam
CID100005291,CID000005291,C0000731,,0%,0,0,PT,C0000731,Abdominal distension,FALSE,4.1,imatinib
CID100005291,CID000005291,C0000731,,0.3%,0.003,0.003,PT,C0000731,Abdominal distension,FALSE,4.1,imatinib
CID100005291,CID000005291,C0000731,,0.5%,0.005,0.005,PT,C0000731,Abdominal distension,FALSE,4.1,imatinib
CID100005291,CID000005291,C0000731,,11.9%,0.119,0.119,PT,C0000731,Abdominal distension,FALSE,4.1,imatinib
CID100005291,CID000005291,C0000731,,19.2%,0.192,0.192,PT,C0000731,Abdominal distension,FALSE,4.1,imatinib
CID100005291,CID000005291,C0000731,,7.4%,0.074,0.074,PT,C0000731,Abdominal distension,FALSE,4.1,imatinib
CID100005291,CID000005291,C0000731,,common,0.01,1,PT,C0000731,Abdominal distension,FALSE,4.1,imatinib
CID100005291,CID000005291,C0000731,placebo,0.3%,0.003,0.003,PT,C0000731,Abdominal distension,TRUE,4.1,imatinib
CID100005291,CID000005291,C0000731,placebo,6.4%,0.064,0.064,PT,C0000731,Abdominal distension,TRUE,4.1,imatinib
CID100005291,CID000005291,C0000737,,0%,0,0,PT,C0000737,Abdominal pain,FALSE,4.1,imatinib
CID100005291,CID000005291,C0000737,,0.464%,0.00463679,0.00463679,PT,C0000737,Abdominal pain,FALSE,4.1,imatinib
CID100005291,CID000005291,C0000737,,0.6%,0.006,0.006,PT,C0000737,Abdominal pain,FALSE,4.1,imatinib
CID100005291,CID000005291,C0000737,,1%,0.01,0.01,PT,C0000737,Abdominal pain,FALSE,4.1,imatinib
CID100005291,CID000005291,C0000737,,1.16%,0.0115681,0.0115681,PT,C0000737,Abdominal pain,FALSE,4.1,imatinib
CID100005291,CID000005291,C0000737,,11%,0.11,0.11,PT,C0000737,Abdominal pain,FALSE,4.1,imatinib
CID100005291,CID000005291,C0000737,,11.8%,0.118,0.118,PT,C0000737,Abdominal pain,FALSE,4.1,imatinib
CID100005291,CID000005291,C0000737,,13.8%,0.138,0.138,PT,C0000737,Abdominal pain,FALSE,4.1,imatinib
CID100005291,CID000005291,C0000737,,2%,0.02,0.02,PT,C0000737,Abdominal pain,FALSE,4.1,imatinib
CID100005291,CID000005291,C0000737,,2.5%,0.025,0.025,PT,C0000737,Abdominal pain,FALSE,4.1,imatinib
CID100005291,CID000005291,C0000737,,2.6%,0.026,0.026,PT,C0000737,Abdominal pain,FALSE,4.1,imatinib
CID100005291,CID000005291,C0000737,,21.1%,0.211,0.211,PT,C0000737,Abdominal pain,FALSE,4.1,imatinib
CID100005291,CID000005291,C0000737,,22.9%,0.229,0.229,PT,C0000737,Abdominal pain,FALSE,4.1,imatinib
CID100005291,CID000005291,C0000737,,23.4%,0.234,0.234,PT,C0000737,Abdominal pain,FALSE,4.1,imatinib
CID100005291,CID000005291,C0000737,,25%,0.25,0.25,PT,C0000737,Abdominal pain,FALSE,4.1,imatinib
CID100005291,CID000005291,C0000737,,25.9%,0.259,0.259,PT,C0000737,Abdominal pain,FALSE,4.1,imatinib
CID100005291,CID000005291,C0000737,,29%,0.29,0.29,PT,C0000737,Abdominal pain,FALSE,4.1,imatinib
CID100005291,CID000005291,C0000737,,29.9%,0.299,0.299,PT,C0000737,Abdominal pain,FALSE,4.1,imatinib
CID100005291,CID000005291,C0000737,,3%,0.03,0.03,PT,C0000737,Abdominal pain,FALSE,4.1,imatinib
CID100005291,CID000005291,C0000737,,3.08%,0.0307692,0.0307692,PT,C0000737,Abdominal pain,FALSE,4.1,imatinib
CID100005291,CID000005291,C0000737,,3.6%,0.036,0.036,PT,C0000737,Abdominal pain,FALSE,4.1,imatinib
CID100005291,CID000005291,C0000737,,3.9%,0.039,0.039,PT,C0000737,Abdominal pain,FALSE,4.1,imatinib
CID100005291,CID000005291,C0000737,,30%,0.3,0.3,PT,C0000737,Abdominal pain,FALSE,4.1,imatinib
CID100005291,CID000005291,C0000737,,31%,0.31,0.31,PT,C0000737,Abdominal pain,FALSE,4.1,imatinib
CID100005291,CID000005291,C0000737,,32%,0.32,0.32,PT,C0000737,Abdominal pain,FALSE,4.1,imatinib
CID100005291,CID000005291,C0000737,,33%,0.33,0.33,PT,C0000737,Abdominal pain,FALSE,4.1,imatinib
CID100005291,CID000005291,C0000737,,36.5%,0.365,0.365,PT,C0000737,Abdominal pain,FALSE,4.1,imatinib
CID100005291,CID000005291,C0000737,,37%,0.37,0.37,PT,C0000737,Abdominal pain,FALSE,4.1,imatinib
CID100005291,CID000005291,C0000737,,4%,0.04,0.04,PT,C0000737,Abdominal pain,FALSE,4.1,imatinib
CID100005291,CID000005291,C0000737,,4.2%,0.042,0.042,PT,C0000737,Abdominal pain,FALSE,4.1,imatinib
CID100005291,CID000005291,C0000737,,40%,0.4,0.4,PT,C0000737,Abdominal pain,FALSE,4.1,imatinib
CID100005291,CID000005291,C0000737,,55.2%,0.552,0.552,PT,C0000737,Abdominal pain,FALSE,4.1,imatinib
CID100005291,CID000005291,C0000737,,57.2%,0.572,0.572,PT,C0000737,Abdominal pain,FALSE,4.1,imatinib
CID100005291,CID000005291,C0000737,,6%,0.06,0.06,PT,C0000737,Abdominal pain,FALSE,4.1,imatinib
CID100005291,CID000005291,C0000737,,7%,0.07,0.07,PT,C0000737,Abdominal pain,FALSE,4.1,imatinib
CID100005291,CID000005291,C0000737,,7.6%,0.076,0.076,PT,C0000737,Abdominal pain,FALSE,4.1,imatinib
CID100005291,CID000005291,C0000737,,8.7%,0.0869565,0.0869565,PT,C0000737,Abdominal pain,FALSE,4.1,imatinib
CID100005291,CID000005291,C0000737,,very common,0.1,1,PT,C0000737,Abdominal pain,FALSE,4.1,imatinib
CID100005291,CID000005291,C0000737,placebo,1.4%,0.014,0.014,PT,C0000737,Abdominal pain,TRUE,4.1,imatinib
CID100005291,CID000005291,C0000737,placebo,22.3%,0.223,0.223,PT,C0000737,Abdominal pain,TRUE,4.1,imatinib
CID100005291,CID000005291,C0232492,,0.3%,0.003,0.003,PT,C0232492,Abdominal pain upper,FALSE,4.1,imatinib
CID100005291,CID000005291,C0232492,,6.2%,0.062,0.062,PT,C0232492,Abdominal pain upper,FALSE,4.1,imatinib
CID100005291,CID000005291,C0232492,placebo,0%,0,0,PT,C0232492,Abdominal pain upper,TRUE,4.1,imatinib
CID100005291,CID000005291,C0232492,placebo,6.4%,0.064,0.064,PT,C0232492,Abdominal pain upper,TRUE,4.1,imatinib
CID100005291,CID000005291,C0027051,,rare,0,0.001,PT,C0948089,Acute coronary syndrome,FALSE,4.1,imatinib
CID100005291,CID000005291,C0085077,,rare,0,0.001,PT,C0085077,Acute febrile neutrophilic dermatosis,FALSE,4.1,imatinib
CID100005291,CID000005291,C0877055,,rare,0,0.001,PT,C0877055,Acute generalised exanthematous pustulosis,FALSE,4.1,imatinib
CID100005291,CID000005291,C0264490,,postmarketing,0,0.001,PT,C0264490,Acute respiratory failure,FALSE,4.1,imatinib
CID100005291,CID000005291,C0264490,,uncommon,0.001,0.01,PT,C0264490,Acute respiratory failure,FALSE,4.1,imatinib
CID100005291,CID000005291,C0001824,,11.5%,0.115,0.115,PT,C0001824,Agranulocytosis,FALSE,4.1,imatinib
CID100005291,CID000005291,C0001824,,16.1%,0.161,0.161,PT,C0001824,Agranulocytosis,FALSE,4.1,imatinib
CID100005291,CID000005291,C0001824,,3.1%,0.031,0.031,PT,C0001824,Agranulocytosis,FALSE,4.1,imatinib
CID100005291,CID000005291,C0001824,,4.1%,0.041,0.041,PT,C0001824,Agranulocytosis,FALSE,4.1,imatinib
CID100005291,CID000005291,C0151905,,0%,0,0,PT,C0151905,Alanine aminotransferase increased,FALSE,4.1,imatinib
CID100005291,CID000005291,C0151905,,0.4%,0.004,0.004,PT,C0151905,Alanine aminotransferase increased,FALSE,4.1,imatinib
CID100005291,CID000005291,C0151905,,1%,0.01,0.01,PT,C0151905,Alanine aminotransferase increased,FALSE,4.1,imatinib
CID100005291,CID000005291,C0151905,,1.7%,0.017,0.017,PT,C0151905,Alanine aminotransferase increased,FALSE,4.1,imatinib
CID100005291,CID000005291,C0151905,,2.1%,0.021,0.021,PT,C0151905,Alanine aminotransferase increased,FALSE,4.1,imatinib
CID100005291,CID000005291,C0151905,,2.3%,0.023,0.023,PT,C0151905,Alanine aminotransferase increased,FALSE,4.1,imatinib
CID100005291,CID000005291,C0151905,,28.9%,0.289,0.289,PT,C0151905,Alanine aminotransferase increased,FALSE,4.1,imatinib
CID100005291,CID000005291,C0151905,,3%,0.03,0.03,PT,C0151905,Alanine aminotransferase increased,FALSE,4.1,imatinib
CID100005291,CID000005291,C0151905,,34.3%,0.343,0.343,PT,C0151905,Alanine aminotransferase increased,FALSE,4.1,imatinib
CID100005291,CID000005291,C0151905,,4.3%,0.043,0.043,PT,C0151905,Alanine aminotransferase increased,FALSE,4.1,imatinib
CID100005291,CID000005291,C0151905,,5.6%,0.056,0.056,PT,C0151905,Alanine aminotransferase increased,FALSE,4.1,imatinib
CID100005291,CID000005291,C0151905,,6%,0.06,0.06,PT,C0151905,Alanine aminotransferase increased,FALSE,4.1,imatinib
CID100005291,CID000005291,C0151905,,7%,0.07,0.07,PT,C0151905,Alanine aminotransferase increased,FALSE,4.1,imatinib
CID100005291,CID000005291,C0002170,,0%,0,0,PT,C0002170,Alopecia,FALSE,4.1,imatinib
CID100005291,CID000005291,C0002170,,0.6%,0.006,0.006,PT,C0002170,Alopecia,FALSE,4.1,imatinib
CID100005291,CID000005291,C0002170,,10.6%,0.106,0.106,PT,C0002170,Alopecia,FALSE,4.1,imatinib
CID100005291,CID000005291,C0002170,,11.3%,0.113,0.113,PT,C0002170,Alopecia,FALSE,4.1,imatinib
CID100005291,CID000005291,C0002170,,11.9%,0.119,0.119,PT,C0002170,Alopecia,FALSE,4.1,imatinib
CID100005291,CID000005291,C0002170,,14.8%,0.148,0.148,PT,C0002170,Alopecia,FALSE,4.1,imatinib
CID100005291,CID000005291,C0002170,,22.3%,0.223,0.223,PT,C0002170,Alopecia,FALSE,4.1,imatinib
CID100005291,CID000005291,C0002170,,3.2%,0.032,0.032,PT,C0002170,Alopecia,FALSE,4.1,imatinib
CID100005291,CID000005291,C0002170,,4.3%,0.043,0.043,PT,C0002170,Alopecia,FALSE,4.1,imatinib
CID100005291,CID000005291,C0002170,,4.9%,0.049,0.049,PT,C0002170,Alopecia,FALSE,4.1,imatinib
CID100005291,CID000005291,C0002170,,9.5%,0.095,0.095,PT,C0002170,Alopecia,FALSE,4.1,imatinib
CID100005291,CID000005291,C0002170,,common,0.01,1,PT,C0002170,Alopecia,FALSE,4.1,imatinib
CID100005291,CID000005291,C0002170,placebo,0%,0,0,PT,C0002170,Alopecia,TRUE,4.1,imatinib
CID100005291,CID000005291,C0002170,placebo,6.7%,0.067,0.067,PT,C0002170,Alopecia,TRUE,4.1,imatinib
CID100005291,CID000005291,C0852913,,rare,0,0.001,PT,C0151479,Amylase increased,FALSE,4.1,imatinib
CID100005291,CID000005291,C0002871,,0%,0,0,PT,C0002871,Anaemia,FALSE,4.1,imatinib
CID100005291,CID000005291,C0002871,,0.2%,0.002,0.002,PT,C0002871,Anaemia,FALSE,4.1,imatinib
CID100005291,CID000005291,C0002871,,1%,0,0.01,PT,C0002871,Anaemia,FALSE,4.1,imatinib
CID100005291,CID000005291,C0002871,,1%,0.01,0.01,PT,C0002871,Anaemia,FALSE,4.1,imatinib
CID100005291,CID000005291,C0002871,,1.1%,0.011,0.011,PT,C0002871,Anaemia,FALSE,4.1,imatinib
CID100005291,CID000005291,C0002871,,10%,0.1,0.1,PT,C0002871,Anaemia,FALSE,4.1,imatinib
CID100005291,CID000005291,C0002871,,11%,0.11,0.11,PT,C0002871,Anaemia,FALSE,4.1,imatinib
CID100005291,CID000005291,C0002871,,17%,0.17,0.17,PT,C0002871,Anaemia,FALSE,4.1,imatinib
CID100005291,CID000005291,C0002871,,19.7%,0.197,0.197,PT,C0002871,Anaemia,FALSE,4.1,imatinib
CID100005291,CID000005291,C0002871,,3%,0.03,0.03,PT,C0002871,Anaemia,FALSE,4.1,imatinib
CID100005291,CID000005291,C0002871,,3.3%,0.033,0.033,PT,C0002871,Anaemia,FALSE,4.1,imatinib
CID100005291,CID000005291,C0002871,,31%,0.31,0.31,PT,C0002871,Anaemia,FALSE,4.1,imatinib
CID100005291,CID000005291,C0002871,,32%,0.32,0.32,PT,C0002871,Anaemia,FALSE,4.1,imatinib
CID100005291,CID000005291,C0002871,,34%,0.34,0.34,PT,C0002871,Anaemia,FALSE,4.1,imatinib
CID100005291,CID000005291,C0002871,,34.8%,0.348,0.348,PT,C0002871,Anaemia,FALSE,4.1,imatinib
CID100005291,CID000005291,C0002871,,4%,0.04,0.04,PT,C0002871,Anaemia,FALSE,4.1,imatinib
CID100005291,CID000005291,C0002871,,4.1%,0.041,0.041,PT,C0002871,Anaemia,FALSE,4.1,imatinib
CID100005291,CID000005291,C0002871,,4.9%,0.049,0.049,PT,C0002871,Anaemia,FALSE,4.1,imatinib
CID100005291,CID000005291,C0002871,,40%,0.4,0.4,PT,C0002871,Anaemia,FALSE,4.1,imatinib
CID100005291,CID000005291,C0002871,,42%,0.42,0.42,PT,C0002871,Anaemia,FALSE,4.1,imatinib
CID100005291,CID000005291,C0002871,,5%,0.05,0.05,PT,C0002871,Anaemia,FALSE,4.1,imatinib
CID100005291,CID000005291,C0002871,,5.4%,0.054,0.054,PT,C0002871,Anaemia,FALSE,4.1,imatinib
CID100005291,CID000005291,C0002871,,6%,0.06,0.06,PT,C0002871,Anaemia,FALSE,4.1,imatinib
CID100005291,CID000005291,C0002871,,6.4%,0.064,0.064,PT,C0002871,Anaemia,FALSE,4.1,imatinib
CID100005291,CID000005291,C0002871,,7%,0.07,0.07,PT,C0002871,Anaemia,FALSE,4.1,imatinib
CID100005291,CID000005291,C0002871,,8%,0.08,0.08,PT,C0002871,Anaemia,FALSE,4.1,imatinib
CID100005291,CID000005291,C0002871,,postmarketing,0,0.001,PT,C0002871,Anaemia,FALSE,4.1,imatinib
CID100005291,CID000005291,C0002871,,very common,0.1,1,PT,C0002871,Anaemia,FALSE,4.1,imatinib
CID100005291,CID000005291,C0002792,,postmarketing,0,0.001,PT,C0002792,Anaphylactic shock,FALSE,4.1,imatinib
CID100005291,CID000005291,C0002792,,rare,0,0.001,PT,C0002792,Anaphylactic shock,FALSE,4.1,imatinib
CID100005291,CID000005291,C0002792,,very rare,0,1e-4,PT,C0002792,Anaphylactic shock,FALSE,4.1,imatinib
CID100005291,CID000005291,C0002962,,rare,0,0.001,PT,C0002962,Angina pectoris,FALSE,4.1,imatinib
CID100005291,CID000005291,C0002994,,rare,0,0.001,PT,C0002994,Angioedema,FALSE,4.1,imatinib
CID100005291,CID000005291,C0042373,,postmarketing,0,0.001,PT,C0042373,Angiopathy,FALSE,4.1,imatinib
CID100005291,CID000005291,C0003467,,0%,0,0,PT,C0003467,Anxiety,FALSE,4.1,imatinib
CID100005291,CID000005291,C0003467,,0.4%,0.004,0.004,PT,C0003467,Anxiety,FALSE,4.1,imatinib
CID100005291,CID000005291,C0003467,,0.5%,0.005,0.005,PT,C0003467,Anxiety,FALSE,4.1,imatinib
CID100005291,CID000005291,C0003467,,0.8%,0.008,0.008,PT,C0003467,Anxiety,FALSE,4.1,imatinib
CID100005291,CID000005291,C0003467,,11%,0.11,0.11,PT,C0003467,Anxiety,FALSE,4.1,imatinib
CID100005291,CID000005291,C0003467,,11.8%,0.118,0.118,PT,C0003467,Anxiety,FALSE,4.1,imatinib
CID100005291,CID000005291,C0003467,,12%,0.12,0.12,PT,C0003467,Anxiety,FALSE,4.1,imatinib
CID100005291,CID000005291,C0003467,,2.6%,0.026,0.026,PT,C0003467,Anxiety,FALSE,4.1,imatinib
CID100005291,CID000005291,C0003467,,7%,0.07,0.07,PT,C0003467,Anxiety,FALSE,4.1,imatinib
CID100005291,CID000005291,C0003467,,8%,0.08,0.08,PT,C0003467,Anxiety,FALSE,4.1,imatinib
CID100005291,CID000005291,C0003467,,8.8%,0.088,0.088,PT,C0003467,Anxiety,FALSE,4.1,imatinib
CID100005291,CID000005291,C0003467,,9.6%,0.096,0.096,PT,C0003467,Anxiety,FALSE,4.1,imatinib
CID100005291,CID000005291,C0003467,,infrequent,0.001,0.01,PT,C0003467,Anxiety,FALSE,4.1,imatinib
CID100005291,CID000005291,C0003467,,uncommon,0.001,0.01,PT,C0003467,Anxiety,FALSE,4.1,imatinib
CID100005291,CID000005291,C0002874,,rare,0,0.001,PT,C0002874,Aplastic anaemia,FALSE,4.1,imatinib
CID100005291,CID000005291,C0003811,,rare,0,0.001,PT,C0003811,Arrhythmia,FALSE,4.1,imatinib
CID100005291,CID000005291,C0003862,,0%,0,0,PT,C0003862,Arthralgia,FALSE,4.1,imatinib
CID100005291,CID000005291,C0003862,,1%,0.01,0.01,PT,C0003862,Arthralgia,FALSE,4.1,imatinib
CID100005291,CID000005291,C0003862,,11%,0.11,0.11,PT,C0003862,Arthralgia,FALSE,4.1,imatinib
CID100005291,CID000005291,C0003862,,12.3%,0.123,0.123,PT,C0003862,Arthralgia,FALSE,4.1,imatinib
CID100005291,CID000005291,C0003862,,13.6%,0.136,0.136,PT,C0003862,Arthralgia,FALSE,4.1,imatinib
CID100005291,CID000005291,C0003862,,15%,0.15,0.15,PT,C0003862,Arthralgia,FALSE,4.1,imatinib
CID100005291,CID000005291,C0003862,,15.1%,0.151,0.151,PT,C0003862,Arthralgia,FALSE,4.1,imatinib
CID100005291,CID000005291,C0003862,,17.2%,0.172,0.172,PT,C0003862,Arthralgia,FALSE,4.1,imatinib
CID100005291,CID000005291,C0003862,,2.2%,0.022,0.022,PT,C0003862,Arthralgia,FALSE,4.1,imatinib
CID100005291,CID000005291,C0003862,,2.5%,0.025,0.025,PT,C0003862,Arthralgia,FALSE,4.1,imatinib
CID100005291,CID000005291,C0003862,,25%,0.25,0.25,PT,C0003862,Arthralgia,FALSE,4.1,imatinib
CID100005291,CID000005291,C0003862,,26.7%,0.267,0.267,PT,C0003862,Arthralgia,FALSE,4.1,imatinib
CID100005291,CID000005291,C0003862,,3%,0.03,0.03,PT,C0003862,Arthralgia,FALSE,4.1,imatinib
CID100005291,CID000005291,C0003862,,30.3%,0.303,0.303,PT,C0003862,Arthralgia,FALSE,4.1,imatinib
CID100005291,CID000005291,C0003862,,31%,0.31,0.31,PT,C0003862,Arthralgia,FALSE,4.1,imatinib
CID100005291,CID000005291,C0003862,,31.4%,0.314,0.314,PT,C0003862,Arthralgia,FALSE,4.1,imatinib
CID100005291,CID000005291,C0003862,,34%,0.34,0.34,PT,C0003862,Arthralgia,FALSE,4.1,imatinib
CID100005291,CID000005291,C0003862,,36%,0.36,0.36,PT,C0003862,Arthralgia,FALSE,4.1,imatinib
CID100005291,CID000005291,C0003862,,38.1%,0.381,0.381,PT,C0003862,Arthralgia,FALSE,4.1,imatinib
CID100005291,CID000005291,C0003862,,38.3%,0.383,0.383,PT,C0003862,Arthralgia,FALSE,4.1,imatinib
CID100005291,CID000005291,C0003862,,39.4%,0.394,0.394,PT,C0003862,Arthralgia,FALSE,4.1,imatinib
CID100005291,CID000005291,C0003862,,4%,0.04,0.04,PT,C0003862,Arthralgia,FALSE,4.1,imatinib
CID100005291,CID000005291,C0003862,,4.8%,0.048,0.048,PT,C0003862,Arthralgia,FALSE,4.1,imatinib
CID100005291,CID000005291,C0003862,,40%,0.4,0.4,PT,C0003862,Arthralgia,FALSE,4.1,imatinib
CID100005291,CID000005291,C0003862,,5%,0.05,0.05,PT,C0003862,Arthralgia,FALSE,4.1,imatinib
CID100005291,CID000005291,C0003862,,6%,0.06,0.06,PT,C0003862,Arthralgia,FALSE,4.1,imatinib
CID100005291,CID000005291,C0003862,,6.8%,0.068,0.068,PT,C0003862,Arthralgia,FALSE,4.1,imatinib
CID100005291,CID000005291,C0003862,,7.3%,0.073,0.073,PT,C0003862,Arthralgia,FALSE,4.1,imatinib
CID100005291,CID000005291,C0003862,,7.7%,0.077,0.077,PT,C0003862,Arthralgia,FALSE,4.1,imatinib
CID100005291,CID000005291,C0003862,,8.8%,0.088,0.088,PT,C0003862,Arthralgia,FALSE,4.1,imatinib
CID100005291,CID000005291,C0003862,,very common,0.1,1,PT,C0003862,Arthralgia,FALSE,4.1,imatinib
CID100005291,CID000005291,C0003862,placebo,0.3%,0.003,0.003,PT,C0003862,Arthralgia,TRUE,4.1,imatinib
CID100005291,CID000005291,C0003862,placebo,14.5%,0.145,0.145,PT,C0003862,Arthralgia,TRUE,4.1,imatinib
CID100005291,CID000005291,C0003864,,rare,0,0.001,PT,C0003864,Arthritis,FALSE,4.1,imatinib
CID100005291,CID000005291,C0003962,,12%,0.12,0.12,PT,C0003962,Ascites,FALSE,4.1,imatinib
CID100005291,CID000005291,C0003962,,15%,0.15,0.15,PT,C0003962,Ascites,FALSE,4.1,imatinib
CID100005291,CID000005291,C0003962,,3%,0.03,0.03,PT,C0003962,Ascites,FALSE,4.1,imatinib
CID100005291,CID000005291,C0003962,,8%,0.08,0.08,PT,C0003962,Ascites,FALSE,4.1,imatinib
CID100005291,CID000005291,C0003962,,uncommon,0.001,0.01,PT,C0003962,Ascites,FALSE,4.1,imatinib
CID100005291,CID000005291,C0151904,,0%,0,0,PT,C0151904,Aspartate aminotransferase increased,FALSE,4.1,imatinib
CID100005291,CID000005291,C0151904,,0.4%,0.004,0.004,PT,C0151904,Aspartate aminotransferase increased,FALSE,4.1,imatinib
CID100005291,CID000005291,C0151904,,0.5%,0.005,0.005,PT,C0151904,Aspartate aminotransferase increased,FALSE,4.1,imatinib
CID100005291,CID000005291,C0151904,,1.1%,0.011,0.011,PT,C0151904,Aspartate aminotransferase increased,FALSE,4.1,imatinib
CID100005291,CID000005291,C0151904,,1.5%,0.015,0.015,PT,C0151904,Aspartate aminotransferase increased,FALSE,4.1,imatinib
CID100005291,CID000005291,C0151904,,1.9%,0.019,0.019,PT,C0151904,Aspartate aminotransferase increased,FALSE,4.1,imatinib
CID100005291,CID000005291,C0151904,,2.1%,0.021,0.021,PT,C0151904,Aspartate aminotransferase increased,FALSE,4.1,imatinib
CID100005291,CID000005291,C0151904,,2.3%,0.023,0.023,PT,C0151904,Aspartate aminotransferase increased,FALSE,4.1,imatinib
CID100005291,CID000005291,C0151904,,3%,0.03,0.03,PT,C0151904,Aspartate aminotransferase increased,FALSE,4.1,imatinib
CID100005291,CID000005291,C0151904,,3.8%,0.038,0.038,PT,C0151904,Aspartate aminotransferase increased,FALSE,4.1,imatinib
CID100005291,CID000005291,C0151904,,30.9%,0.309,0.309,PT,C0151904,Aspartate aminotransferase increased,FALSE,4.1,imatinib
CID100005291,CID000005291,C0151904,,37.9%,0.379,0.379,PT,C0151904,Aspartate aminotransferase increased,FALSE,4.1,imatinib
CID100005291,CID000005291,C0151904,,4%,0.04,0.04,PT,C0151904,Aspartate aminotransferase increased,FALSE,4.1,imatinib
CID100005291,CID000005291,C0151904,,4.7%,0.047,0.047,PT,C0151904,Aspartate aminotransferase increased,FALSE,4.1,imatinib
CID100005291,CID000005291,C0151904,,7.1%,0.071,0.071,PT,C0151904,Aspartate aminotransferase increased,FALSE,4.1,imatinib
CID100005291,CID000005291,C0004093,,0%,0,0,PT,C0004093,Asthenia,FALSE,4.1,imatinib
CID100005291,CID000005291,C0004093,,0.2%,0.002,0.002,PT,C0004093,Asthenia,FALSE,4.1,imatinib
CID100005291,CID000005291,C0004093,,11%,0.11,0.11,PT,C0004093,Asthenia,FALSE,4.1,imatinib
CID100005291,CID000005291,C0004093,,11.7%,0.117,0.117,PT,C0004093,Asthenia,FALSE,4.1,imatinib
CID100005291,CID000005291,C0004093,,12%,0.12,0.12,PT,C0004093,Asthenia,FALSE,4.1,imatinib
CID100005291,CID000005291,C0004093,,12.2%,0.122,0.122,PT,C0004093,Asthenia,FALSE,4.1,imatinib
CID100005291,CID000005291,C0004093,,15%,0.15,0.15,PT,C0004093,Asthenia,FALSE,4.1,imatinib
CID100005291,CID000005291,C0004093,,16.9%,0.169,0.169,PT,C0004093,Asthenia,FALSE,4.1,imatinib
CID100005291,CID000005291,C0004093,,18%,0.18,0.18,PT,C0004093,Asthenia,FALSE,4.1,imatinib
CID100005291,CID000005291,C0004093,,2%,0.02,0.02,PT,C0004093,Asthenia,FALSE,4.1,imatinib
CID100005291,CID000005291,C0004093,,21%,0.21,0.21,PT,C0004093,Asthenia,FALSE,4.1,imatinib
CID100005291,CID000005291,C0004093,,3%,0.03,0.03,PT,C0004093,Asthenia,FALSE,4.1,imatinib
CID100005291,CID000005291,C0004093,,3.8%,0.038,0.038,PT,C0004093,Asthenia,FALSE,4.1,imatinib
CID100005291,CID000005291,C0004093,,5%,0.05,0.05,PT,C0004093,Asthenia,FALSE,4.1,imatinib
CID100005291,CID000005291,C0004093,,6%,0.06,0.06,PT,C0004093,Asthenia,FALSE,4.1,imatinib
CID100005291,CID000005291,C0004093,,69.3%,0.693,0.693,PT,C0004093,Asthenia,FALSE,4.1,imatinib
CID100005291,CID000005291,C0004093,,7%,0.07,0.07,PT,C0004093,Asthenia,FALSE,4.1,imatinib
CID100005291,CID000005291,C0004093,,74.9%,0.749,0.749,PT,C0004093,Asthenia,FALSE,4.1,imatinib
CID100005291,CID000005291,C0004093,,8%,0.08,0.08,PT,C0004093,Asthenia,FALSE,4.1,imatinib
CID100005291,CID000005291,C0004093,,9%,0.09,0.09,PT,C0004093,Asthenia,FALSE,4.1,imatinib
CID100005291,CID000005291,C0004093,,common,0.01,1,PT,C0004093,Asthenia,FALSE,4.1,imatinib
CID100005291,CID000005291,C0015672,,0%,0,0,PT,C0004093,Asthenia,FALSE,4.1,imatinib
CID100005291,CID000005291,C0015672,,0.5%,0.005,0.005,PT,C0004093,Asthenia,FALSE,4.1,imatinib
CID100005291,CID000005291,C0015672,,1%,0.01,0.01,PT,C0004093,Asthenia,FALSE,4.1,imatinib
CID100005291,CID000005291,C0015672,,1.1%,0.011,0.011,PT,C0004093,Asthenia,FALSE,4.1,imatinib
CID100005291,CID000005291,C0015672,,1.6%,0.016,0.016,PT,C0004093,Asthenia,FALSE,4.1,imatinib
CID100005291,CID000005291,C0015672,,1.8%,0.018,0.018,PT,C0004093,Asthenia,FALSE,4.1,imatinib
CID100005291,CID000005291,C0015672,,11.7%,0.117,0.117,PT,C0004093,Asthenia,FALSE,4.1,imatinib
CID100005291,CID000005291,C0015672,,12.2%,0.122,0.122,PT,C0004093,Asthenia,FALSE,4.1,imatinib
CID100005291,CID000005291,C0015672,,2.1%,0.021,0.021,PT,C0004093,Asthenia,FALSE,4.1,imatinib
CID100005291,CID000005291,C0015672,,24%,0.24,0.24,PT,C0004093,Asthenia,FALSE,4.1,imatinib
CID100005291,CID000005291,C0015672,,25%,0.25,0.25,PT,C0004093,Asthenia,FALSE,4.1,imatinib
CID100005291,CID000005291,C0015672,,25.1%,0.251,0.251,PT,C0004093,Asthenia,FALSE,4.1,imatinib
CID100005291,CID000005291,C0015672,,29%,0.29,0.29,PT,C0004093,Asthenia,FALSE,4.1,imatinib
CID100005291,CID000005291,C0015672,,3%,0.03,0.03,PT,C0004093,Asthenia,FALSE,4.1,imatinib
CID100005291,CID000005291,C0015672,,30%,0.3,0.3,PT,C0004093,Asthenia,FALSE,4.1,imatinib
CID100005291,CID000005291,C0015672,,30.7%,0.307,0.307,PT,C0004093,Asthenia,FALSE,4.1,imatinib
CID100005291,CID000005291,C0015672,,33%,0.33,0.33,PT,C0004093,Asthenia,FALSE,4.1,imatinib
CID100005291,CID000005291,C0015672,,37%,0.37,0.37,PT,C0004093,Asthenia,FALSE,4.1,imatinib
CID100005291,CID000005291,C0015672,,38%,0.38,0.38,PT,C0004093,Asthenia,FALSE,4.1,imatinib
CID100005291,CID000005291,C0015672,,38.8%,0.388,0.388,PT,C0004093,Asthenia,FALSE,4.1,imatinib
CID100005291,CID000005291,C0015672,,4%,0.04,0.04,PT,C0004093,Asthenia,FALSE,4.1,imatinib
CID100005291,CID000005291,C0015672,,40%,0.4,0.4,PT,C0004093,Asthenia,FALSE,4.1,imatinib
CID100005291,CID000005291,C0015672,,41%,0.41,0.41,PT,C0004093,Asthenia,FALSE,4.1,imatinib
CID100005291,CID000005291,C0015672,,46%,0.46,0.46,PT,C0004093,Asthenia,FALSE,4.1,imatinib
CID100005291,CID000005291,C0015672,,48%,0.48,0.48,PT,C0004093,Asthenia,FALSE,4.1,imatinib
CID100005291,CID000005291,C0015672,,48.5%,0.485,0.485,PT,C0004093,Asthenia,FALSE,4.1,imatinib
CID100005291,CID000005291,C0015672,,53%,0.53,0.53,PT,C0004093,Asthenia,FALSE,4.1,imatinib
CID100005291,CID000005291,C0015672,,57%,0.57,0.57,PT,C0004093,Asthenia,FALSE,4.1,imatinib
CID100005291,CID000005291,C0015672,,64.7%,0.647,0.647,PT,C0004093,Asthenia,FALSE,4.1,imatinib
CID100005291,CID000005291,C0015672,,66.8%,0.668,0.668,PT,C0004093,Asthenia,FALSE,4.1,imatinib
CID100005291,CID000005291,C0015672,,67%,0.67,0.67,PT,C0004093,Asthenia,FALSE,4.1,imatinib
CID100005291,CID000005291,C0015672,,69.3%,0.693,0.693,PT,C0004093,Asthenia,FALSE,4.1,imatinib
CID100005291,CID000005291,C0015672,,74.9%,0.749,0.749,PT,C0004093,Asthenia,FALSE,4.1,imatinib
CID100005291,CID000005291,C0015672,,very common,0.1,1,PT,C0004093,Asthenia,FALSE,4.1,imatinib
CID100005291,CID000005291,C0015672,placebo,1.2%,0.012,0.012,PT,C0004093,Asthenia,TRUE,4.1,imatinib
CID100005291,CID000005291,C0015672,placebo,40.9%,0.409,0.409,PT,C0004093,Asthenia,TRUE,4.1,imatinib
CID100005291,CID000005291,C0004238,,rare,0,0.001,PT,C0004238,Atrial fibrillation,FALSE,4.1,imatinib
CID100005291,CID000005291,C0004604,,0%,0,0,PT,C0004604,Back pain,FALSE,4.1,imatinib
CID100005291,CID000005291,C0004604,,0.6%,0.006,0.006,PT,C0004604,Back pain,FALSE,4.1,imatinib
CID100005291,CID000005291,C0004604,,1%,0.01,0.01,PT,C0004604,Back pain,FALSE,4.1,imatinib
CID100005291,CID000005291,C0004604,,10%,0.1,0.1,PT,C0004604,Back pain,FALSE,4.1,imatinib
CID100005291,CID000005291,C0004604,,11%,0.11,0.11,PT,C0004604,Back pain,FALSE,4.1,imatinib
CID100005291,CID000005291,C0004604,,23%,0.23,0.23,PT,C0004604,Back pain,FALSE,4.1,imatinib
CID100005291,CID000005291,C0004604,,24.5%,0.245,0.245,PT,C0004604,Back pain,FALSE,4.1,imatinib
CID100005291,CID000005291,C0004604,,26%,0.26,0.26,PT,C0004604,Back pain,FALSE,4.1,imatinib
CID100005291,CID000005291,C0004604,,6%,0.06,0.06,PT,C0004604,Back pain,FALSE,4.1,imatinib
CID100005291,CID000005291,C0004604,,7.4%,0.074,0.074,PT,C0004604,Back pain,FALSE,4.1,imatinib
CID100005291,CID000005291,C0004604,placebo,0%,0,0,PT,C0004604,Back pain,TRUE,4.1,imatinib
CID100005291,CID000005291,C0004604,placebo,8.1%,0.081,0.081,PT,C0004604,Back pain,TRUE,4.1,imatinib
CID100005291,CID000005291,C0005699,,postmarketing,0,0.001,PT,C0005699,Blast cell crisis,FALSE,4.1,imatinib
CID100005291,CID000005291,C0005741,,uncommon,0.001,0.01,PT,C0005741,Blepharitis,FALSE,4.1,imatinib
CID100005291,CID000005291,C0151849,,0%,0,0,PT,C0852911,Blood alkaline phosphatase increased,FALSE,4.1,imatinib
CID100005291,CID000005291,C0151849,,0.2%,0.002,0.002,PT,C0852911,Blood alkaline phosphatase increased,FALSE,4.1,imatinib
CID100005291,CID000005291,C0151849,,0.4%,0.004,0.004,PT,C0852911,Blood alkaline phosphatase increased,FALSE,4.1,imatinib
CID100005291,CID000005291,C0151849,,0.8%,0.008,0.008,PT,C0852911,Blood alkaline phosphatase increased,FALSE,4.1,imatinib
CID100005291,CID000005291,C0151849,,3%,0.03,0.03,PT,C0852911,Blood alkaline phosphatase increased,FALSE,4.1,imatinib
CID100005291,CID000005291,C0151849,,4.6%,0.046,0.046,PT,C0852911,Blood alkaline phosphatase increased,FALSE,4.1,imatinib
CID100005291,CID000005291,C0151849,,5.1%,0.051,0.051,PT,C0852911,Blood alkaline phosphatase increased,FALSE,4.1,imatinib
CID100005291,CID000005291,C0151849,,5.5%,0.055,0.055,PT,C0852911,Blood alkaline phosphatase increased,FALSE,4.1,imatinib
CID100005291,CID000005291,C0852911,,0%,0,0,PT,C0852911,Blood alkaline phosphatase increased,FALSE,4.1,imatinib
CID100005291,CID000005291,C0852911,,0.5%,0.005,0.005,PT,C0852911,Blood alkaline phosphatase increased,FALSE,4.1,imatinib
CID100005291,CID000005291,C0852911,,10.8%,0.108,0.108,PT,C0852911,Blood alkaline phosphatase increased,FALSE,4.1,imatinib
CID100005291,CID000005291,C0852911,,16.7%,0.167,0.167,PT,C0852911,Blood alkaline phosphatase increased,FALSE,4.1,imatinib
CID100005291,CID000005291,C0852911,,6.5%,0.065,0.065,PT,C0852911,Blood alkaline phosphatase increased,FALSE,4.1,imatinib
CID100005291,CID000005291,C0852911,,uncommon,0.001,0.01,PT,C0852911,Blood alkaline phosphatase increased,FALSE,4.1,imatinib
CID100005291,CID000005291,C0852911,placebo,0%,0,0,PT,C0852911,Blood alkaline phosphatase increased,TRUE,4.1,imatinib
CID100005291,CID000005291,C0852911,placebo,7.5%,0.075,0.075,PT,C0852911,Blood alkaline phosphatase increased,TRUE,4.1,imatinib
CID100005291,CID000005291,C0311468,,0%,0,0,PT,C0311468,Blood bilirubin increased,FALSE,4.1,imatinib
CID100005291,CID000005291,C0311468,,0.2%,0.002,0.002,PT,C0311468,Blood bilirubin increased,FALSE,4.1,imatinib
CID100005291,CID000005291,C0311468,,0.4%,0.004,0.004,PT,C0311468,Blood bilirubin increased,FALSE,4.1,imatinib
CID100005291,CID000005291,C0311468,,0.6%,0.006,0.006,PT,C0311468,Blood bilirubin increased,FALSE,4.1,imatinib
CID100005291,CID000005291,C0311468,,0.9%,0.009,0.009,PT,C0311468,Blood bilirubin increased,FALSE,4.1,imatinib
CID100005291,CID000005291,C0311468,,1%,0.01,0.01,PT,C0311468,Blood bilirubin increased,FALSE,4.1,imatinib
CID100005291,CID000005291,C0311468,,1.7%,0.017,0.017,PT,C0311468,Blood bilirubin increased,FALSE,4.1,imatinib
CID100005291,CID000005291,C0311468,,11.3%,0.113,0.113,PT,C0311468,Blood bilirubin increased,FALSE,4.1,imatinib
CID100005291,CID000005291,C0311468,,13.1%,0.131,0.131,PT,C0311468,Blood bilirubin increased,FALSE,4.1,imatinib
CID100005291,CID000005291,C0311468,,2.1%,0.021,0.021,PT,C0311468,Blood bilirubin increased,FALSE,4.1,imatinib
CID100005291,CID000005291,C0311468,,3%,0.03,0.03,PT,C0311468,Blood bilirubin increased,FALSE,4.1,imatinib
CID100005291,CID000005291,C0311468,,3.5%,0.035,0.035,PT,C0311468,Blood bilirubin increased,FALSE,4.1,imatinib
CID100005291,CID000005291,C0311468,,3.8%,0.038,0.038,PT,C0311468,Blood bilirubin increased,FALSE,4.1,imatinib
CID100005291,CID000005291,C0151576,,infrequent,0.001,0.01,PT,C0853034,Blood creatine phosphokinase increased,FALSE,4.1,imatinib
CID100005291,CID000005291,C0853034,,uncommon,0.001,0.01,PT,C0853034,Blood creatine phosphokinase increased,FALSE,4.1,imatinib
CID100005291,CID000005291,C0151578,,0%,0,0,PT,C0235431,Blood creatinine increased,FALSE,4.1,imatinib
CID100005291,CID000005291,C0151578,,0.2%,0.002,0.002,PT,C0235431,Blood creatinine increased,FALSE,4.1,imatinib
CID100005291,CID000005291,C0151578,,0.4%,0.004,0.004,PT,C0235431,Blood creatinine increased,FALSE,4.1,imatinib
CID100005291,CID000005291,C0151578,,1.2%,0.012,0.012,PT,C0235431,Blood creatinine increased,FALSE,4.1,imatinib
CID100005291,CID000005291,C0151578,,1.3%,0.013,0.013,PT,C0235431,Blood creatinine increased,FALSE,4.1,imatinib
CID100005291,CID000005291,C0151578,,1.5%,0.015,0.015,PT,C0235431,Blood creatinine increased,FALSE,4.1,imatinib
CID100005291,CID000005291,C0151578,,3%,0.03,0.03,PT,C0235431,Blood creatinine increased,FALSE,4.1,imatinib
CID100005291,CID000005291,C0151578,,8%,0.08,0.08,PT,C0235431,Blood creatinine increased,FALSE,4.1,imatinib
CID100005291,CID000005291,C0235431,,0%,0,0,PT,C0235431,Blood creatinine increased,FALSE,4.1,imatinib
CID100005291,CID000005291,C0235431,,11.6%,0.116,0.116,PT,C0235431,Blood creatinine increased,FALSE,4.1,imatinib
CID100005291,CID000005291,C0235431,,30.4%,0.304,0.304,PT,C0235431,Blood creatinine increased,FALSE,4.1,imatinib
CID100005291,CID000005291,C0235431,,44.4%,0.444,0.444,PT,C0235431,Blood creatinine increased,FALSE,4.1,imatinib
CID100005291,CID000005291,C0235431,,uncommon,0.001,0.01,PT,C0235431,Blood creatinine increased,FALSE,4.1,imatinib
CID100005291,CID000005291,C0235431,,very common,0.1,1,PT,C0235431,Blood creatinine increased,FALSE,4.1,imatinib
CID100005291,CID000005291,C0235431,placebo,0.3%,0.003,0.003,PT,C0235431,Blood creatinine increased,TRUE,4.1,imatinib
CID100005291,CID000005291,C0235431,placebo,5.8%,0.058,0.058,PT,C0235431,Blood creatinine increased,TRUE,4.1,imatinib
CID100005291,CID000005291,C0151754,,infrequent,0.001,0.01,PT,C0853149,Blood lactate dehydrogenase increased,FALSE,4.1,imatinib
CID100005291,CID000005291,C0853149,,0%,0,0,PT,C0853149,Blood lactate dehydrogenase increased,FALSE,4.1,imatinib
CID100005291,CID000005291,C0853149,,43.3%,0.433,0.433,PT,C0853149,Blood lactate dehydrogenase increased,FALSE,4.1,imatinib
CID100005291,CID000005291,C0853149,,60.1%,0.601,0.601,PT,C0853149,Blood lactate dehydrogenase increased,FALSE,4.1,imatinib
CID100005291,CID000005291,C0853149,,uncommon,0.001,0.01,PT,C0853149,Blood lactate dehydrogenase increased,FALSE,4.1,imatinib
CID100005291,CID000005291,C0740394,,uncommon,0.001,0.01,PT,C0235416,Blood uric acid increased,FALSE,4.1,imatinib
CID100005291,CID000005291,C0015967,,0%,0,0,PT,C0015967,Body temperature increased,FALSE,4.1,imatinib
CID100005291,CID000005291,C0015967,,0.5%,0.005,0.005,PT,C0015967,Body temperature increased,FALSE,4.1,imatinib
CID100005291,CID000005291,C0015967,,0.9%,0.009,0.009,PT,C0015967,Body temperature increased,FALSE,4.1,imatinib
CID100005291,CID000005291,C0015967,,1%,0.01,0.01,PT,C0015967,Body temperature increased,FALSE,4.1,imatinib
CID100005291,CID000005291,C0015967,,1.4%,0.014,0.014,PT,C0015967,Body temperature increased,FALSE,4.1,imatinib
CID100005291,CID000005291,C0015967,,11.8%,0.118,0.118,PT,C0015967,Body temperature increased,FALSE,4.1,imatinib
CID100005291,CID000005291,C0015967,,12%,0.12,0.12,PT,C0015967,Body temperature increased,FALSE,4.1,imatinib
CID100005291,CID000005291,C0015967,,12.9%,0.129,0.129,PT,C0015967,Body temperature increased,FALSE,4.1,imatinib
CID100005291,CID000005291,C0015967,,13.2%,0.132,0.132,PT,C0015967,Body temperature increased,FALSE,4.1,imatinib
CID100005291,CID000005291,C0015967,,15.4%,0.154,0.154,PT,C0015967,Body temperature increased,FALSE,4.1,imatinib
CID100005291,CID000005291,C0015967,,16%,0.16,0.16,PT,C0015967,Body temperature increased,FALSE,4.1,imatinib
CID100005291,CID000005291,C0015967,,17%,0.17,0.17,PT,C0015967,Body temperature increased,FALSE,4.1,imatinib
CID100005291,CID000005291,C0015967,,17.8%,0.178,0.178,PT,C0015967,Body temperature increased,FALSE,4.1,imatinib
CID100005291,CID000005291,C0015967,,2%,0.02,0.02,PT,C0015967,Body temperature increased,FALSE,4.1,imatinib
CID100005291,CID000005291,C0015967,,2.8%,0.028,0.028,PT,C0015967,Body temperature increased,FALSE,4.1,imatinib
CID100005291,CID000005291,C0015967,,20.4%,0.204,0.204,PT,C0015967,Body temperature increased,FALSE,4.1,imatinib
CID100005291,CID000005291,C0015967,,21%,0.21,0.21,PT,C0015967,Body temperature increased,FALSE,4.1,imatinib
CID100005291,CID000005291,C0015967,,25%,0.25,0.25,PT,C0015967,Body temperature increased,FALSE,4.1,imatinib
CID100005291,CID000005291,C0015967,,3%,0.03,0.03,PT,C0015967,Body temperature increased,FALSE,4.1,imatinib
CID100005291,CID000005291,C0015967,,3.4%,0.034,0.034,PT,C0015967,Body temperature increased,FALSE,4.1,imatinib
CID100005291,CID000005291,C0015967,,38.6%,0.386,0.386,PT,C0015967,Body temperature increased,FALSE,4.1,imatinib
CID100005291,CID000005291,C0015967,,39%,0.39,0.39,PT,C0015967,Body temperature increased,FALSE,4.1,imatinib
CID100005291,CID000005291,C0015967,,4.9%,0.049,0.049,PT,C0015967,Body temperature increased,FALSE,4.1,imatinib
CID100005291,CID000005291,C0015967,,41%,0.41,0.41,PT,C0015967,Body temperature increased,FALSE,4.1,imatinib
CID100005291,CID000005291,C0015967,,42.4%,0.424,0.424,PT,C0015967,Body temperature increased,FALSE,4.1,imatinib
CID100005291,CID000005291,C0015967,,42.6%,0.426,0.426,PT,C0015967,Body temperature increased,FALSE,4.1,imatinib
CID100005291,CID000005291,C0015967,,5%,0.05,0.05,PT,C0015967,Body temperature increased,FALSE,4.1,imatinib
CID100005291,CID000005291,C0015967,,6.2%,0.062,0.062,PT,C0015967,Body temperature increased,FALSE,4.1,imatinib
CID100005291,CID000005291,C0015967,,7%,0.07,0.07,PT,C0015967,Body temperature increased,FALSE,4.1,imatinib
CID100005291,CID000005291,C0015967,,8%,0.08,0.08,PT,C0015967,Body temperature increased,FALSE,4.1,imatinib
CID100005291,CID000005291,C0015967,,9.6%,0.096,0.096,PT,C0015967,Body temperature increased,FALSE,4.1,imatinib
CID100005291,CID000005291,C0015967,,common,0.01,1,PT,C0015967,Body temperature increased,FALSE,4.1,imatinib
CID100005291,CID000005291,C0151825,,1.6%,0.016,0.016,PT,C0151825,Bone pain,FALSE,4.1,imatinib
CID100005291,CID000005291,C0151825,,11.3%,0.113,0.113,PT,C0151825,Bone pain,FALSE,4.1,imatinib
CID100005291,CID000005291,C0151825,,15.6%,0.156,0.156,PT,C0151825,Bone pain,FALSE,4.1,imatinib
CID100005291,CID000005291,C0151825,,3.4%,0.034,0.034,PT,C0151825,Bone pain,FALSE,4.1,imatinib
CID100005291,CID000005291,C0151825,,very common,0.1,1,PT,C0151825,Bone pain,FALSE,4.1,imatinib
CID100005291,CID000005291,C0006114,,postmarketing,0,0.001,PT,C1527311,Brain oedema,FALSE,4.1,imatinib
CID100005291,CID000005291,C0006114,,rare,0,0.001,PT,C1527311,Brain oedema,FALSE,4.1,imatinib
CID100005291,CID000005291,C2225524,,infrequent,0.001,0.01,PT,C2225524,Breast enlargement,FALSE,4.1,imatinib
CID100005291,CID000005291,C2225524,,uncommon,0.001,0.01,PT,C2225524,Breast enlargement,FALSE,4.1,imatinib
CID100005291,CID000005291,C0018790,,rare,0,0.001,PT,C0018790,Cardiac arrest,FALSE,4.1,imatinib
CID100005291,CID000005291,C0018799,,postmarketing,0,0.001,PT,C0018799,Cardiac disorder,FALSE,4.1,imatinib
CID100005291,CID000005291,C0018799,,rare,0,0.001,PT,C0018799,Cardiac disorder,FALSE,4.1,imatinib
CID100005291,CID000005291,C0018801,,infrequent,0.001,0.01,PT,C0018801,Cardiac failure,FALSE,4.1,imatinib
CID100005291,CID000005291,C0018802,,uncommon,0.001,0.01,PT,C0018802,Cardiac failure congestive,FALSE,4.1,imatinib
CID100005291,CID000005291,C0007177,,postmarketing,0,0.001,PT,C0007177,Cardiac tamponade,FALSE,4.1,imatinib
CID100005291,CID000005291,C0007177,,rare,0,0.001,PT,C0007177,Cardiac tamponade,FALSE,4.1,imatinib
CID100005291,CID000005291,C0086543,,rare,0,0.001,PT,C0086543,Cataract,FALSE,4.1,imatinib
CID100005291,CID000005291,C0007642,,uncommon,0.001,0.01,PT,C0007642,Cellulitis,FALSE,4.1,imatinib
CID100005291,CID000005291,C2937358,,0%,0,0,PT,C2937358,Cerebral haemorrhage,FALSE,4.1,imatinib
CID100005291,CID000005291,C2937358,,1%,0.01,0.01,PT,C2937358,Cerebral haemorrhage,FALSE,4.1,imatinib
CID100005291,CID000005291,C2937358,,uncommon,0.001,0.01,PT,C2937358,Cerebral haemorrhage,FALSE,4.1,imatinib
CID100005291,CID000005291,C0007971,,uncommon,0.001,0.01,PT,C0007971,Cheilitis,FALSE,4.1,imatinib
CID100005291,CID000005291,C0008031,,0.4%,0.004,0.004,PT,C0008031,Chest pain,FALSE,4.1,imatinib
CID100005291,CID000005291,C0008031,,0.8%,0.008,0.008,PT,C0008031,Chest pain,FALSE,4.1,imatinib
CID100005291,CID000005291,C0008031,,10%,0.1,0.1,PT,C0008031,Chest pain,FALSE,4.1,imatinib
CID100005291,CID000005291,C0008031,,11%,0.11,0.11,PT,C0008031,Chest pain,FALSE,4.1,imatinib
CID100005291,CID000005291,C0008031,,2%,0.02,0.02,PT,C0008031,Chest pain,FALSE,4.1,imatinib
CID100005291,CID000005291,C0008031,,7%,0.07,0.07,PT,C0008031,Chest pain,FALSE,4.1,imatinib
CID100005291,CID000005291,C0008031,,uncommon,0.001,0.01,PT,C0008031,Chest pain,FALSE,4.1,imatinib
CID100005291,CID000005291,C0085593,,10.2%,0.102,0.102,PT,C0085593,Chills,FALSE,4.1,imatinib
CID100005291,CID000005291,C0085593,,11%,0.11,0.11,PT,C0085593,Chills,FALSE,4.1,imatinib
CID100005291,CID000005291,C0085593,,3%,0.03,0.03,PT,C0085593,Chills,FALSE,4.1,imatinib
CID100005291,CID000005291,C0085593,,4.6%,0.046,0.046,PT,C0085593,Chills,FALSE,4.1,imatinib
CID100005291,CID000005291,C0085593,,common,0.01,1,PT,C0085593,Chills,FALSE,4.1,imatinib
CID100005291,CID000005291,C0424790,,0%,0,0,PT,C0085593,Chills,FALSE,4.1,imatinib
CID100005291,CID000005291,C0424790,,0.2%,0.002,0.002,PT,C0085593,Chills,FALSE,4.1,imatinib
CID100005291,CID000005291,C0424790,,0.4%,0.004,0.004,PT,C0085593,Chills,FALSE,4.1,imatinib
CID100005291,CID000005291,C0424790,,0.8%,0.008,0.008,PT,C0085593,Chills,FALSE,4.1,imatinib
CID100005291,CID000005291,C0424790,,10%,0.1,0.1,PT,C0085593,Chills,FALSE,4.1,imatinib
CID100005291,CID000005291,C0424790,,10.2%,0.102,0.102,PT,C0085593,Chills,FALSE,4.1,imatinib
CID100005291,CID000005291,C0424790,,11%,0.11,0.11,PT,C0085593,Chills,FALSE,4.1,imatinib
CID100005291,CID000005291,C0424790,,12%,0.12,0.12,PT,C0085593,Chills,FALSE,4.1,imatinib
CID100005291,CID000005291,C0424790,,3%,0.03,0.03,PT,C0085593,Chills,FALSE,4.1,imatinib
CID100005291,CID000005291,C0424790,,34%,0.34,0.34,PT,C0085593,Chills,FALSE,4.1,imatinib
CID100005291,CID000005291,C0424790,,4.6%,0.046,0.046,PT,C0085593,Chills,FALSE,4.1,imatinib
CID100005291,CID000005291,C0424790,,8%,0.08,0.08,PT,C0085593,Chills,FALSE,4.1,imatinib
CID100005291,CID000005291,C0424790,,9.3%,0.093,0.093,PT,C0085593,Chills,FALSE,4.1,imatinib
CID100005291,CID000005291,C0424790,,common,0.01,1,PT,C0085593,Chills,FALSE,4.1,imatinib
CID100005291,CID000005291,C0023474,,postmarketing,0,0.001,PT,C0023473,Chronic myeloid leukaemia,FALSE,4.1,imatinib
CID100005291,CID000005291,C0009319,,rare,0,0.001,PT,C0009319,Colitis,FALSE,4.1,imatinib
CID100005291,CID000005291,C0009676,,rare,0,0.001,PT,C0009676,Confusional state,FALSE,4.1,imatinib
CID100005291,CID000005291,C0009760,,common,0.01,1,PT,C0009760,Conjunctival haemorrhage,FALSE,4.1,imatinib
CID100005291,CID000005291,C0009760,,infrequent,0.001,0.01,PT,C0009760,Conjunctival haemorrhage,FALSE,4.1,imatinib
CID100005291,CID000005291,C0009763,,0%,0,0,PT,C0009763,Conjunctivitis,FALSE,4.1,imatinib
CID100005291,CID000005291,C0009763,,5.2%,0.052,0.052,PT,C0009763,Conjunctivitis,FALSE,4.1,imatinib
CID100005291,CID000005291,C0009763,,7.6%,0.076,0.076,PT,C0009763,Conjunctivitis,FALSE,4.1,imatinib
CID100005291,CID000005291,C0009763,,common,0.01,1,PT,C0009763,Conjunctivitis,FALSE,4.1,imatinib
CID100005291,CID000005291,C0009782,,postmarketing,0,0.001,PT,C0009782,Connective tissue disorder,FALSE,4.1,imatinib
CID100005291,CID000005291,C0009806,,0%,0,0,PT,C0009806,Constipation,FALSE,4.1,imatinib
CID100005291,CID000005291,C0009806,,0.2%,0.002,0.002,PT,C0009806,Constipation,FALSE,4.1,imatinib
CID100005291,CID000005291,C0009806,,0.4%,0.004,0.004,PT,C0009806,Constipation,FALSE,4.1,imatinib
CID100005291,CID000005291,C0009806,,0.7%,0.007,0.007,PT,C0009806,Constipation,FALSE,4.1,imatinib
CID100005291,CID000005291,C0009806,,0.9%,0.009,0.009,PT,C0009806,Constipation,FALSE,4.1,imatinib
CID100005291,CID000005291,C0009806,,1%,0.01,0.01,PT,C0009806,Constipation,FALSE,4.1,imatinib
CID100005291,CID000005291,C0009806,,10%,0.1,0.1,PT,C0009806,Constipation,FALSE,4.1,imatinib
CID100005291,CID000005291,C0009806,,10.2%,0.102,0.102,PT,C0009806,Constipation,FALSE,4.1,imatinib
CID100005291,CID000005291,C0009806,,11%,0.11,0.11,PT,C0009806,Constipation,FALSE,4.1,imatinib
CID100005291,CID000005291,C0009806,,11.4%,0.114,0.114,PT,C0009806,Constipation,FALSE,4.1,imatinib
CID100005291,CID000005291,C0009806,,12.8%,0.128,0.128,PT,C0009806,Constipation,FALSE,4.1,imatinib
CID100005291,CID000005291,C0009806,,14.4%,0.144,0.144,PT,C0009806,Constipation,FALSE,4.1,imatinib
CID100005291,CID000005291,C0009806,,14.8%,0.148,0.148,PT,C0009806,Constipation,FALSE,4.1,imatinib
CID100005291,CID000005291,C0009806,,15%,0.15,0.15,PT,C0009806,Constipation,FALSE,4.1,imatinib
CID100005291,CID000005291,C0009806,,16%,0.16,0.16,PT,C0009806,Constipation,FALSE,4.1,imatinib
CID100005291,CID000005291,C0009806,,2%,0.02,0.02,PT,C0009806,Constipation,FALSE,4.1,imatinib
CID100005291,CID000005291,C0009806,,4.1%,0.041,0.041,PT,C0009806,Constipation,FALSE,4.1,imatinib
CID100005291,CID000005291,C0009806,,5.1%,0.051,0.051,PT,C0009806,Constipation,FALSE,4.1,imatinib
CID100005291,CID000005291,C0009806,,6%,0.06,0.06,PT,C0009806,Constipation,FALSE,4.1,imatinib
CID100005291,CID000005291,C0009806,,8.8%,0.088,0.088,PT,C0009806,Constipation,FALSE,4.1,imatinib
CID100005291,CID000005291,C0009806,,9%,0.09,0.09,PT,C0009806,Constipation,FALSE,4.1,imatinib
CID100005291,CID000005291,C0009806,,9.6%,0.096,0.096,PT,C0009806,Constipation,FALSE,4.1,imatinib
CID100005291,CID000005291,C0009806,,common,0.01,1,PT,C0009806,Constipation,FALSE,4.1,imatinib
CID100005291,CID000005291,C0009806,placebo,0.3%,0.003,0.003,PT,C0009806,Constipation,TRUE,4.1,imatinib
CID100005291,CID000005291,C0009806,placebo,17.7%,0.177,0.177,PT,C0009806,Constipation,TRUE,4.1,imatinib
CID100005291,CID000005291,C0009938,,uncommon,0.001,0.01,PT,C0009938,Contusion,FALSE,4.1,imatinib
CID100005291,CID000005291,C0036572,,rare,0,0.001,PT,C0036572,Convulsion,FALSE,4.1,imatinib
CID100005291,CID000005291,C0010200,,0%,0,0,PT,C0010200,Cough,FALSE,4.1,imatinib
CID100005291,CID000005291,C0010200,,0.2%,0.002,0.002,PT,C0010200,Cough,FALSE,4.1,imatinib
CID100005291,CID000005291,C0010200,,0.6%,0.006,0.006,PT,C0010200,Cough,FALSE,4.1,imatinib
CID100005291,CID000005291,C0010200,,0.8%,0.008,0.008,PT,C0010200,Cough,FALSE,4.1,imatinib
CID100005291,CID000005291,C0010200,,0.9%,0.009,0.009,PT,C0010200,Cough,FALSE,4.1,imatinib
CID100005291,CID000005291,C0010200,,11%,0.11,0.11,PT,C0010200,Cough,FALSE,4.1,imatinib
CID100005291,CID000005291,C0010200,,12.5%,0.125,0.125,PT,C0010200,Cough,FALSE,4.1,imatinib
CID100005291,CID000005291,C0010200,,14%,0.14,0.14,PT,C0010200,Cough,FALSE,4.1,imatinib
CID100005291,CID000005291,C0010200,,14.5%,0.145,0.145,PT,C0010200,Cough,FALSE,4.1,imatinib
CID100005291,CID000005291,C0010200,,16.1%,0.161,0.161,PT,C0010200,Cough,FALSE,4.1,imatinib
CID100005291,CID000005291,C0010200,,17%,0.17,0.17,PT,C0010200,Cough,FALSE,4.1,imatinib
CID100005291,CID000005291,C0010200,,17.4%,0.174,0.174,PT,C0010200,Cough,FALSE,4.1,imatinib
CID100005291,CID000005291,C0010200,,20%,0.2,0.2,PT,C0010200,Cough,FALSE,4.1,imatinib
CID100005291,CID000005291,C0010200,,21.6%,0.216,0.216,PT,C0010200,Cough,FALSE,4.1,imatinib
CID100005291,CID000005291,C0010200,,23.1%,0.231,0.231,PT,C0010200,Cough,FALSE,4.1,imatinib
CID100005291,CID000005291,C0010200,,26%,0.26,0.26,PT,C0010200,Cough,FALSE,4.1,imatinib
CID100005291,CID000005291,C0010200,,27%,0.27,0.27,PT,C0010200,Cough,FALSE,4.1,imatinib
CID100005291,CID000005291,C0010200,,3.2%,0.032,0.032,PT,C0010200,Cough,FALSE,4.1,imatinib
CID100005291,CID000005291,C0010200,,4.5%,0.045,0.045,PT,C0010200,Cough,FALSE,4.1,imatinib
CID100005291,CID000005291,C0010200,,common,0.01,1,PT,C0010200,Cough,FALSE,4.1,imatinib
CID100005291,CID000005291,C0010200,placebo,0%,0,0,PT,C0010200,Cough,TRUE,4.1,imatinib
CID100005291,CID000005291,C0010200,placebo,11.3%,0.113,0.113,PT,C0010200,Cough,TRUE,4.1,imatinib
CID100005291,CID000005291,C0010709,,postmarketing,0,0.001,PT,C0010709,Cyst,FALSE,4.1,imatinib
CID100005291,CID000005291,C1384666,,uncommon,0.001,0.01,PT,C0011053,Deafness,FALSE,4.1,imatinib
CID100005291,CID000005291,C0003123,,0%,0,0,PT,C0232462,Decreased appetite,FALSE,4.1,imatinib
CID100005291,CID000005291,C0003123,,0.3%,0.003,0.003,PT,C0232462,Decreased appetite,FALSE,4.1,imatinib
CID100005291,CID000005291,C0003123,,0.618%,0.00618238,0.00618238,PT,C0232462,Decreased appetite,FALSE,4.1,imatinib
CID100005291,CID000005291,C0003123,,10.9%,0.108696,0.108696,PT,C0232462,Decreased appetite,FALSE,4.1,imatinib
CID100005291,CID000005291,C0003123,,14%,0.14,0.14,PT,C0232462,Decreased appetite,FALSE,4.1,imatinib
CID100005291,CID000005291,C0003123,,16.9%,0.169,0.169,PT,C0232462,Decreased appetite,FALSE,4.1,imatinib
CID100005291,CID000005291,C0003123,,17%,0.17,0.17,PT,C0232462,Decreased appetite,FALSE,4.1,imatinib
CID100005291,CID000005291,C0003123,,2%,0.02,0.02,PT,C0232462,Decreased appetite,FALSE,4.1,imatinib
CID100005291,CID000005291,C0003123,,2.4%,0.024,0.024,PT,C0232462,Decreased appetite,FALSE,4.1,imatinib
CID100005291,CID000005291,C0003123,,2.44%,0.0244216,0.0244216,PT,C0232462,Decreased appetite,FALSE,4.1,imatinib
CID100005291,CID000005291,C0003123,,31.1%,0.311,0.311,PT,C0232462,Decreased appetite,FALSE,4.1,imatinib
CID100005291,CID000005291,C0003123,,31.7%,0.317,0.317,PT,C0232462,Decreased appetite,FALSE,4.1,imatinib
CID100005291,CID000005291,C0003123,,35.8%,0.358,0.358,PT,C0232462,Decreased appetite,FALSE,4.1,imatinib
CID100005291,CID000005291,C0003123,,4.62%,0.0461538,0.0461538,PT,C0232462,Decreased appetite,FALSE,4.1,imatinib
CID100005291,CID000005291,C0003123,,4.7%,0.047,0.047,PT,C0232462,Decreased appetite,FALSE,4.1,imatinib
CID100005291,CID000005291,C0003123,,6%,0.06,0.06,PT,C0232462,Decreased appetite,FALSE,4.1,imatinib
CID100005291,CID000005291,C0003123,,6.6%,0.066,0.066,PT,C0232462,Decreased appetite,FALSE,4.1,imatinib
CID100005291,CID000005291,C0003123,,7%,0.07,0.07,PT,C0232462,Decreased appetite,FALSE,4.1,imatinib
CID100005291,CID000005291,C0003123,,7.1%,0.071,0.071,PT,C0232462,Decreased appetite,FALSE,4.1,imatinib
CID100005291,CID000005291,C0003123,,common,0.01,1,PT,C0232462,Decreased appetite,FALSE,4.1,imatinib
CID100005291,CID000005291,C0003123,placebo,0%,0,0,PT,C0232462,Decreased appetite,TRUE,4.1,imatinib
CID100005291,CID000005291,C0003123,placebo,8.7%,0.087,0.087,PT,C0232462,Decreased appetite,TRUE,4.1,imatinib
CID100005291,CID000005291,C0232462,,0%,0,0,PT,C0232462,Decreased appetite,FALSE,4.1,imatinib
CID100005291,CID000005291,C0232462,,10.1%,0.101,0.101,PT,C0232462,Decreased appetite,FALSE,4.1,imatinib
CID100005291,CID000005291,C0232462,,9.8%,0.098,0.098,PT,C0232462,Decreased appetite,FALSE,4.1,imatinib
CID100005291,CID000005291,C0232462,,uncommon,0.001,0.01,PT,C0232462,Decreased appetite,FALSE,4.1,imatinib
CID100005291,CID000005291,C0011175,,infrequent,0.001,0.01,PT,C0011175,Dehydration,FALSE,4.1,imatinib
CID100005291,CID000005291,C0011175,,uncommon,0.001,0.01,PT,C0011175,Dehydration,FALSE,4.1,imatinib
CID100005291,CID000005291,C0011570,,0%,0,0,PT,C0011570,Depression,FALSE,4.1,imatinib
CID100005291,CID000005291,C0011570,,0.5%,0.005,0.005,PT,C0011570,Depression,FALSE,4.1,imatinib
CID100005291,CID000005291,C0011570,,0.9%,0.009,0.009,PT,C0011570,Depression,FALSE,4.1,imatinib
CID100005291,CID000005291,C0011570,,12.7%,0.127,0.127,PT,C0011570,Depression,FALSE,4.1,imatinib
CID100005291,CID000005291,C0011570,,13.1%,0.131,0.131,PT,C0011570,Depression,FALSE,4.1,imatinib
CID100005291,CID000005291,C0011570,,14.9%,0.149,0.149,PT,C0011570,Depression,FALSE,4.1,imatinib
CID100005291,CID000005291,C0011570,,3.1%,0.031,0.031,PT,C0011570,Depression,FALSE,4.1,imatinib
CID100005291,CID000005291,C0011570,,35.8%,0.358,0.358,PT,C0011570,Depression,FALSE,4.1,imatinib
CID100005291,CID000005291,C0011570,,6.8%,0.068,0.068,PT,C0011570,Depression,FALSE,4.1,imatinib
CID100005291,CID000005291,C0011570,,8.1%,0.081,0.081,PT,C0011570,Depression,FALSE,4.1,imatinib
CID100005291,CID000005291,C0011570,,uncommon,0.001,0.01,PT,C0011570,Depression,FALSE,4.1,imatinib
CID100005291,CID000005291,C0011570,placebo,0.6%,0.006,0.006,PT,C0011570,Depression,TRUE,4.1,imatinib
CID100005291,CID000005291,C0011570,placebo,6.4%,0.064,0.064,PT,C0011570,Depression,TRUE,4.1,imatinib
CID100005291,CID000005291,C0011603,,1.5%,0.015,0.015,PT,C0011603,Dermatitis,FALSE,4.1,imatinib
CID100005291,CID000005291,C0011603,,2.1%,0.021,0.021,PT,C0011603,Dermatitis,FALSE,4.1,imatinib
CID100005291,CID000005291,C0011603,,29.4%,0.294,0.294,PT,C0011603,Dermatitis,FALSE,4.1,imatinib
CID100005291,CID000005291,C0011603,,38.9%,0.389,0.389,PT,C0011603,Dermatitis,FALSE,4.1,imatinib
CID100005291,CID000005291,C0011603,,very common,0.1,1,PT,C0011603,Dermatitis,FALSE,4.1,imatinib
CID100005291,CID000005291,C0015230,,0%,0,0,PT,C0011603,Dermatitis,FALSE,4.1,imatinib
CID100005291,CID000005291,C0015230,,0.643%,0.00642674,0.00642674,PT,C0011603,Dermatitis,FALSE,4.1,imatinib
CID100005291,CID000005291,C0015230,,0.9%,0.009,0.009,PT,C0011603,Dermatitis,FALSE,4.1,imatinib
CID100005291,CID000005291,C0015230,,2%,0.02,0.02,PT,C0011603,Dermatitis,FALSE,4.1,imatinib
CID100005291,CID000005291,C0015230,,2.1%,0.021,0.021,PT,C0011603,Dermatitis,FALSE,4.1,imatinib
CID100005291,CID000005291,C0015230,,2.4%,0.024,0.024,PT,C0011603,Dermatitis,FALSE,4.1,imatinib
CID100005291,CID000005291,C0015230,,2.7%,0.027,0.027,PT,C0011603,Dermatitis,FALSE,4.1,imatinib
CID100005291,CID000005291,C0015230,,2.9%,0.029,0.029,PT,C0011603,Dermatitis,FALSE,4.1,imatinib
CID100005291,CID000005291,C0015230,,25%,0.25,0.25,PT,C0011603,Dermatitis,FALSE,4.1,imatinib
CID100005291,CID000005291,C0015230,,25.7%,0.257,0.257,PT,C0011603,Dermatitis,FALSE,4.1,imatinib
CID100005291,CID000005291,C0015230,,26%,0.26,0.26,PT,C0011603,Dermatitis,FALSE,4.1,imatinib
CID100005291,CID000005291,C0015230,,26.1%,0.261,0.261,PT,C0011603,Dermatitis,FALSE,4.1,imatinib
CID100005291,CID000005291,C0015230,,3%,0.03,0.03,PT,C0011603,Dermatitis,FALSE,4.1,imatinib
CID100005291,CID000005291,C0015230,,31.9%,0.319,0.319,PT,C0011603,Dermatitis,FALSE,4.1,imatinib
CID100005291,CID000005291,C0015230,,35%,0.35,0.35,PT,C0011603,Dermatitis,FALSE,4.1,imatinib
CID100005291,CID000005291,C0015230,,36%,0.36,0.36,PT,C0011603,Dermatitis,FALSE,4.1,imatinib
CID100005291,CID000005291,C0015230,,37.2%,0.372,0.372,PT,C0011603,Dermatitis,FALSE,4.1,imatinib
CID100005291,CID000005291,C0015230,,38%,0.38,0.38,PT,C0011603,Dermatitis,FALSE,4.1,imatinib
CID100005291,CID000005291,C0015230,,38.1%,0.381,0.381,PT,C0011603,Dermatitis,FALSE,4.1,imatinib
CID100005291,CID000005291,C0015230,,4%,0.04,0.04,PT,C0011603,Dermatitis,FALSE,4.1,imatinib
CID100005291,CID000005291,C0015230,,4.35%,0.0434783,0.0434783,PT,C0011603,Dermatitis,FALSE,4.1,imatinib
CID100005291,CID000005291,C0015230,,40.1%,0.401,0.401,PT,C0011603,Dermatitis,FALSE,4.1,imatinib
CID100005291,CID000005291,C0015230,,42%,0.42,0.42,PT,C0011603,Dermatitis,FALSE,4.1,imatinib
CID100005291,CID000005291,C0015230,,44%,0.44,0.44,PT,C0011603,Dermatitis,FALSE,4.1,imatinib
CID100005291,CID000005291,C0015230,,47%,0.47,0.47,PT,C0011603,Dermatitis,FALSE,4.1,imatinib
CID100005291,CID000005291,C0015230,,49.8%,0.498,0.498,PT,C0011603,Dermatitis,FALSE,4.1,imatinib
CID100005291,CID000005291,C0015230,,5%,0.05,0.05,PT,C0011603,Dermatitis,FALSE,4.1,imatinib
CID100005291,CID000005291,C0015230,,53%,0.53,0.53,PT,C0011603,Dermatitis,FALSE,4.1,imatinib
CID100005291,CID000005291,C0015230,,7.6%,0.076,0.076,PT,C0011603,Dermatitis,FALSE,4.1,imatinib
CID100005291,CID000005291,C0015230,,8.9%,0.089,0.089,PT,C0011603,Dermatitis,FALSE,4.1,imatinib
CID100005291,CID000005291,C0015230,,very common,0.1,1,PT,C0011603,Dermatitis,FALSE,4.1,imatinib
CID100005291,CID000005291,C0015230,placebo,0%,0,0,PT,C0011603,Dermatitis,TRUE,4.1,imatinib
CID100005291,CID000005291,C0015230,placebo,12.8%,0.128,0.128,PT,C0011603,Dermatitis,TRUE,4.1,imatinib
CID100005291,CID000005291,C0015230,placebo,5.2%,0.052,0.052,PT,C0011603,Dermatitis,TRUE,4.1,imatinib
CID100005291,CID000005291,C0235818,,infrequent,0.001,0.01,PT,C0085932,Dermatitis bullous,FALSE,4.1,imatinib
CID100005291,CID000005291,C0235818,,uncommon,0.001,0.01,PT,C0085932,Dermatitis bullous,FALSE,4.1,imatinib
CID100005291,CID000005291,C0011606,,infrequent,0.001,0.01,PT,C0011606,Dermatitis exfoliative,FALSE,4.1,imatinib
CID100005291,CID000005291,C0011606,,uncommon,0.001,0.01,PT,C0011606,Dermatitis exfoliative,FALSE,4.1,imatinib
CID100005291,CID000005291,C0011991,,0.464%,0.00463679,0.00463679,PT,C0011991,Diarrhoea,FALSE,4.1,imatinib
CID100005291,CID000005291,C0011991,,0.5%,0.005,0.005,PT,C0011991,Diarrhoea,FALSE,4.1,imatinib
CID100005291,CID000005291,C0011991,,1%,0.01,0.01,PT,C0011991,Diarrhoea,FALSE,4.1,imatinib
CID100005291,CID000005291,C0011991,,1.3%,0.013,0.013,PT,C0011991,Diarrhoea,FALSE,4.1,imatinib
CID100005291,CID000005291,C0011991,,1.54%,0.0154242,0.0154242,PT,C0011991,Diarrhoea,FALSE,4.1,imatinib
CID100005291,CID000005291,C0011991,,2%,0.02,0.02,PT,C0011991,Diarrhoea,FALSE,4.1,imatinib
CID100005291,CID000005291,C0011991,,3%,0.03,0.03,PT,C0011991,Diarrhoea,FALSE,4.1,imatinib
CID100005291,CID000005291,C0011991,,3.2%,0.032,0.032,PT,C0011991,Diarrhoea,FALSE,4.1,imatinib
CID100005291,CID000005291,C0011991,,3.3%,0.033,0.033,PT,C0011991,Diarrhoea,FALSE,4.1,imatinib
CID100005291,CID000005291,C0011991,,30.3%,0.303,0.303,PT,C0011991,Diarrhoea,FALSE,4.1,imatinib
CID100005291,CID000005291,C0011991,,38.5%,0.385,0.385,PT,C0011991,Diarrhoea,FALSE,4.1,imatinib
CID100005291,CID000005291,C0011991,,4%,0.04,0.04,PT,C0011991,Diarrhoea,FALSE,4.1,imatinib
CID100005291,CID000005291,C0011991,,4.62%,0.0461538,0.0461538,PT,C0011991,Diarrhoea,FALSE,4.1,imatinib
CID100005291,CID000005291,C0011991,,40.9%,0.409,0.409,PT,C0011991,Diarrhoea,FALSE,4.1,imatinib
CID100005291,CID000005291,C0011991,,42%,0.42,0.42,PT,C0011991,Diarrhoea,FALSE,4.1,imatinib
CID100005291,CID000005291,C0011991,,43%,0.43,0.43,PT,C0011991,Diarrhoea,FALSE,4.1,imatinib
CID100005291,CID000005291,C0011991,,43.3%,0.433,0.433,PT,C0011991,Diarrhoea,FALSE,4.1,imatinib
CID100005291,CID000005291,C0011991,,43.8%,0.438,0.438,PT,C0011991,Diarrhoea,FALSE,4.1,imatinib
CID100005291,CID000005291,C0011991,,45.4%,0.454,0.454,PT,C0011991,Diarrhoea,FALSE,4.1,imatinib
CID100005291,CID000005291,C0011991,,48%,0.48,0.48,PT,C0011991,Diarrhoea,FALSE,4.1,imatinib
CID100005291,CID000005291,C0011991,,5%,0.05,0.05,PT,C0011991,Diarrhoea,FALSE,4.1,imatinib
CID100005291,CID000005291,C0011991,,54%,0.54,0.54,PT,C0011991,Diarrhoea,FALSE,4.1,imatinib
CID100005291,CID000005291,C0011991,,55%,0.55,0.55,PT,C0011991,Diarrhoea,FALSE,4.1,imatinib
CID100005291,CID000005291,C0011991,,56%,0.56,0.56,PT,C0011991,Diarrhoea,FALSE,4.1,imatinib
CID100005291,CID000005291,C0011991,,56.2%,0.562,0.562,PT,C0011991,Diarrhoea,FALSE,4.1,imatinib
CID100005291,CID000005291,C0011991,,57%,0.57,0.57,PT,C0011991,Diarrhoea,FALSE,4.1,imatinib
CID100005291,CID000005291,C0011991,,58.2%,0.582,0.582,PT,C0011991,Diarrhoea,FALSE,4.1,imatinib
CID100005291,CID000005291,C0011991,,59%,0.59,0.59,PT,C0011991,Diarrhoea,FALSE,4.1,imatinib
CID100005291,CID000005291,C0011991,,59.3%,0.593,0.593,PT,C0011991,Diarrhoea,FALSE,4.1,imatinib
CID100005291,CID000005291,C0011991,,60%,0.6,0.6,PT,C0011991,Diarrhoea,FALSE,4.1,imatinib
CID100005291,CID000005291,C0011991,,7%,0.07,0.07,PT,C0011991,Diarrhoea,FALSE,4.1,imatinib
CID100005291,CID000005291,C0011991,,70%,0.7,0.7,PT,C0011991,Diarrhoea,FALSE,4.1,imatinib
CID100005291,CID000005291,C0011991,,8.1%,0.081,0.081,PT,C0011991,Diarrhoea,FALSE,4.1,imatinib
CID100005291,CID000005291,C0011991,,8.6%,0.086,0.086,PT,C0011991,Diarrhoea,FALSE,4.1,imatinib
CID100005291,CID000005291,C0011991,,8.7%,0.0869565,0.0869565,PT,C0011991,Diarrhoea,FALSE,4.1,imatinib
CID100005291,CID000005291,C0011991,,very common,0.1,1,PT,C0011991,Diarrhoea,FALSE,4.1,imatinib
CID100005291,CID000005291,C0011991,placebo,1.4%,0.014,0.014,PT,C0011991,Diarrhoea,TRUE,4.1,imatinib
CID100005291,CID000005291,C0011991,placebo,29.3%,0.293,0.293,PT,C0011991,Diarrhoea,TRUE,4.1,imatinib
CID100005291,CID000005291,C2129214,,0%,0,0,PT,C0011991,Diarrhoea,FALSE,4.1,imatinib
CID100005291,CID000005291,C2129214,,10%,0.1,0.1,PT,C0011991,Diarrhoea,FALSE,4.1,imatinib
CID100005291,CID000005291,C2129214,,10.9%,0.109,0.109,PT,C0011991,Diarrhoea,FALSE,4.1,imatinib
CID100005291,CID000005291,C2129214,,12%,0.12,0.12,PT,C0011991,Diarrhoea,FALSE,4.1,imatinib
CID100005291,CID000005291,C0231218,,11.7%,0.117,0.117,PT,C0234215,Discomfort,FALSE,4.1,imatinib
CID100005291,CID000005291,C0231218,,12.2%,0.122,0.122,PT,C0234215,Discomfort,FALSE,4.1,imatinib
CID100005291,CID000005291,C0231218,,69.3%,0.693,0.693,PT,C0234215,Discomfort,FALSE,4.1,imatinib
CID100005291,CID000005291,C0231218,,74.9%,0.749,0.749,PT,C0234215,Discomfort,FALSE,4.1,imatinib
CID100005291,CID000005291,C0231218,,uncommon,0.001,0.01,PT,C0234215,Discomfort,FALSE,4.1,imatinib
CID100005291,CID000005291,C0011124,,uncommon,0.001,0.01,PT,C0855242,Disturbance in sexual arousal,FALSE,4.1,imatinib
CID100005291,CID000005291,C0012813,,postmarketing,0,0.001,PT,C0012813,Diverticulitis,FALSE,4.1,imatinib
CID100005291,CID000005291,C0012813,,rare,0,0.001,PT,C0012813,Diverticulitis,FALSE,4.1,imatinib
CID100005291,CID000005291,C0012833,,0%,0,0,PT,C0012833,Dizziness,FALSE,4.1,imatinib
CID100005291,CID000005291,C0012833,,0.2%,0.002,0.002,PT,C0012833,Dizziness,FALSE,4.1,imatinib
CID100005291,CID000005291,C0012833,,0.4%,0.004,0.004,PT,C0012833,Dizziness,FALSE,4.1,imatinib
CID100005291,CID000005291,C0012833,,0.5%,0.005,0.005,PT,C0012833,Dizziness,FALSE,4.1,imatinib
CID100005291,CID000005291,C0012833,,0.9%,0.009,0.009,PT,C0012833,Dizziness,FALSE,4.1,imatinib
CID100005291,CID000005291,C0012833,,10%,0.1,0.1,PT,C0012833,Dizziness,FALSE,4.1,imatinib
CID100005291,CID000005291,C0012833,,11%,0.11,0.11,PT,C0012833,Dizziness,FALSE,4.1,imatinib
CID100005291,CID000005291,C0012833,,11.6%,0.116,0.116,PT,C0012833,Dizziness,FALSE,4.1,imatinib
CID100005291,CID000005291,C0012833,,12%,0.12,0.12,PT,C0012833,Dizziness,FALSE,4.1,imatinib
CID100005291,CID000005291,C0012833,,12.5%,0.125,0.125,PT,C0012833,Dizziness,FALSE,4.1,imatinib
CID100005291,CID000005291,C0012833,,13%,0.13,0.13,PT,C0012833,Dizziness,FALSE,4.1,imatinib
CID100005291,CID000005291,C0012833,,13.2%,0.132,0.132,PT,C0012833,Dizziness,FALSE,4.1,imatinib
CID100005291,CID000005291,C0012833,,15.8%,0.158,0.158,PT,C0012833,Dizziness,FALSE,4.1,imatinib
CID100005291,CID000005291,C0012833,,16%,0.16,0.16,PT,C0012833,Dizziness,FALSE,4.1,imatinib
CID100005291,CID000005291,C0012833,,19.4%,0.194,0.194,PT,C0012833,Dizziness,FALSE,4.1,imatinib
CID100005291,CID000005291,C0012833,,2.8%,0.028,0.028,PT,C0012833,Dizziness,FALSE,4.1,imatinib
CID100005291,CID000005291,C0012833,,23.1%,0.231,0.231,PT,C0012833,Dizziness,FALSE,4.1,imatinib
CID100005291,CID000005291,C0012833,,24.2%,0.242,0.242,PT,C0012833,Dizziness,FALSE,4.1,imatinib
CID100005291,CID000005291,C0012833,,24.4%,0.244,0.244,PT,C0012833,Dizziness,FALSE,4.1,imatinib
CID100005291,CID000005291,C0012833,,3.4%,0.034,0.034,PT,C0012833,Dizziness,FALSE,4.1,imatinib
CID100005291,CID000005291,C0012833,,3.6%,0.036,0.036,PT,C0012833,Dizziness,FALSE,4.1,imatinib
CID100005291,CID000005291,C0012833,,3.8%,0.038,0.038,PT,C0012833,Dizziness,FALSE,4.1,imatinib
CID100005291,CID000005291,C0012833,,4.6%,0.046,0.046,PT,C0012833,Dizziness,FALSE,4.1,imatinib
CID100005291,CID000005291,C0012833,,4.8%,0.048,0.048,PT,C0012833,Dizziness,FALSE,4.1,imatinib
CID100005291,CID000005291,C0012833,,6.6%,0.066,0.066,PT,C0012833,Dizziness,FALSE,4.1,imatinib
CID100005291,CID000005291,C0012833,,common,0.01,1,PT,C0012833,Dizziness,FALSE,4.1,imatinib
CID100005291,CID000005291,C0012833,placebo,0.3%,0.003,0.003,PT,C0012833,Dizziness,TRUE,4.1,imatinib
CID100005291,CID000005291,C0012833,placebo,10.7%,0.107,0.107,PT,C0012833,Dizziness,TRUE,4.1,imatinib
CID100005291,CID000005291,C0039070,,infrequent,0.001,0.01,PT,C0012833,Dizziness,FALSE,4.1,imatinib
CID100005291,CID000005291,C0039070,,uncommon,0.001,0.01,PT,C0012833,Dizziness,FALSE,4.1,imatinib
CID100005291,CID000005291,C0220870,,10%,0.1,0.1,PT,C0012833,Dizziness,FALSE,4.1,imatinib
CID100005291,CID000005291,C0220870,,11%,0.11,0.11,PT,C0012833,Dizziness,FALSE,4.1,imatinib
CID100005291,CID000005291,C0220870,,2.8%,0.028,0.028,PT,C0012833,Dizziness,FALSE,4.1,imatinib
CID100005291,CID000005291,C0220870,,4.8%,0.048,0.048,PT,C0012833,Dizziness,FALSE,4.1,imatinib
CID100005291,CID000005291,C0011609,,postmarketing,0,0.001,PT,C0011609,Drug eruption,FALSE,4.1,imatinib
CID100005291,CID000005291,C0314719,,common,0.01,1,PT,C0314719,Dry eye,FALSE,4.1,imatinib
CID100005291,CID000005291,C0314719,,infrequent,0.001,0.01,PT,C0314719,Dry eye,FALSE,4.1,imatinib
CID100005291,CID000005291,C0043352,,0%,0,0,PT,C0043352,Dry mouth,FALSE,4.1,imatinib
CID100005291,CID000005291,C0043352,,0.2%,0.002,0.002,PT,C0043352,Dry mouth,FALSE,4.1,imatinib
CID100005291,CID000005291,C0043352,,10.9%,0.109,0.109,PT,C0043352,Dry mouth,FALSE,4.1,imatinib
CID100005291,CID000005291,C0043352,,2.9%,0.029,0.029,PT,C0043352,Dry mouth,FALSE,4.1,imatinib
CID100005291,CID000005291,C0043352,,common,0.01,1,PT,C0043352,Dry mouth,FALSE,4.1,imatinib
CID100005291,CID000005291,C0151908,,0%,0,0,PT,C0151908,Dry skin,FALSE,4.1,imatinib
CID100005291,CID000005291,C0151908,,0.5%,0.005,0.005,PT,C0151908,Dry skin,FALSE,4.1,imatinib
CID100005291,CID000005291,C0151908,,6.1%,0.061,0.061,PT,C0151908,Dry skin,FALSE,4.1,imatinib
CID100005291,CID000005291,C0151908,,6.5%,0.065,0.065,PT,C0151908,Dry skin,FALSE,4.1,imatinib
CID100005291,CID000005291,C0151908,,6.7%,0.067,0.067,PT,C0151908,Dry skin,FALSE,4.1,imatinib
CID100005291,CID000005291,C0151908,,common,0.01,1,PT,C0151908,Dry skin,FALSE,4.1,imatinib
CID100005291,CID000005291,C0151908,placebo,0%,0,0,PT,C0151908,Dry skin,TRUE,4.1,imatinib
CID100005291,CID000005291,C0151908,placebo,5.2%,0.052,0.052,PT,C0151908,Dry skin,TRUE,4.1,imatinib
CID100005291,CID000005291,C0013378,,0%,0,0,PT,C0013378,Dysgeusia,FALSE,4.1,imatinib
CID100005291,CID000005291,C0013378,,1%,0.01,0.01,PT,C0013378,Dysgeusia,FALSE,4.1,imatinib
CID100005291,CID000005291,C0013378,,12.6%,0.126,0.126,PT,C0013378,Dysgeusia,FALSE,4.1,imatinib
CID100005291,CID000005291,C0013378,,14%,0.14,0.14,PT,C0013378,Dysgeusia,FALSE,4.1,imatinib
CID100005291,CID000005291,C0013378,,15%,0.15,0.15,PT,C0013378,Dysgeusia,FALSE,4.1,imatinib
CID100005291,CID000005291,C0013378,,3%,0.03,0.03,PT,C0013378,Dysgeusia,FALSE,4.1,imatinib
CID100005291,CID000005291,C0013378,,6.5%,0.065,0.065,PT,C0013378,Dysgeusia,FALSE,4.1,imatinib
CID100005291,CID000005291,C0013378,,9.3%,0.093,0.093,PT,C0013378,Dysgeusia,FALSE,4.1,imatinib
CID100005291,CID000005291,C0013378,,common,0.01,1,PT,C0013378,Dysgeusia,FALSE,4.1,imatinib
CID100005291,CID000005291,C0013378,placebo,0%,0,0,PT,C0013378,Dysgeusia,TRUE,4.1,imatinib
CID100005291,CID000005291,C0013378,placebo,2.9%,0.029,0.029,PT,C0013378,Dysgeusia,TRUE,4.1,imatinib
CID100005291,CID000005291,C0013395,,0%,0,0,PT,C0013395,Dyspepsia,FALSE,4.1,imatinib
CID100005291,CID000005291,C0013395,,0.5%,0.005,0.005,PT,C0013395,Dyspepsia,FALSE,4.1,imatinib
CID100005291,CID000005291,C0013395,,0.6%,0.006,0.006,PT,C0013395,Dyspepsia,FALSE,4.1,imatinib
CID100005291,CID000005291,C0013395,,0.8%,0.008,0.008,PT,C0013395,Dyspepsia,FALSE,4.1,imatinib
CID100005291,CID000005291,C0013395,,0.9%,0.009,0.009,PT,C0013395,Dyspepsia,FALSE,4.1,imatinib
CID100005291,CID000005291,C0013395,,1%,0.01,0.01,PT,C0013395,Dyspepsia,FALSE,4.1,imatinib
CID100005291,CID000005291,C0013395,,10.9%,0.109,0.109,PT,C0013395,Dyspepsia,FALSE,4.1,imatinib
CID100005291,CID000005291,C0013395,,11%,0.11,0.11,PT,C0013395,Dyspepsia,FALSE,4.1,imatinib
CID100005291,CID000005291,C0013395,,11.5%,0.115,0.115,PT,C0013395,Dyspepsia,FALSE,4.1,imatinib
CID100005291,CID000005291,C0013395,,12%,0.12,0.12,PT,C0013395,Dyspepsia,FALSE,4.1,imatinib
CID100005291,CID000005291,C0013395,,15%,0.15,0.15,PT,C0013395,Dyspepsia,FALSE,4.1,imatinib
CID100005291,CID000005291,C0013395,,15.1%,0.151,0.151,PT,C0013395,Dyspepsia,FALSE,4.1,imatinib
CID100005291,CID000005291,C0013395,,17.2%,0.172,0.172,PT,C0013395,Dyspepsia,FALSE,4.1,imatinib
CID100005291,CID000005291,C0013395,,17.5%,0.175,0.175,PT,C0013395,Dyspepsia,FALSE,4.1,imatinib
CID100005291,CID000005291,C0013395,,17.8%,0.178,0.178,PT,C0013395,Dyspepsia,FALSE,4.1,imatinib
CID100005291,CID000005291,C0013395,,18.9%,0.189,0.189,PT,C0013395,Dyspepsia,FALSE,4.1,imatinib
CID100005291,CID000005291,C0013395,,21%,0.21,0.21,PT,C0013395,Dyspepsia,FALSE,4.1,imatinib
CID100005291,CID000005291,C0013395,,21.7%,0.217,0.217,PT,C0013395,Dyspepsia,FALSE,4.1,imatinib
CID100005291,CID000005291,C0013395,,22%,0.22,0.22,PT,C0013395,Dyspepsia,FALSE,4.1,imatinib
CID100005291,CID000005291,C0013395,,24%,0.24,0.24,PT,C0013395,Dyspepsia,FALSE,4.1,imatinib
CID100005291,CID000005291,C0013395,,27%,0.27,0.27,PT,C0013395,Dyspepsia,FALSE,4.1,imatinib
CID100005291,CID000005291,C0013395,,8.3%,0.083,0.083,PT,C0013395,Dyspepsia,FALSE,4.1,imatinib
CID100005291,CID000005291,C0013395,,9%,0.09,0.09,PT,C0013395,Dyspepsia,FALSE,4.1,imatinib
CID100005291,CID000005291,C0013395,,9.2%,0.092,0.092,PT,C0013395,Dyspepsia,FALSE,4.1,imatinib
CID100005291,CID000005291,C0013395,,very common,0.1,1,PT,C0013395,Dyspepsia,FALSE,4.1,imatinib
CID100005291,CID000005291,C0013395,placebo,0%,0,0,PT,C0013395,Dyspepsia,TRUE,4.1,imatinib
CID100005291,CID000005291,C0013395,placebo,13%,0.13,0.13,PT,C0013395,Dyspepsia,TRUE,4.1,imatinib
CID100005291,CID000005291,C0018834,,0.5%,0.005,0.005,PT,C0013395,Dyspepsia,FALSE,4.1,imatinib
CID100005291,CID000005291,C0018834,,0.6%,0.006,0.006,PT,C0013395,Dyspepsia,FALSE,4.1,imatinib
CID100005291,CID000005291,C0018834,,10.9%,0.109,0.109,PT,C0013395,Dyspepsia,FALSE,4.1,imatinib
CID100005291,CID000005291,C0018834,,11.5%,0.115,0.115,PT,C0013395,Dyspepsia,FALSE,4.1,imatinib
CID100005291,CID000005291,C0011168,,uncommon,0.001,0.01,PT,C0011168,Dysphagia,FALSE,4.1,imatinib
CID100005291,CID000005291,C0013404,,0.5%,0.005,0.005,PT,C0013404,Dyspnoea,FALSE,4.1,imatinib
CID100005291,CID000005291,C0013404,,0.6%,0.006,0.006,PT,C0013404,Dyspnoea,FALSE,4.1,imatinib
CID100005291,CID000005291,C0013404,,0.9%,0.009,0.009,PT,C0013404,Dyspnoea,FALSE,4.1,imatinib
CID100005291,CID000005291,C0013404,,1.5%,0.015,0.015,PT,C0013404,Dyspnoea,FALSE,4.1,imatinib
CID100005291,CID000005291,C0013404,,1.7%,0.017,0.017,PT,C0013404,Dyspnoea,FALSE,4.1,imatinib
CID100005291,CID000005291,C0013404,,1.8%,0.018,0.018,PT,C0013404,Dyspnoea,FALSE,4.1,imatinib
CID100005291,CID000005291,C0013404,,12%,0.12,0.12,PT,C0013404,Dyspnoea,FALSE,4.1,imatinib
CID100005291,CID000005291,C0013404,,13.6%,0.136,0.136,PT,C0013404,Dyspnoea,FALSE,4.1,imatinib
CID100005291,CID000005291,C0013404,,14%,0.14,0.14,PT,C0013404,Dyspnoea,FALSE,4.1,imatinib
CID100005291,CID000005291,C0013404,,14.2%,0.142,0.142,PT,C0013404,Dyspnoea,FALSE,4.1,imatinib
CID100005291,CID000005291,C0013404,,14.4%,0.144,0.144,PT,C0013404,Dyspnoea,FALSE,4.1,imatinib
CID100005291,CID000005291,C0013404,,15%,0.15,0.15,PT,C0013404,Dyspnoea,FALSE,4.1,imatinib
CID100005291,CID000005291,C0013404,,16.2%,0.162,0.162,PT,C0013404,Dyspnoea,FALSE,4.1,imatinib
CID100005291,CID000005291,C0013404,,20%,0.2,0.2,PT,C0013404,Dyspnoea,FALSE,4.1,imatinib
CID100005291,CID000005291,C0013404,,21%,0.21,0.21,PT,C0013404,Dyspnoea,FALSE,4.1,imatinib
CID100005291,CID000005291,C0013404,,4%,0.04,0.04,PT,C0013404,Dyspnoea,FALSE,4.1,imatinib
CID100005291,CID000005291,C0013404,,5.6%,0.056,0.056,PT,C0013404,Dyspnoea,FALSE,4.1,imatinib
CID100005291,CID000005291,C0013404,,6.2%,0.062,0.062,PT,C0013404,Dyspnoea,FALSE,4.1,imatinib
CID100005291,CID000005291,C0013404,,6.8%,0.068,0.068,PT,C0013404,Dyspnoea,FALSE,4.1,imatinib
CID100005291,CID000005291,C0013404,,7%,0.07,0.07,PT,C0013404,Dyspnoea,FALSE,4.1,imatinib
CID100005291,CID000005291,C0013404,,9%,0.09,0.09,PT,C0013404,Dyspnoea,FALSE,4.1,imatinib
CID100005291,CID000005291,C0013404,,9.3%,0.093,0.093,PT,C0013404,Dyspnoea,FALSE,4.1,imatinib
CID100005291,CID000005291,C0013404,,common,0.01,1,PT,C0013404,Dyspnoea,FALSE,4.1,imatinib
CID100005291,CID000005291,C0013491,,0%,0,0,PT,C0013491,Ecchymosis,FALSE,4.1,imatinib
CID100005291,CID000005291,C0013491,,0.4%,0.004,0.004,PT,C0013491,Ecchymosis,FALSE,4.1,imatinib
CID100005291,CID000005291,C0013491,,0.9%,0.009,0.009,PT,C0013491,Ecchymosis,FALSE,4.1,imatinib
CID100005291,CID000005291,C0013491,,11%,0.11,0.11,PT,C0013491,Ecchymosis,FALSE,4.1,imatinib
CID100005291,CID000005291,C0013491,,2%,0.02,0.02,PT,C0013491,Ecchymosis,FALSE,4.1,imatinib
CID100005291,CID000005291,C0013491,,6%,0.06,0.06,PT,C0013491,Ecchymosis,FALSE,4.1,imatinib
CID100005291,CID000005291,C0013491,,uncommon,0.001,0.01,PT,C0013491,Ecchymosis,FALSE,4.1,imatinib
CID100005291,CID000005291,C0013595,,very common,0.1,1,PT,C0013595,Eczema,FALSE,4.1,imatinib
CID100005291,CID000005291,C0013922,,postmarketing,0,0.001,PT,C0013922,Embolism,FALSE,4.1,imatinib
CID100005291,CID000005291,C0013922,,rare,0,0.001,PT,C0013922,Embolism,FALSE,4.1,imatinib
CID100005291,CID000005291,C0013922,,uncommon,0.001,0.01,PT,C0013922,Embolism,FALSE,4.1,imatinib
CID100005291,CID000005291,C0014457,,postmarketing,0,0.001,PT,C0014457,Eosinophilia,FALSE,4.1,imatinib
CID100005291,CID000005291,C0014457,,uncommon,0.001,0.01,PT,C0014457,Eosinophilia,FALSE,4.1,imatinib
CID100005291,CID000005291,C0014591,,0%,0,0,PT,C0014591,Epistaxis,FALSE,4.1,imatinib
CID100005291,CID000005291,C0014591,,0.2%,0.002,0.002,PT,C0014591,Epistaxis,FALSE,4.1,imatinib
CID100005291,CID000005291,C0014591,,13%,0.13,0.13,PT,C0014591,Epistaxis,FALSE,4.1,imatinib
CID100005291,CID000005291,C0014591,,3%,0.03,0.03,PT,C0014591,Epistaxis,FALSE,4.1,imatinib
CID100005291,CID000005291,C0014591,,5%,0.05,0.05,PT,C0014591,Epistaxis,FALSE,4.1,imatinib
CID100005291,CID000005291,C0014591,,common,0.01,1,PT,C0014591,Epistaxis,FALSE,4.1,imatinib
CID100005291,CID000005291,C0242350,,uncommon,0.001,0.01,PT,C0242350,Erectile dysfunction,FALSE,4.1,imatinib
CID100005291,CID000005291,C0014724,,uncommon,0.001,0.01,PT,C0014724,Eructation,FALSE,4.1,imatinib
CID100005291,CID000005291,C0041834,,common,0.01,1,PT,C0041834,Erythema,FALSE,4.1,imatinib
CID100005291,CID000005291,C0014742,,rare,0,0.001,PT,C0014742,Erythema multiforme,FALSE,4.1,imatinib
CID100005291,CID000005291,C0038325,,rare,0,0.001,PT,C0014742,Erythema multiforme,FALSE,4.1,imatinib
CID100005291,CID000005291,C0015397,,postmarketing,0,0.001,PT,C0015397,Eye disorder,FALSE,4.1,imatinib
CID100005291,CID000005291,C0235266,,uncommon,0.001,0.01,PT,C0235266,Eye irritation,FALSE,4.1,imatinib
CID100005291,CID000005291,C0151827,,uncommon,0.001,0.01,PT,C0151827,Eye pain,FALSE,4.1,imatinib
CID100005291,CID000005291,C0162285,,common,0.01,1,PT,C0162285,Eyelid oedema,FALSE,4.1,imatinib
CID100005291,CID000005291,C0542571,,0.3%,0.003,0.003,PT,C0542571,Face oedema,FALSE,4.1,imatinib
CID100005291,CID000005291,C0542571,,6.8%,0.068,0.068,PT,C0542571,Face oedema,FALSE,4.1,imatinib
CID100005291,CID000005291,C0542571,,common,0.01,1,PT,C0542571,Face oedema,FALSE,4.1,imatinib
CID100005291,CID000005291,C0542571,placebo,0%,0,0,PT,C0542571,Face oedema,TRUE,4.1,imatinib
CID100005291,CID000005291,C0542571,placebo,1.2%,0.012,0.012,PT,C0542571,Face oedema,TRUE,4.1,imatinib
CID100005291,CID000005291,C0015672,,0%,0,0,PT,C0015672,Fatigue,FALSE,4.1,imatinib
CID100005291,CID000005291,C0015672,,0.5%,0.005,0.005,PT,C0015672,Fatigue,FALSE,4.1,imatinib
CID100005291,CID000005291,C0015672,,1%,0.01,0.01,PT,C0015672,Fatigue,FALSE,4.1,imatinib
CID100005291,CID000005291,C0015672,,1.1%,0.011,0.011,PT,C0015672,Fatigue,FALSE,4.1,imatinib
CID100005291,CID000005291,C0015672,,1.6%,0.016,0.016,PT,C0015672,Fatigue,FALSE,4.1,imatinib
CID100005291,CID000005291,C0015672,,1.8%,0.018,0.018,PT,C0015672,Fatigue,FALSE,4.1,imatinib
CID100005291,CID000005291,C0015672,,11.7%,0.117,0.117,PT,C0015672,Fatigue,FALSE,4.1,imatinib
CID100005291,CID000005291,C0015672,,12.2%,0.122,0.122,PT,C0015672,Fatigue,FALSE,4.1,imatinib
CID100005291,CID000005291,C0015672,,2.1%,0.021,0.021,PT,C0015672,Fatigue,FALSE,4.1,imatinib
CID100005291,CID000005291,C0015672,,24%,0.24,0.24,PT,C0015672,Fatigue,FALSE,4.1,imatinib
CID100005291,CID000005291,C0015672,,25%,0.25,0.25,PT,C0015672,Fatigue,FALSE,4.1,imatinib
CID100005291,CID000005291,C0015672,,25.1%,0.251,0.251,PT,C0015672,Fatigue,FALSE,4.1,imatinib
CID100005291,CID000005291,C0015672,,29%,0.29,0.29,PT,C0015672,Fatigue,FALSE,4.1,imatinib
CID100005291,CID000005291,C0015672,,3%,0.03,0.03,PT,C0015672,Fatigue,FALSE,4.1,imatinib
CID100005291,CID000005291,C0015672,,30%,0.3,0.3,PT,C0015672,Fatigue,FALSE,4.1,imatinib
CID100005291,CID000005291,C0015672,,30.7%,0.307,0.307,PT,C0015672,Fatigue,FALSE,4.1,imatinib
CID100005291,CID000005291,C0015672,,33%,0.33,0.33,PT,C0015672,Fatigue,FALSE,4.1,imatinib
CID100005291,CID000005291,C0015672,,37%,0.37,0.37,PT,C0015672,Fatigue,FALSE,4.1,imatinib
CID100005291,CID000005291,C0015672,,38%,0.38,0.38,PT,C0015672,Fatigue,FALSE,4.1,imatinib
CID100005291,CID000005291,C0015672,,38.8%,0.388,0.388,PT,C0015672,Fatigue,FALSE,4.1,imatinib
CID100005291,CID000005291,C0015672,,4%,0.04,0.04,PT,C0015672,Fatigue,FALSE,4.1,imatinib
CID100005291,CID000005291,C0015672,,40%,0.4,0.4,PT,C0015672,Fatigue,FALSE,4.1,imatinib
CID100005291,CID000005291,C0015672,,41%,0.41,0.41,PT,C0015672,Fatigue,FALSE,4.1,imatinib
CID100005291,CID000005291,C0015672,,46%,0.46,0.46,PT,C0015672,Fatigue,FALSE,4.1,imatinib
CID100005291,CID000005291,C0015672,,48%,0.48,0.48,PT,C0015672,Fatigue,FALSE,4.1,imatinib
CID100005291,CID000005291,C0015672,,48.5%,0.485,0.485,PT,C0015672,Fatigue,FALSE,4.1,imatinib
CID100005291,CID000005291,C0015672,,53%,0.53,0.53,PT,C0015672,Fatigue,FALSE,4.1,imatinib
CID100005291,CID000005291,C0015672,,57%,0.57,0.57,PT,C0015672,Fatigue,FALSE,4.1,imatinib
CID100005291,CID000005291,C0015672,,64.7%,0.647,0.647,PT,C0015672,Fatigue,FALSE,4.1,imatinib
CID100005291,CID000005291,C0015672,,66.8%,0.668,0.668,PT,C0015672,Fatigue,FALSE,4.1,imatinib
CID100005291,CID000005291,C0015672,,67%,0.67,0.67,PT,C0015672,Fatigue,FALSE,4.1,imatinib
CID100005291,CID000005291,C0015672,,69.3%,0.693,0.693,PT,C0015672,Fatigue,FALSE,4.1,imatinib
CID100005291,CID000005291,C0015672,,74.9%,0.749,0.749,PT,C0015672,Fatigue,FALSE,4.1,imatinib
CID100005291,CID000005291,C0015672,,very common,0.1,1,PT,C0015672,Fatigue,FALSE,4.1,imatinib
CID100005291,CID000005291,C0015672,placebo,1.2%,0.012,0.012,PT,C0015672,Fatigue,TRUE,4.1,imatinib
CID100005291,CID000005291,C0015672,placebo,40.9%,0.409,0.409,PT,C0015672,Fatigue,TRUE,4.1,imatinib
CID100005291,CID000005291,C0746883,,common,0.01,1,PT,C0746883,Febrile neutropenia,FALSE,4.1,imatinib
CID100005291,CID000005291,C0009676,,rare,0,0.001,PT,C1443060,Feeling abnormal,FALSE,4.1,imatinib
CID100005291,CID000005291,C0231218,,11.7%,0.117,0.117,PT,C1443060,Feeling abnormal,FALSE,4.1,imatinib
CID100005291,CID000005291,C0231218,,12.2%,0.122,0.122,PT,C1443060,Feeling abnormal,FALSE,4.1,imatinib
CID100005291,CID000005291,C0231218,,69.3%,0.693,0.693,PT,C1443060,Feeling abnormal,FALSE,4.1,imatinib
CID100005291,CID000005291,C0231218,,74.9%,0.749,0.749,PT,C1443060,Feeling abnormal,FALSE,4.1,imatinib
CID100005291,CID000005291,C0231218,,uncommon,0.001,0.01,PT,C1443060,Feeling abnormal,FALSE,4.1,imatinib
CID100005291,CID000005291,C0016204,,0%,0,0,PT,C0016204,Flatulence,FALSE,4.1,imatinib
CID100005291,CID000005291,C0016204,,0.1%,0.001,0.001,PT,C0016204,Flatulence,FALSE,4.1,imatinib
CID100005291,CID000005291,C0016204,,0.2%,0.002,0.002,PT,C0016204,Flatulence,FALSE,4.1,imatinib
CID100005291,CID000005291,C0016204,,0.5%,0.005,0.005,PT,C0016204,Flatulence,FALSE,4.1,imatinib
CID100005291,CID000005291,C0016204,,1%,0.01,0.01,PT,C0016204,Flatulence,FALSE,4.1,imatinib
CID100005291,CID000005291,C0016204,,10%,0.1,0.1,PT,C0016204,Flatulence,FALSE,4.1,imatinib
CID100005291,CID000005291,C0016204,,10.1%,0.101,0.101,PT,C0016204,Flatulence,FALSE,4.1,imatinib
CID100005291,CID000005291,C0016204,,16%,0.16,0.16,PT,C0016204,Flatulence,FALSE,4.1,imatinib
CID100005291,CID000005291,C0016204,,19.1%,0.191,0.191,PT,C0016204,Flatulence,FALSE,4.1,imatinib
CID100005291,CID000005291,C0016204,,23%,0.23,0.23,PT,C0016204,Flatulence,FALSE,4.1,imatinib
CID100005291,CID000005291,C0016204,,24.7%,0.247,0.247,PT,C0016204,Flatulence,FALSE,4.1,imatinib
CID100005291,CID000005291,C0016204,,30%,0.3,0.3,PT,C0016204,Flatulence,FALSE,4.1,imatinib
CID100005291,CID000005291,C0016204,,34%,0.34,0.34,PT,C0016204,Flatulence,FALSE,4.1,imatinib
CID100005291,CID000005291,C0016204,,8.9%,0.089,0.089,PT,C0016204,Flatulence,FALSE,4.1,imatinib
CID100005291,CID000005291,C0016204,,common,0.01,1,PT,C0016204,Flatulence,FALSE,4.1,imatinib
CID100005291,CID000005291,C0016204,placebo,0%,0,0,PT,C0016204,Flatulence,TRUE,4.1,imatinib
CID100005291,CID000005291,C0016204,placebo,9.6%,0.096,0.096,PT,C0016204,Flatulence,TRUE,4.1,imatinib
CID100005291,CID000005291,C0151603,,common,0.01,1,PT,C0268000,Fluid retention,FALSE,4.1,imatinib
CID100005291,CID000005291,C0268000,,0%,0,0,PT,C0268000,Fluid retention,FALSE,4.1,imatinib
CID100005291,CID000005291,C0268000,,0.6%,0.006,0.006,PT,C0268000,Fluid retention,FALSE,4.1,imatinib
CID100005291,CID000005291,C0268000,,0.7%,0.007,0.007,PT,C0268000,Fluid retention,FALSE,4.1,imatinib
CID100005291,CID000005291,C0268000,,0.9%,0.009,0.009,PT,C0268000,Fluid retention,FALSE,4.1,imatinib
CID100005291,CID000005291,C0268000,,1.3%,0.013,0.013,PT,C0268000,Fluid retention,FALSE,4.1,imatinib
CID100005291,CID000005291,C0268000,,1.5%,0.015,0.015,PT,C0268000,Fluid retention,FALSE,4.1,imatinib
CID100005291,CID000005291,C0268000,,1.8%,0.018,0.018,PT,C0268000,Fluid retention,FALSE,4.1,imatinib
CID100005291,CID000005291,C0268000,,1.9%,0.019,0.019,PT,C0268000,Fluid retention,FALSE,4.1,imatinib
CID100005291,CID000005291,C0268000,,10%,0.1,0.1,PT,C0268000,Fluid retention,FALSE,4.1,imatinib
CID100005291,CID000005291,C0268000,,10.1%,0.101,0.101,PT,C0268000,Fluid retention,FALSE,4.1,imatinib
CID100005291,CID000005291,C0268000,,10.7%,0.107,0.107,PT,C0268000,Fluid retention,FALSE,4.1,imatinib
CID100005291,CID000005291,C0268000,,11%,0.11,0.11,PT,C0268000,Fluid retention,FALSE,4.1,imatinib
CID100005291,CID000005291,C0268000,,11.1%,0.111,0.111,PT,C0268000,Fluid retention,FALSE,4.1,imatinib
CID100005291,CID000005291,C0268000,,12%,0.12,0.12,PT,C0268000,Fluid retention,FALSE,4.1,imatinib
CID100005291,CID000005291,C0268000,,15%,0.15,0.15,PT,C0268000,Fluid retention,FALSE,4.1,imatinib
CID100005291,CID000005291,C0268000,,2%,0.02,0.02,PT,C0268000,Fluid retention,FALSE,4.1,imatinib
CID100005291,CID000005291,C0268000,,2.5%,0.025,0.025,PT,C0268000,Fluid retention,FALSE,4.1,imatinib
CID100005291,CID000005291,C0268000,,22%,0.22,0.22,PT,C0268000,Fluid retention,FALSE,4.1,imatinib
CID100005291,CID000005291,C0268000,,3%,0.03,0.03,PT,C0268000,Fluid retention,FALSE,4.1,imatinib
CID100005291,CID000005291,C0268000,,3.4%,0.034,0.034,PT,C0268000,Fluid retention,FALSE,4.1,imatinib
CID100005291,CID000005291,C0268000,,4%,0.04,0.04,PT,C0268000,Fluid retention,FALSE,4.1,imatinib
CID100005291,CID000005291,C0268000,,54.1%,0.541,0.541,PT,C0268000,Fluid retention,FALSE,4.1,imatinib
CID100005291,CID000005291,C0268000,,59.2%,0.592,0.592,PT,C0268000,Fluid retention,FALSE,4.1,imatinib
CID100005291,CID000005291,C0268000,,6%,0.06,0.06,PT,C0268000,Fluid retention,FALSE,4.1,imatinib
CID100005291,CID000005291,C0268000,,6.9%,0.069,0.069,PT,C0268000,Fluid retention,FALSE,4.1,imatinib
CID100005291,CID000005291,C0268000,,61.7%,0.617,0.617,PT,C0268000,Fluid retention,FALSE,4.1,imatinib
CID100005291,CID000005291,C0268000,,66%,0.66,0.66,PT,C0268000,Fluid retention,FALSE,4.1,imatinib
CID100005291,CID000005291,C0268000,,69%,0.69,0.69,PT,C0268000,Fluid retention,FALSE,4.1,imatinib
CID100005291,CID000005291,C0268000,,7%,0.07,0.07,PT,C0268000,Fluid retention,FALSE,4.1,imatinib
CID100005291,CID000005291,C0268000,,71%,0.71,0.71,PT,C0268000,Fluid retention,FALSE,4.1,imatinib
CID100005291,CID000005291,C0268000,,72%,0.72,0.72,PT,C0268000,Fluid retention,FALSE,4.1,imatinib
CID100005291,CID000005291,C0268000,,73%,0.73,0.73,PT,C0268000,Fluid retention,FALSE,4.1,imatinib
CID100005291,CID000005291,C0268000,,76%,0.76,0.76,PT,C0268000,Fluid retention,FALSE,4.1,imatinib
CID100005291,CID000005291,C0268000,,8%,0.08,0.08,PT,C0268000,Fluid retention,FALSE,4.1,imatinib
CID100005291,CID000005291,C0268000,,80%,0.8,0.8,PT,C0268000,Fluid retention,FALSE,4.1,imatinib
CID100005291,CID000005291,C0268000,,81%,0.81,0.81,PT,C0268000,Fluid retention,FALSE,4.1,imatinib
CID100005291,CID000005291,C0268000,,very common,0.1,1,PT,C0268000,Fluid retention,FALSE,4.1,imatinib
CID100005291,CID000005291,C0016382,,common,0.01,1,PT,C0016382,Flushing,FALSE,4.1,imatinib
CID100005291,CID000005291,C0016382,,infrequent,0.001,0.01,PT,C0016382,Flushing,FALSE,4.1,imatinib
CID100005291,CID000005291,C0016436,,uncommon,0.001,0.01,PT,C0016436,Folliculitis,FALSE,4.1,imatinib
CID100005291,CID000005291,C0026946,,rare,0,0.001,PT,C0026946,Fungal infection,FALSE,4.1,imatinib
CID100005291,CID000005291,C0038358,,infrequent,0.001,0.01,PT,C0038358,Gastric ulcer,FALSE,4.1,imatinib
CID100005291,CID000005291,C0038358,,uncommon,0.001,0.01,PT,C0038358,Gastric ulcer,FALSE,4.1,imatinib
CID100005291,CID000005291,C0017152,,common,0.01,1,PT,C0017152,Gastritis,FALSE,4.1,imatinib
CID100005291,CID000005291,C0017152,,infrequent,0.001,0.01,PT,C0017152,Gastritis,FALSE,4.1,imatinib
CID100005291,CID000005291,C0017160,,infrequent,0.001,0.01,PT,C0017160,Gastroenteritis,FALSE,4.1,imatinib
CID100005291,CID000005291,C0017160,,uncommon,0.001,0.01,PT,C0017160,Gastroenteritis,FALSE,4.1,imatinib
CID100005291,CID000005291,C0017178,,postmarketing,0,0.001,PT,C0017178,Gastrointestinal disorder,FALSE,4.1,imatinib
CID100005291,CID000005291,C0017181,,0.2%,0.002,0.002,PT,C0017181,Gastrointestinal haemorrhage,FALSE,4.1,imatinib
CID100005291,CID000005291,C0017181,,0.4%,0.004,0.004,PT,C0017181,Gastrointestinal haemorrhage,FALSE,4.1,imatinib
CID100005291,CID000005291,C0017181,,0.5%,0.005,0.005,PT,C0017181,Gastrointestinal haemorrhage,FALSE,4.1,imatinib
CID100005291,CID000005291,C0017181,,1.1%,0.011,0.011,PT,C0017181,Gastrointestinal haemorrhage,FALSE,4.1,imatinib
CID100005291,CID000005291,C0017181,,1.3%,0.013,0.013,PT,C0017181,Gastrointestinal haemorrhage,FALSE,4.1,imatinib
CID100005291,CID000005291,C0017181,,1.6%,0.016,0.016,PT,C0017181,Gastrointestinal haemorrhage,FALSE,4.1,imatinib
CID100005291,CID000005291,C0017181,,2%,0.02,0.02,PT,C0017181,Gastrointestinal haemorrhage,FALSE,4.1,imatinib
CID100005291,CID000005291,C0017181,,3%,0.03,0.03,PT,C0017181,Gastrointestinal haemorrhage,FALSE,4.1,imatinib
CID100005291,CID000005291,C0017181,,4%,0.04,0.04,PT,C0017181,Gastrointestinal haemorrhage,FALSE,4.1,imatinib
CID100005291,CID000005291,C0017181,,5%,0.05,0.05,PT,C0017181,Gastrointestinal haemorrhage,FALSE,4.1,imatinib
CID100005291,CID000005291,C0017181,,6%,0.06,0.06,PT,C0017181,Gastrointestinal haemorrhage,FALSE,4.1,imatinib
CID100005291,CID000005291,C0017181,,8%,0.08,0.08,PT,C0017181,Gastrointestinal haemorrhage,FALSE,4.1,imatinib
CID100005291,CID000005291,C0017181,,uncommon,0.001,0.01,PT,C0017181,Gastrointestinal haemorrhage,FALSE,4.1,imatinib
CID100005291,CID000005291,C0000737,,0%,0,0,PT,C0687713,Gastrointestinal pain,FALSE,4.1,imatinib
CID100005291,CID000005291,C0000737,,0.464%,0.00463679,0.00463679,PT,C0687713,Gastrointestinal pain,FALSE,4.1,imatinib
CID100005291,CID000005291,C0000737,,0.6%,0.006,0.006,PT,C0687713,Gastrointestinal pain,FALSE,4.1,imatinib
CID100005291,CID000005291,C0000737,,1%,0.01,0.01,PT,C0687713,Gastrointestinal pain,FALSE,4.1,imatinib
CID100005291,CID000005291,C0000737,,1.16%,0.0115681,0.0115681,PT,C0687713,Gastrointestinal pain,FALSE,4.1,imatinib
CID100005291,CID000005291,C0000737,,11%,0.11,0.11,PT,C0687713,Gastrointestinal pain,FALSE,4.1,imatinib
CID100005291,CID000005291,C0000737,,11.8%,0.118,0.118,PT,C0687713,Gastrointestinal pain,FALSE,4.1,imatinib
CID100005291,CID000005291,C0000737,,13.8%,0.138,0.138,PT,C0687713,Gastrointestinal pain,FALSE,4.1,imatinib
CID100005291,CID000005291,C0000737,,2%,0.02,0.02,PT,C0687713,Gastrointestinal pain,FALSE,4.1,imatinib
CID100005291,CID000005291,C0000737,,2.5%,0.025,0.025,PT,C0687713,Gastrointestinal pain,FALSE,4.1,imatinib
CID100005291,CID000005291,C0000737,,2.6%,0.026,0.026,PT,C0687713,Gastrointestinal pain,FALSE,4.1,imatinib
CID100005291,CID000005291,C0000737,,21.1%,0.211,0.211,PT,C0687713,Gastrointestinal pain,FALSE,4.1,imatinib
CID100005291,CID000005291,C0000737,,22.9%,0.229,0.229,PT,C0687713,Gastrointestinal pain,FALSE,4.1,imatinib
CID100005291,CID000005291,C0000737,,23.4%,0.234,0.234,PT,C0687713,Gastrointestinal pain,FALSE,4.1,imatinib
CID100005291,CID000005291,C0000737,,25%,0.25,0.25,PT,C0687713,Gastrointestinal pain,FALSE,4.1,imatinib
CID100005291,CID000005291,C0000737,,25.9%,0.259,0.259,PT,C0687713,Gastrointestinal pain,FALSE,4.1,imatinib
CID100005291,CID000005291,C0000737,,29%,0.29,0.29,PT,C0687713,Gastrointestinal pain,FALSE,4.1,imatinib
CID100005291,CID000005291,C0000737,,29.9%,0.299,0.299,PT,C0687713,Gastrointestinal pain,FALSE,4.1,imatinib
CID100005291,CID000005291,C0000737,,3%,0.03,0.03,PT,C0687713,Gastrointestinal pain,FALSE,4.1,imatinib
CID100005291,CID000005291,C0000737,,3.08%,0.0307692,0.0307692,PT,C0687713,Gastrointestinal pain,FALSE,4.1,imatinib
CID100005291,CID000005291,C0000737,,3.6%,0.036,0.036,PT,C0687713,Gastrointestinal pain,FALSE,4.1,imatinib
CID100005291,CID000005291,C0000737,,3.9%,0.039,0.039,PT,C0687713,Gastrointestinal pain,FALSE,4.1,imatinib
CID100005291,CID000005291,C0000737,,30%,0.3,0.3,PT,C0687713,Gastrointestinal pain,FALSE,4.1,imatinib
CID100005291,CID000005291,C0000737,,31%,0.31,0.31,PT,C0687713,Gastrointestinal pain,FALSE,4.1,imatinib
CID100005291,CID000005291,C0000737,,32%,0.32,0.32,PT,C0687713,Gastrointestinal pain,FALSE,4.1,imatinib
CID100005291,CID000005291,C0000737,,33%,0.33,0.33,PT,C0687713,Gastrointestinal pain,FALSE,4.1,imatinib
CID100005291,CID000005291,C0000737,,36.5%,0.365,0.365,PT,C0687713,Gastrointestinal pain,FALSE,4.1,imatinib
CID100005291,CID000005291,C0000737,,37%,0.37,0.37,PT,C0687713,Gastrointestinal pain,FALSE,4.1,imatinib
CID100005291,CID000005291,C0000737,,4%,0.04,0.04,PT,C0687713,Gastrointestinal pain,FALSE,4.1,imatinib
CID100005291,CID000005291,C0000737,,4.2%,0.042,0.042,PT,C0687713,Gastrointestinal pain,FALSE,4.1,imatinib
CID100005291,CID000005291,C0000737,,40%,0.4,0.4,PT,C0687713,Gastrointestinal pain,FALSE,4.1,imatinib
CID100005291,CID000005291,C0000737,,55.2%,0.552,0.552,PT,C0687713,Gastrointestinal pain,FALSE,4.1,imatinib
CID100005291,CID000005291,C0000737,,57.2%,0.572,0.572,PT,C0687713,Gastrointestinal pain,FALSE,4.1,imatinib
CID100005291,CID000005291,C0000737,,6%,0.06,0.06,PT,C0687713,Gastrointestinal pain,FALSE,4.1,imatinib
CID100005291,CID000005291,C0000737,,7%,0.07,0.07,PT,C0687713,Gastrointestinal pain,FALSE,4.1,imatinib
CID100005291,CID000005291,C0000737,,7.6%,0.076,0.076,PT,C0687713,Gastrointestinal pain,FALSE,4.1,imatinib
CID100005291,CID000005291,C0000737,,8.7%,0.0869565,0.0869565,PT,C0687713,Gastrointestinal pain,FALSE,4.1,imatinib
CID100005291,CID000005291,C0000737,,very common,0.1,1,PT,C0687713,Gastrointestinal pain,FALSE,4.1,imatinib
CID100005291,CID000005291,C0000737,placebo,1.4%,0.014,0.014,PT,C0687713,Gastrointestinal pain,TRUE,4.1,imatinib
CID100005291,CID000005291,C0000737,placebo,22.3%,0.223,0.223,PT,C0687713,Gastrointestinal pain,TRUE,4.1,imatinib
CID100005291,CID000005291,C0151664,,postmarketing,0,0.001,PT,C0151664,Gastrointestinal perforation,FALSE,4.1,imatinib
CID100005291,CID000005291,C0151664,,uncommon,0.001,0.01,PT,C0151664,Gastrointestinal perforation,FALSE,4.1,imatinib
CID100005291,CID000005291,C0017168,,common,0.01,1,PT,C0017168,Gastrooesophageal reflux disease,FALSE,4.1,imatinib
CID100005291,CID000005291,C0151603,,common,0.01,1,PT,C0151603,Generalised oedema,FALSE,4.1,imatinib
CID100005291,CID000005291,C0017601,,rare,0,0.001,PT,C0017601,Glaucoma,FALSE,4.1,imatinib
CID100005291,CID000005291,C0018099,,infrequent,0.001,0.01,PT,C0018099,Gout,FALSE,4.1,imatinib
CID100005291,CID000005291,C0018099,,uncommon,0.001,0.01,PT,C0018099,Gout,FALSE,4.1,imatinib
CID100005291,CID000005291,C0151686,,postmarketing,0,0.001,PT,C0151686,Growth retardation,FALSE,4.1,imatinib
CID100005291,CID000005291,C0018418,,uncommon,0.001,0.01,PT,C0018418,Gynaecomastia,FALSE,4.1,imatinib
CID100005291,CID000005291,C0018926,,uncommon,0.001,0.01,PT,C0018926,Haematemesis,FALSE,4.1,imatinib
CID100005291,CID000005291,C0018944,,uncommon,0.001,0.01,PT,C0018944,Haematoma,FALSE,4.1,imatinib
CID100005291,CID000005291,C0018965,,infrequent,0.001,0.01,PT,C0018965,Haematuria,FALSE,4.1,imatinib
CID100005291,CID000005291,C0018965,,uncommon,0.001,0.01,PT,C0018965,Haematuria,FALSE,4.1,imatinib
CID100005291,CID000005291,C0019080,,0%,0,0,PT,C0518015,Haemoglobin,FALSE,4.1,imatinib
CID100005291,CID000005291,C0019080,,0.2%,0.002,0.002,PT,C0518015,Haemoglobin,FALSE,4.1,imatinib
CID100005291,CID000005291,C0019080,,0.4%,0.004,0.004,PT,C0518015,Haemoglobin,FALSE,4.1,imatinib
CID100005291,CID000005291,C0019080,,0.5%,0.005,0.005,PT,C0518015,Haemoglobin,FALSE,4.1,imatinib
CID100005291,CID000005291,C0019080,,0.7%,0.007,0.007,PT,C0518015,Haemoglobin,FALSE,4.1,imatinib
CID100005291,CID000005291,C0019080,,0.9%,0.009,0.009,PT,C0518015,Haemoglobin,FALSE,4.1,imatinib
CID100005291,CID000005291,C0019080,,1%,0.01,0.01,PT,C0518015,Haemoglobin,FALSE,4.1,imatinib
CID100005291,CID000005291,C0019080,,1.1%,0.011,0.011,PT,C0518015,Haemoglobin,FALSE,4.1,imatinib
CID100005291,CID000005291,C0019080,,1.24%,0.0123648,0.0123648,PT,C0518015,Haemoglobin,FALSE,4.1,imatinib
CID100005291,CID000005291,C0019080,,1.3%,0.013,0.013,PT,C0518015,Haemoglobin,FALSE,4.1,imatinib
CID100005291,CID000005291,C0019080,,1.5%,0.015,0.015,PT,C0518015,Haemoglobin,FALSE,4.1,imatinib
CID100005291,CID000005291,C0019080,,1.6%,0.016,0.016,PT,C0518015,Haemoglobin,FALSE,4.1,imatinib
CID100005291,CID000005291,C0019080,,1.7%,0.017,0.017,PT,C0518015,Haemoglobin,FALSE,4.1,imatinib
CID100005291,CID000005291,C0019080,,1.8%,0.018,0.018,PT,C0518015,Haemoglobin,FALSE,4.1,imatinib
CID100005291,CID000005291,C0019080,,11%,0.11,0.11,PT,C0518015,Haemoglobin,FALSE,4.1,imatinib
CID100005291,CID000005291,C0019080,,12%,0.119565,0.119565,PT,C0518015,Haemoglobin,FALSE,4.1,imatinib
CID100005291,CID000005291,C0019080,,12.3%,0.123,0.123,PT,C0518015,Haemoglobin,FALSE,4.1,imatinib
CID100005291,CID000005291,C0019080,,13.3%,0.133,0.133,PT,C0518015,Haemoglobin,FALSE,4.1,imatinib
CID100005291,CID000005291,C0019080,,18%,0.18,0.18,PT,C0518015,Haemoglobin,FALSE,4.1,imatinib
CID100005291,CID000005291,C0019080,,18.9%,0.189,0.189,PT,C0518015,Haemoglobin,FALSE,4.1,imatinib
CID100005291,CID000005291,C0019080,,19%,0.19,0.19,PT,C0518015,Haemoglobin,FALSE,4.1,imatinib
CID100005291,CID000005291,C0019080,,19.9%,0.199,0.199,PT,C0518015,Haemoglobin,FALSE,4.1,imatinib
CID100005291,CID000005291,C0019080,,2%,0.02,0.02,PT,C0518015,Haemoglobin,FALSE,4.1,imatinib
CID100005291,CID000005291,C0019080,,2.19%,0.0218509,0.0218509,PT,C0518015,Haemoglobin,FALSE,4.1,imatinib
CID100005291,CID000005291,C0019080,,20.8%,0.208,0.208,PT,C0518015,Haemoglobin,FALSE,4.1,imatinib
CID100005291,CID000005291,C0019080,,21.2%,0.212,0.212,PT,C0518015,Haemoglobin,FALSE,4.1,imatinib
CID100005291,CID000005291,C0019080,,22%,0.22,0.22,PT,C0518015,Haemoglobin,FALSE,4.1,imatinib
CID100005291,CID000005291,C0019080,,24.1%,0.241,0.241,PT,C0518015,Haemoglobin,FALSE,4.1,imatinib
CID100005291,CID000005291,C0019080,,26%,0.26,0.26,PT,C0518015,Haemoglobin,FALSE,4.1,imatinib
CID100005291,CID000005291,C0019080,,27%,0.27,0.27,PT,C0518015,Haemoglobin,FALSE,4.1,imatinib
CID100005291,CID000005291,C0019080,,28.9%,0.289,0.289,PT,C0518015,Haemoglobin,FALSE,4.1,imatinib
CID100005291,CID000005291,C0019080,,3%,0.03,0.03,PT,C0518015,Haemoglobin,FALSE,4.1,imatinib
CID100005291,CID000005291,C0019080,,3.1%,0.031,0.031,PT,C0518015,Haemoglobin,FALSE,4.1,imatinib
CID100005291,CID000005291,C0019080,,30%,0.3,0.3,PT,C0518015,Haemoglobin,FALSE,4.1,imatinib
CID100005291,CID000005291,C0019080,,34%,0.34,0.34,PT,C0518015,Haemoglobin,FALSE,4.1,imatinib
CID100005291,CID000005291,C0019080,,4%,0.04,0.04,PT,C0518015,Haemoglobin,FALSE,4.1,imatinib
CID100005291,CID000005291,C0019080,,44%,0.44,0.44,PT,C0518015,Haemoglobin,FALSE,4.1,imatinib
CID100005291,CID000005291,C0019080,,49%,0.49,0.49,PT,C0518015,Haemoglobin,FALSE,4.1,imatinib
CID100005291,CID000005291,C0019080,,5%,0.05,0.05,PT,C0518015,Haemoglobin,FALSE,4.1,imatinib
CID100005291,CID000005291,C0019080,,52%,0.52,0.52,PT,C0518015,Haemoglobin,FALSE,4.1,imatinib
CID100005291,CID000005291,C0019080,,53%,0.53,0.53,PT,C0518015,Haemoglobin,FALSE,4.1,imatinib
CID100005291,CID000005291,C0019080,,6%,0.06,0.06,PT,C0518015,Haemoglobin,FALSE,4.1,imatinib
CID100005291,CID000005291,C0019080,,6.1%,0.061,0.061,PT,C0518015,Haemoglobin,FALSE,4.1,imatinib
CID100005291,CID000005291,C0019080,,6.15%,0.0615385,0.0615385,PT,C0518015,Haemoglobin,FALSE,4.1,imatinib
CID100005291,CID000005291,C0019080,,6.6%,0.066,0.066,PT,C0518015,Haemoglobin,FALSE,4.1,imatinib
CID100005291,CID000005291,C0019080,,6.7%,0.067,0.067,PT,C0518015,Haemoglobin,FALSE,4.1,imatinib
CID100005291,CID000005291,C0019080,,7%,0.07,0.07,PT,C0518015,Haemoglobin,FALSE,4.1,imatinib
CID100005291,CID000005291,C0019080,,8%,0.08,0.08,PT,C0518015,Haemoglobin,FALSE,4.1,imatinib
CID100005291,CID000005291,C0019080,,9%,0.09,0.09,PT,C0518015,Haemoglobin,FALSE,4.1,imatinib
CID100005291,CID000005291,C0019080,,common,0.01,1,PT,C0518015,Haemoglobin,FALSE,4.1,imatinib
CID100005291,CID000005291,C0019080,,postmarketing,0,0.001,PT,C0518015,Haemoglobin,FALSE,4.1,imatinib
CID100005291,CID000005291,C0162119,,0.5%,0.005,0.005,PT,C0162119,Haemoglobin decreased,FALSE,4.1,imatinib
CID100005291,CID000005291,C0162119,,0.6%,0.006,0.006,PT,C0162119,Haemoglobin decreased,FALSE,4.1,imatinib
CID100005291,CID000005291,C0162119,,46.9%,0.469,0.469,PT,C0162119,Haemoglobin decreased,FALSE,4.1,imatinib
CID100005291,CID000005291,C0162119,,72.2%,0.722,0.722,PT,C0162119,Haemoglobin decreased,FALSE,4.1,imatinib
CID100005291,CID000005291,C0162119,,80.3%,0.803,0.803,PT,C0162119,Haemoglobin decreased,FALSE,4.1,imatinib
CID100005291,CID000005291,C0162119,placebo,0%,0,0,PT,C0162119,Haemoglobin decreased,TRUE,4.1,imatinib
CID100005291,CID000005291,C0162119,placebo,27%,0.27,0.27,PT,C0162119,Haemoglobin decreased,TRUE,4.1,imatinib
CID100005291,CID000005291,C0002878,,rare,0,0.001,PT,C0002878,Haemolytic anaemia,FALSE,4.1,imatinib
CID100005291,CID000005291,C0019080,,0%,0,0,PT,C0019080,Haemorrhage,FALSE,4.1,imatinib
CID100005291,CID000005291,C0019080,,0.2%,0.002,0.002,PT,C0019080,Haemorrhage,FALSE,4.1,imatinib
CID100005291,CID000005291,C0019080,,0.4%,0.004,0.004,PT,C0019080,Haemorrhage,FALSE,4.1,imatinib
CID100005291,CID000005291,C0019080,,0.5%,0.005,0.005,PT,C0019080,Haemorrhage,FALSE,4.1,imatinib
CID100005291,CID000005291,C0019080,,0.7%,0.007,0.007,PT,C0019080,Haemorrhage,FALSE,4.1,imatinib
CID100005291,CID000005291,C0019080,,0.9%,0.009,0.009,PT,C0019080,Haemorrhage,FALSE,4.1,imatinib
CID100005291,CID000005291,C0019080,,1%,0.01,0.01,PT,C0019080,Haemorrhage,FALSE,4.1,imatinib
CID100005291,CID000005291,C0019080,,1.1%,0.011,0.011,PT,C0019080,Haemorrhage,FALSE,4.1,imatinib
CID100005291,CID000005291,C0019080,,1.24%,0.0123648,0.0123648,PT,C0019080,Haemorrhage,FALSE,4.1,imatinib
CID100005291,CID000005291,C0019080,,1.3%,0.013,0.013,PT,C0019080,Haemorrhage,FALSE,4.1,imatinib
CID100005291,CID000005291,C0019080,,1.5%,0.015,0.015,PT,C0019080,Haemorrhage,FALSE,4.1,imatinib
CID100005291,CID000005291,C0019080,,1.6%,0.016,0.016,PT,C0019080,Haemorrhage,FALSE,4.1,imatinib
CID100005291,CID000005291,C0019080,,1.7%,0.017,0.017,PT,C0019080,Haemorrhage,FALSE,4.1,imatinib
CID100005291,CID000005291,C0019080,,1.8%,0.018,0.018,PT,C0019080,Haemorrhage,FALSE,4.1,imatinib
CID100005291,CID000005291,C0019080,,11%,0.11,0.11,PT,C0019080,Haemorrhage,FALSE,4.1,imatinib
CID100005291,CID000005291,C0019080,,12%,0.119565,0.119565,PT,C0019080,Haemorrhage,FALSE,4.1,imatinib
CID100005291,CID000005291,C0019080,,12.3%,0.123,0.123,PT,C0019080,Haemorrhage,FALSE,4.1,imatinib
CID100005291,CID000005291,C0019080,,13.3%,0.133,0.133,PT,C0019080,Haemorrhage,FALSE,4.1,imatinib
CID100005291,CID000005291,C0019080,,18%,0.18,0.18,PT,C0019080,Haemorrhage,FALSE,4.1,imatinib
CID100005291,CID000005291,C0019080,,18.9%,0.189,0.189,PT,C0019080,Haemorrhage,FALSE,4.1,imatinib
CID100005291,CID000005291,C0019080,,19%,0.19,0.19,PT,C0019080,Haemorrhage,FALSE,4.1,imatinib
CID100005291,CID000005291,C0019080,,19.9%,0.199,0.199,PT,C0019080,Haemorrhage,FALSE,4.1,imatinib
CID100005291,CID000005291,C0019080,,2%,0.02,0.02,PT,C0019080,Haemorrhage,FALSE,4.1,imatinib
CID100005291,CID000005291,C0019080,,2.19%,0.0218509,0.0218509,PT,C0019080,Haemorrhage,FALSE,4.1,imatinib
CID100005291,CID000005291,C0019080,,20.8%,0.208,0.208,PT,C0019080,Haemorrhage,FALSE,4.1,imatinib
CID100005291,CID000005291,C0019080,,21.2%,0.212,0.212,PT,C0019080,Haemorrhage,FALSE,4.1,imatinib
CID100005291,CID000005291,C0019080,,22%,0.22,0.22,PT,C0019080,Haemorrhage,FALSE,4.1,imatinib
CID100005291,CID000005291,C0019080,,24.1%,0.241,0.241,PT,C0019080,Haemorrhage,FALSE,4.1,imatinib
CID100005291,CID000005291,C0019080,,26%,0.26,0.26,PT,C0019080,Haemorrhage,FALSE,4.1,imatinib
CID100005291,CID000005291,C0019080,,27%,0.27,0.27,PT,C0019080,Haemorrhage,FALSE,4.1,imatinib
CID100005291,CID000005291,C0019080,,28.9%,0.289,0.289,PT,C0019080,Haemorrhage,FALSE,4.1,imatinib
CID100005291,CID000005291,C0019080,,3%,0.03,0.03,PT,C0019080,Haemorrhage,FALSE,4.1,imatinib
CID100005291,CID000005291,C0019080,,3.1%,0.031,0.031,PT,C0019080,Haemorrhage,FALSE,4.1,imatinib
CID100005291,CID000005291,C0019080,,30%,0.3,0.3,PT,C0019080,Haemorrhage,FALSE,4.1,imatinib
CID100005291,CID000005291,C0019080,,34%,0.34,0.34,PT,C0019080,Haemorrhage,FALSE,4.1,imatinib
CID100005291,CID000005291,C0019080,,4%,0.04,0.04,PT,C0019080,Haemorrhage,FALSE,4.1,imatinib
CID100005291,CID000005291,C0019080,,44%,0.44,0.44,PT,C0019080,Haemorrhage,FALSE,4.1,imatinib
CID100005291,CID000005291,C0019080,,49%,0.49,0.49,PT,C0019080,Haemorrhage,FALSE,4.1,imatinib
CID100005291,CID000005291,C0019080,,5%,0.05,0.05,PT,C0019080,Haemorrhage,FALSE,4.1,imatinib
CID100005291,CID000005291,C0019080,,52%,0.52,0.52,PT,C0019080,Haemorrhage,FALSE,4.1,imatinib
CID100005291,CID000005291,C0019080,,53%,0.53,0.53,PT,C0019080,Haemorrhage,FALSE,4.1,imatinib
CID100005291,CID000005291,C0019080,,6%,0.06,0.06,PT,C0019080,Haemorrhage,FALSE,4.1,imatinib
CID100005291,CID000005291,C0019080,,6.1%,0.061,0.061,PT,C0019080,Haemorrhage,FALSE,4.1,imatinib
CID100005291,CID000005291,C0019080,,6.15%,0.0615385,0.0615385,PT,C0019080,Haemorrhage,FALSE,4.1,imatinib
CID100005291,CID000005291,C0019080,,6.6%,0.066,0.066,PT,C0019080,Haemorrhage,FALSE,4.1,imatinib
CID100005291,CID000005291,C0019080,,6.7%,0.067,0.067,PT,C0019080,Haemorrhage,FALSE,4.1,imatinib
CID100005291,CID000005291,C0019080,,7%,0.07,0.07,PT,C0019080,Haemorrhage,FALSE,4.1,imatinib
CID100005291,CID000005291,C0019080,,8%,0.08,0.08,PT,C0019080,Haemorrhage,FALSE,4.1,imatinib
CID100005291,CID000005291,C0019080,,9%,0.09,0.09,PT,C0019080,Haemorrhage,FALSE,4.1,imatinib
CID100005291,CID000005291,C0019080,,common,0.01,1,PT,C0019080,Haemorrhage,FALSE,4.1,imatinib
CID100005291,CID000005291,C0019080,,postmarketing,0,0.001,PT,C0019080,Haemorrhage,FALSE,4.1,imatinib
CID100005291,CID000005291,C0473311,,postmarketing,0,0.001,PT,C0473311,Haemorrhagic ovarian cyst,FALSE,4.1,imatinib
CID100005291,CID000005291,C0473311,,rare,0,0.001,PT,C0473311,Haemorrhagic ovarian cyst,FALSE,4.1,imatinib
CID100005291,CID000005291,C0473311,,very rare,0,1e-4,PT,C0473311,Haemorrhagic ovarian cyst,FALSE,4.1,imatinib
CID100005291,CID000005291,C0018681,,0%,0,0,PT,C0018681,Headache,FALSE,4.1,imatinib
CID100005291,CID000005291,C0018681,,0.2%,0.002,0.002,PT,C0018681,Headache,FALSE,4.1,imatinib
CID100005291,CID000005291,C0018681,,0.4%,0.004,0.004,PT,C0018681,Headache,FALSE,4.1,imatinib
CID100005291,CID000005291,C0018681,,0.5%,0.005,0.005,PT,C0018681,Headache,FALSE,4.1,imatinib
CID100005291,CID000005291,C0018681,,0.6%,0.006,0.006,PT,C0018681,Headache,FALSE,4.1,imatinib
CID100005291,CID000005291,C0018681,,18.2%,0.182,0.182,PT,C0018681,Headache,FALSE,4.1,imatinib
CID100005291,CID000005291,C0018681,,19.3%,0.193,0.193,PT,C0018681,Headache,FALSE,4.1,imatinib
CID100005291,CID000005291,C0018681,,19.7%,0.197,0.197,PT,C0018681,Headache,FALSE,4.1,imatinib
CID100005291,CID000005291,C0018681,,2%,0.02,0.02,PT,C0018681,Headache,FALSE,4.1,imatinib
CID100005291,CID000005291,C0018681,,22%,0.22,0.22,PT,C0018681,Headache,FALSE,4.1,imatinib
CID100005291,CID000005291,C0018681,,25%,0.25,0.25,PT,C0018681,Headache,FALSE,4.1,imatinib
CID100005291,CID000005291,C0018681,,27%,0.27,0.27,PT,C0018681,Headache,FALSE,4.1,imatinib
CID100005291,CID000005291,C0018681,,28.5%,0.285,0.285,PT,C0018681,Headache,FALSE,4.1,imatinib
CID100005291,CID000005291,C0018681,,3.2%,0.032,0.032,PT,C0018681,Headache,FALSE,4.1,imatinib
CID100005291,CID000005291,C0018681,,3.6%,0.036,0.036,PT,C0018681,Headache,FALSE,4.1,imatinib
CID100005291,CID000005291,C0018681,,3.8%,0.038,0.038,PT,C0018681,Headache,FALSE,4.1,imatinib
CID100005291,CID000005291,C0018681,,30%,0.3,0.3,PT,C0018681,Headache,FALSE,4.1,imatinib
CID100005291,CID000005291,C0018681,,32%,0.32,0.32,PT,C0018681,Headache,FALSE,4.1,imatinib
CID100005291,CID000005291,C0018681,,33%,0.33,0.33,PT,C0018681,Headache,FALSE,4.1,imatinib
CID100005291,CID000005291,C0018681,,33.6%,0.336,0.336,PT,C0018681,Headache,FALSE,4.1,imatinib
CID100005291,CID000005291,C0018681,,34%,0.34,0.34,PT,C0018681,Headache,FALSE,4.1,imatinib
CID100005291,CID000005291,C0018681,,35%,0.35,0.35,PT,C0018681,Headache,FALSE,4.1,imatinib
CID100005291,CID000005291,C0018681,,36%,0.36,0.36,PT,C0018681,Headache,FALSE,4.1,imatinib
CID100005291,CID000005291,C0018681,,37%,0.37,0.37,PT,C0018681,Headache,FALSE,4.1,imatinib
CID100005291,CID000005291,C0018681,,39%,0.39,0.39,PT,C0018681,Headache,FALSE,4.1,imatinib
CID100005291,CID000005291,C0018681,,41.8%,0.418,0.418,PT,C0018681,Headache,FALSE,4.1,imatinib
CID100005291,CID000005291,C0018681,,43.3%,0.433,0.433,PT,C0018681,Headache,FALSE,4.1,imatinib
CID100005291,CID000005291,C0018681,,5%,0.05,0.05,PT,C0018681,Headache,FALSE,4.1,imatinib
CID100005291,CID000005291,C0018681,,5.7%,0.057,0.057,PT,C0018681,Headache,FALSE,4.1,imatinib
CID100005291,CID000005291,C0018681,,8.2%,0.082,0.082,PT,C0018681,Headache,FALSE,4.1,imatinib
CID100005291,CID000005291,C0018681,,very common,0.1,1,PT,C0018681,Headache,FALSE,4.1,imatinib
CID100005291,CID000005291,C0018681,placebo,0%,0,0,PT,C0018681,Headache,TRUE,4.1,imatinib
CID100005291,CID000005291,C0018681,placebo,20.3%,0.203,0.203,PT,C0018681,Headache,TRUE,4.1,imatinib
CID100005291,CID000005291,C1384666,,uncommon,0.001,0.01,PT,C1384666,Hearing impaired,FALSE,4.1,imatinib
CID100005291,CID000005291,C0085605,,11.6%,0.116,0.116,PT,C0085605,Hepatic failure,FALSE,4.1,imatinib
CID100005291,CID000005291,C0085605,,17.3%,0.173,0.173,PT,C0085605,Hepatic failure,FALSE,4.1,imatinib
CID100005291,CID000005291,C0085605,,4%,0.04,0.04,PT,C0085605,Hepatic failure,FALSE,4.1,imatinib
CID100005291,CID000005291,C0085605,,5.1%,0.051,0.051,PT,C0085605,Hepatic failure,FALSE,4.1,imatinib
CID100005291,CID000005291,C0085605,,postmarketing,0,0.001,PT,C0085605,Hepatic failure,FALSE,4.1,imatinib
CID100005291,CID000005291,C0085605,,rare,0,0.001,PT,C0085605,Hepatic failure,FALSE,4.1,imatinib
CID100005291,CID000005291,C0151798,,rare,0,0.001,PT,C0151798,Hepatic necrosis,FALSE,4.1,imatinib
CID100005291,CID000005291,C0019158,,uncommon,0.001,0.01,PT,C0019158,Hepatitis,FALSE,4.1,imatinib
CID100005291,CID000005291,C0149904,,postmarketing,0,0.001,PT,C0149904,Hepatitis cholestatic,FALSE,4.1,imatinib
CID100005291,CID000005291,C0019348,,infrequent,0.001,0.01,PT,C0019348,Herpes simplex,FALSE,4.1,imatinib
CID100005291,CID000005291,C0019348,,uncommon,0.001,0.01,PT,C0019348,Herpes simplex,FALSE,4.1,imatinib
CID100005291,CID000005291,C0019360,,infrequent,0.001,0.01,PT,C0019360,Herpes zoster,FALSE,4.1,imatinib
CID100005291,CID000005291,C0019360,,uncommon,0.001,0.01,PT,C0019360,Herpes zoster,FALSE,4.1,imatinib
CID100005291,CID000005291,C0240515,,uncommon,0.001,0.01,PT,C0020453,Hyperaesthesia,FALSE,4.1,imatinib
CID100005291,CID000005291,C0020433,,uncommon,0.001,0.01,PT,C0020433,Hyperbilirubinaemia,FALSE,4.1,imatinib
CID100005291,CID000005291,C0020437,,uncommon,0.001,0.01,PT,C0020437,Hypercalcaemia,FALSE,4.1,imatinib
CID100005291,CID000005291,C0020456,,0.6%,0.006,0.006,PT,C0020456,Hyperglycaemia,FALSE,4.1,imatinib
CID100005291,CID000005291,C0020456,,9.8%,0.098,0.098,PT,C0020456,Hyperglycaemia,FALSE,4.1,imatinib
CID100005291,CID000005291,C0020456,,uncommon,0.001,0.01,PT,C0020456,Hyperglycaemia,FALSE,4.1,imatinib
CID100005291,CID000005291,C0020456,placebo,1.7%,0.017,0.017,PT,C0020456,Hyperglycaemia,TRUE,4.1,imatinib
CID100005291,CID000005291,C0020456,placebo,11.3%,0.113,0.113,PT,C0020456,Hyperglycaemia,TRUE,4.1,imatinib
CID100005291,CID000005291,C0038990,,12.7%,0.127,0.127,PT,C0020458,Hyperhidrosis,FALSE,4.1,imatinib
CID100005291,CID000005291,C0038990,,2.8%,0.028,0.028,PT,C0020458,Hyperhidrosis,FALSE,4.1,imatinib
CID100005291,CID000005291,C0038990,,4.6%,0.046,0.046,PT,C0020458,Hyperhidrosis,FALSE,4.1,imatinib
CID100005291,CID000005291,C0038990,,8.5%,0.085,0.085,PT,C0020458,Hyperhidrosis,FALSE,4.1,imatinib
CID100005291,CID000005291,C0700590,,0.2%,0.002,0.002,PT,C0020458,Hyperhidrosis,FALSE,4.1,imatinib
CID100005291,CID000005291,C0700590,,0.4%,0.004,0.004,PT,C0020458,Hyperhidrosis,FALSE,4.1,imatinib
CID100005291,CID000005291,C0700590,,14.8%,0.148,0.148,PT,C0020458,Hyperhidrosis,FALSE,4.1,imatinib
CID100005291,CID000005291,C0700590,,5.8%,0.058,0.058,PT,C0020458,Hyperhidrosis,FALSE,4.1,imatinib
CID100005291,CID000005291,C0700590,,uncommon,0.001,0.01,PT,C0020458,Hyperhidrosis,FALSE,4.1,imatinib
CID100005291,CID000005291,C0020461,,rare,0,0.001,PT,C0020461,Hyperkalaemia,FALSE,4.1,imatinib
CID100005291,CID000005291,C0020517,,rare,0,0.001,PT,C0020517,Hypersensitivity,FALSE,4.1,imatinib
CID100005291,CID000005291,C0020538,,infrequent,0.001,0.01,PT,C0020538,Hypertension,FALSE,4.1,imatinib
CID100005291,CID000005291,C0020538,,uncommon,0.001,0.01,PT,C0020538,Hypertension,FALSE,4.1,imatinib
CID100005291,CID000005291,C0740394,,uncommon,0.001,0.01,PT,C0740394,Hyperuricaemia,FALSE,4.1,imatinib
CID100005291,CID000005291,C0020580,,common,0.01,1,PT,C0020580,Hypoaesthesia,FALSE,4.1,imatinib
CID100005291,CID000005291,C0239981,,0%,0,0,PT,C0239981,Hypoalbuminaemia,FALSE,4.1,imatinib
CID100005291,CID000005291,C0239981,,11.9%,0.119,0.119,PT,C0239981,Hypoalbuminaemia,FALSE,4.1,imatinib
CID100005291,CID000005291,C0239981,,21.2%,0.212,0.212,PT,C0239981,Hypoalbuminaemia,FALSE,4.1,imatinib
CID100005291,CID000005291,C0020598,,0.3%,0.003,0.003,PT,C0020598,Hypocalcaemia,FALSE,4.1,imatinib
CID100005291,CID000005291,C0020598,,5.6%,0.056,0.056,PT,C0020598,Hypocalcaemia,FALSE,4.1,imatinib
CID100005291,CID000005291,C0020598,placebo,0%,0,0,PT,C0020598,Hypocalcaemia,TRUE,4.1,imatinib
CID100005291,CID000005291,C0020598,placebo,1.7%,0.017,0.017,PT,C0020598,Hypocalcaemia,TRUE,4.1,imatinib
CID100005291,CID000005291,C0020621,,0.2%,0.002,0.002,PT,C0020621,Hypokalaemia,FALSE,4.1,imatinib
CID100005291,CID000005291,C0020621,,0.8%,0.008,0.008,PT,C0020621,Hypokalaemia,FALSE,4.1,imatinib
CID100005291,CID000005291,C0020621,,0.9%,0.009,0.009,PT,C0020621,Hypokalaemia,FALSE,4.1,imatinib
CID100005291,CID000005291,C0020621,,13%,0.13,0.13,PT,C0020621,Hypokalaemia,FALSE,4.1,imatinib
CID100005291,CID000005291,C0020621,,2%,0.02,0.02,PT,C0020621,Hypokalaemia,FALSE,4.1,imatinib
CID100005291,CID000005291,C0020621,,24.6%,0.246154,0.246154,PT,C0020621,Hypokalaemia,FALSE,4.1,imatinib
CID100005291,CID000005291,C0020621,,33.7%,0.336957,0.336957,PT,C0020621,Hypokalaemia,FALSE,4.1,imatinib
CID100005291,CID000005291,C0020621,,4%,0.04,0.04,PT,C0020621,Hypokalaemia,FALSE,4.1,imatinib
CID100005291,CID000005291,C0020621,,4.95%,0.049459,0.049459,PT,C0020621,Hypokalaemia,FALSE,4.1,imatinib
CID100005291,CID000005291,C0020621,,5%,0.05,0.05,PT,C0020621,Hypokalaemia,FALSE,4.1,imatinib
CID100005291,CID000005291,C0020621,,6%,0.06,0.06,PT,C0020621,Hypokalaemia,FALSE,4.1,imatinib
CID100005291,CID000005291,C0020621,,7.1%,0.071,0.071,PT,C0020621,Hypokalaemia,FALSE,4.1,imatinib
CID100005291,CID000005291,C0020621,,8%,0.08,0.08,PT,C0020621,Hypokalaemia,FALSE,4.1,imatinib
CID100005291,CID000005291,C0020621,,9%,0.09,0.09,PT,C0020621,Hypokalaemia,FALSE,4.1,imatinib
CID100005291,CID000005291,C0020621,,9.25%,0.092545,0.092545,PT,C0020621,Hypokalaemia,FALSE,4.1,imatinib
CID100005291,CID000005291,C0020621,,uncommon,0.001,0.01,PT,C0020621,Hypokalaemia,FALSE,4.1,imatinib
CID100005291,CID000005291,C0020621,placebo,0.6%,0.006,0.006,PT,C0020621,Hypokalaemia,TRUE,4.1,imatinib
CID100005291,CID000005291,C0020621,placebo,2%,0.02,0.02,PT,C0020621,Hypokalaemia,TRUE,4.1,imatinib
CID100005291,CID000005291,C0151723,,rare,0,0.001,PT,C0151723,Hypomagnesaemia,FALSE,4.1,imatinib
CID100005291,CID000005291,C0020625,,rare,0,0.001,PT,C0020625,Hyponatraemia,FALSE,4.1,imatinib
CID100005291,CID000005291,C0020625,,uncommon,0.001,0.01,PT,C0020625,Hyponatraemia,FALSE,4.1,imatinib
CID100005291,CID000005291,C0085682,,infrequent,0.001,0.01,PT,C0085682,Hypophosphataemia,FALSE,4.1,imatinib
CID100005291,CID000005291,C0085682,,uncommon,0.001,0.01,PT,C0085682,Hypophosphataemia,FALSE,4.1,imatinib
CID100005291,CID000005291,C0020639,,0%,0,0,PT,C0020639,Hypoproteinaemia,FALSE,4.1,imatinib
CID100005291,CID000005291,C0020639,,23.7%,0.237,0.237,PT,C0020639,Hypoproteinaemia,FALSE,4.1,imatinib
CID100005291,CID000005291,C0020639,,31.8%,0.318,0.318,PT,C0020639,Hypoproteinaemia,FALSE,4.1,imatinib
CID100005291,CID000005291,C0020649,,0.927%,0.00927357,0.00927357,PT,C0020649,Hypotension,FALSE,4.1,imatinib
CID100005291,CID000005291,C0020649,,10.9%,0.108696,0.108696,PT,C0020649,Hypotension,FALSE,4.1,imatinib
CID100005291,CID000005291,C0020649,,2.06%,0.0205656,0.0205656,PT,C0020649,Hypotension,FALSE,4.1,imatinib
CID100005291,CID000005291,C0020649,,7.69%,0.0769231,0.0769231,PT,C0020649,Hypotension,FALSE,4.1,imatinib
CID100005291,CID000005291,C0020649,,infrequent,0.001,0.01,PT,C0020649,Hypotension,FALSE,4.1,imatinib
CID100005291,CID000005291,C0020649,,uncommon,0.001,0.01,PT,C0020649,Hypotension,FALSE,4.1,imatinib
CID100005291,CID000005291,C0020678,,uncommon,0.001,0.01,PT,C0020678,Hypotrichosis,FALSE,4.1,imatinib
CID100005291,CID000005291,C0242184,,0.309%,0.00309119,0.00309119,PT,C0242184,Hypoxia,FALSE,4.1,imatinib
CID100005291,CID000005291,C0242184,,1.54%,0.0154242,0.0154242,PT,C0242184,Hypoxia,FALSE,4.1,imatinib
CID100005291,CID000005291,C0242184,,3.08%,0.0307692,0.0307692,PT,C0242184,Hypoxia,FALSE,4.1,imatinib
CID100005291,CID000005291,C0242184,,8.7%,0.0869565,0.0869565,PT,C0242184,Hypoxia,FALSE,4.1,imatinib
CID100005291,CID000005291,C1258215,,postmarketing,0,0.001,PT,C1258215,Ileus,FALSE,4.1,imatinib
CID100005291,CID000005291,C1258215,,rare,0,0.001,PT,C1258215,Ileus,FALSE,4.1,imatinib
CID100005291,CID000005291,C1258215,,uncommon,0.001,0.01,PT,C1258215,Ileus,FALSE,4.1,imatinib
CID100005291,CID000005291,C0231218,,11.7%,0.117,0.117,PT,C2047937,Ill-defined disorder,FALSE,4.1,imatinib
CID100005291,CID000005291,C0231218,,12.2%,0.122,0.122,PT,C2047937,Ill-defined disorder,FALSE,4.1,imatinib
CID100005291,CID000005291,C0231218,,69.3%,0.693,0.693,PT,C2047937,Ill-defined disorder,FALSE,4.1,imatinib
CID100005291,CID000005291,C0231218,,74.9%,0.749,0.749,PT,C2047937,Ill-defined disorder,FALSE,4.1,imatinib
CID100005291,CID000005291,C0231218,,uncommon,0.001,0.01,PT,C2047937,Ill-defined disorder,FALSE,4.1,imatinib
CID100005291,CID000005291,C0021053,,postmarketing,0,0.001,PT,C0021053,Immune system disorder,FALSE,4.1,imatinib
CID100005291,CID000005291,C0232461,,uncommon,0.001,0.01,PT,C0232461,Increased appetite,FALSE,4.1,imatinib
CID100005291,CID000005291,C0423798,,uncommon,0.001,0.01,PT,C0423798,Increased tendency to bruise,FALSE,4.1,imatinib
CID100005291,CID000005291,C0009450,,0%,0,0,PT,C0009450,Infection,FALSE,4.1,imatinib
CID100005291,CID000005291,C0009450,,0.2%,0.002,0.002,PT,C0009450,Infection,FALSE,4.1,imatinib
CID100005291,CID000005291,C0009450,,0.4%,0.004,0.004,PT,C0009450,Infection,FALSE,4.1,imatinib
CID100005291,CID000005291,C0009450,,1.5%,0.015,0.015,PT,C0009450,Infection,FALSE,4.1,imatinib
CID100005291,CID000005291,C0009450,,12.5%,0.125,0.125,PT,C0009450,Infection,FALSE,4.1,imatinib
CID100005291,CID000005291,C0009450,,13.9%,0.139,0.139,PT,C0009450,Infection,FALSE,4.1,imatinib
CID100005291,CID000005291,C0009450,,14.2%,0.142195,0.142195,PT,C0009450,Infection,FALSE,4.1,imatinib
CID100005291,CID000005291,C0009450,,15%,0.15,0.15,PT,C0009450,Infection,FALSE,4.1,imatinib
CID100005291,CID000005291,C0009450,,15.5%,0.155,0.155,PT,C0009450,Infection,FALSE,4.1,imatinib
CID100005291,CID000005291,C0009450,,16.5%,0.165,0.165,PT,C0009450,Infection,FALSE,4.1,imatinib
CID100005291,CID000005291,C0009450,,16.8%,0.16838,0.16838,PT,C0009450,Infection,FALSE,4.1,imatinib
CID100005291,CID000005291,C0009450,,2.5%,0.025,0.025,PT,C0009450,Infection,FALSE,4.1,imatinib
CID100005291,CID000005291,C0009450,,27.8%,0.278,0.278,PT,C0009450,Infection,FALSE,4.1,imatinib
CID100005291,CID000005291,C0009450,,3%,0.03,0.03,PT,C0009450,Infection,FALSE,4.1,imatinib
CID100005291,CID000005291,C0009450,,49.2%,0.492308,0.492308,PT,C0009450,Infection,FALSE,4.1,imatinib
CID100005291,CID000005291,C0009450,,5.6%,0.056,0.056,PT,C0009450,Infection,FALSE,4.1,imatinib
CID100005291,CID000005291,C0009450,,53.3%,0.532609,0.532609,PT,C0009450,Infection,FALSE,4.1,imatinib
CID100005291,CID000005291,C0009450,,6.6%,0.066,0.066,PT,C0009450,Infection,FALSE,4.1,imatinib
CID100005291,CID000005291,C0009450,,7.9%,0.079,0.079,PT,C0009450,Infection,FALSE,4.1,imatinib
CID100005291,CID000005291,C0009450,,8.4%,0.084,0.084,PT,C0009450,Infection,FALSE,4.1,imatinib
CID100005291,CID000005291,C0009450,,9%,0.09,0.09,PT,C0009450,Infection,FALSE,4.1,imatinib
CID100005291,CID000005291,C0009450,,postmarketing,0,0.001,PT,C0009450,Infection,FALSE,4.1,imatinib
CID100005291,CID000005291,C0009450,,rare,0,0.001,PT,C0009450,Infection,FALSE,4.1,imatinib
CID100005291,CID000005291,C0021390,,rare,0,0.001,PT,C0021390,Inflammatory bowel disease,FALSE,4.1,imatinib
CID100005291,CID000005291,C0021400,,0%,0,0,PT,C0021400,Influenza,FALSE,4.1,imatinib
CID100005291,CID000005291,C0021400,,0.2%,0.002,0.002,PT,C0021400,Influenza,FALSE,4.1,imatinib
CID100005291,CID000005291,C0021400,,0.4%,0.004,0.004,PT,C0021400,Influenza,FALSE,4.1,imatinib
CID100005291,CID000005291,C0021400,,0.8%,0.008,0.008,PT,C0021400,Influenza,FALSE,4.1,imatinib
CID100005291,CID000005291,C0021400,,10%,0.1,0.1,PT,C0021400,Influenza,FALSE,4.1,imatinib
CID100005291,CID000005291,C0021400,,11%,0.11,0.11,PT,C0021400,Influenza,FALSE,4.1,imatinib
CID100005291,CID000005291,C0021400,,11.1%,0.111,0.111,PT,C0021400,Influenza,FALSE,4.1,imatinib
CID100005291,CID000005291,C0021400,,13.8%,0.138,0.138,PT,C0021400,Influenza,FALSE,4.1,imatinib
CID100005291,CID000005291,C0021400,,6%,0.06,0.06,PT,C0021400,Influenza,FALSE,4.1,imatinib
CID100005291,CID000005291,C0021400,,6.2%,0.062,0.062,PT,C0021400,Influenza,FALSE,4.1,imatinib
CID100005291,CID000005291,C0021400,,uncommon,0.001,0.01,PT,C0021400,Influenza,FALSE,4.1,imatinib
CID100005291,CID000005291,C0521839,,0%,0,0,PT,C0521839,Influenza like illness,FALSE,4.1,imatinib
CID100005291,CID000005291,C0521839,,0.9%,0.009,0.009,PT,C0521839,Influenza like illness,FALSE,4.1,imatinib
CID100005291,CID000005291,C0521839,,15.9%,0.159,0.159,PT,C0521839,Influenza like illness,FALSE,4.1,imatinib
CID100005291,CID000005291,C0521839,,7.3%,0.073,0.073,PT,C0521839,Influenza like illness,FALSE,4.1,imatinib
CID100005291,CID000005291,C0917801,,0%,0,0,PT,C0917801,Insomnia,FALSE,4.1,imatinib
CID100005291,CID000005291,C0917801,,0.2%,0.002,0.002,PT,C0917801,Insomnia,FALSE,4.1,imatinib
CID100005291,CID000005291,C0917801,,0.7%,0.007,0.007,PT,C0917801,Insomnia,FALSE,4.1,imatinib
CID100005291,CID000005291,C0917801,,0.9%,0.009,0.009,PT,C0917801,Insomnia,FALSE,4.1,imatinib
CID100005291,CID000005291,C0917801,,1%,0.01,0.01,PT,C0917801,Insomnia,FALSE,4.1,imatinib
CID100005291,CID000005291,C0917801,,10%,0.1,0.1,PT,C0917801,Insomnia,FALSE,4.1,imatinib
CID100005291,CID000005291,C0917801,,11%,0.11,0.11,PT,C0917801,Insomnia,FALSE,4.1,imatinib
CID100005291,CID000005291,C0917801,,11.4%,0.114,0.114,PT,C0917801,Insomnia,FALSE,4.1,imatinib
CID100005291,CID000005291,C0917801,,13%,0.13,0.13,PT,C0917801,Insomnia,FALSE,4.1,imatinib
CID100005291,CID000005291,C0917801,,13.2%,0.132,0.132,PT,C0917801,Insomnia,FALSE,4.1,imatinib
CID100005291,CID000005291,C0917801,,14%,0.14,0.14,PT,C0917801,Insomnia,FALSE,4.1,imatinib
CID100005291,CID000005291,C0917801,,14.7%,0.147,0.147,PT,C0917801,Insomnia,FALSE,4.1,imatinib
CID100005291,CID000005291,C0917801,,18%,0.18,0.18,PT,C0917801,Insomnia,FALSE,4.1,imatinib
CID100005291,CID000005291,C0917801,,18.4%,0.184,0.184,PT,C0917801,Insomnia,FALSE,4.1,imatinib
CID100005291,CID000005291,C0917801,,18.6%,0.186,0.186,PT,C0917801,Insomnia,FALSE,4.1,imatinib
CID100005291,CID000005291,C0917801,,18.8%,0.188,0.188,PT,C0917801,Insomnia,FALSE,4.1,imatinib
CID100005291,CID000005291,C0917801,,19%,0.19,0.19,PT,C0917801,Insomnia,FALSE,4.1,imatinib
CID100005291,CID000005291,C0917801,,2.3%,0.023,0.023,PT,C0917801,Insomnia,FALSE,4.1,imatinib
CID100005291,CID000005291,C0917801,,9.8%,0.098,0.098,PT,C0917801,Insomnia,FALSE,4.1,imatinib
CID100005291,CID000005291,C0917801,,common,0.01,1,PT,C0917801,Insomnia,FALSE,4.1,imatinib
CID100005291,CID000005291,C0917801,placebo,0%,0,0,PT,C0917801,Insomnia,TRUE,4.1,imatinib
CID100005291,CID000005291,C0917801,placebo,7.2%,0.072,0.072,PT,C0917801,Insomnia,TRUE,4.1,imatinib
CID100005291,CID000005291,C0206061,,rare,0,0.001,PT,C0206062,Interstitial lung disease,FALSE,4.1,imatinib
CID100005291,CID000005291,C0206062,,postmarketing,0,0.001,PT,C0206062,Interstitial lung disease,FALSE,4.1,imatinib
CID100005291,CID000005291,C0206062,,uncommon,0.001,0.01,PT,C0206062,Interstitial lung disease,FALSE,4.1,imatinib
CID100005291,CID000005291,C0021843,,postmarketing,0,0.001,PT,C0021843,Intestinal obstruction,FALSE,4.1,imatinib
CID100005291,CID000005291,C0021843,,rare,0,0.001,PT,C0021843,Intestinal obstruction,FALSE,4.1,imatinib
CID100005291,CID000005291,C0021843,,uncommon,0.001,0.01,PT,C0021843,Intestinal obstruction,FALSE,4.1,imatinib
CID100005291,CID000005291,C0151740,,postmarketing,0,0.001,PT,C0151740,Intracranial pressure increased,FALSE,4.1,imatinib
CID100005291,CID000005291,C0151740,,rare,0,0.001,PT,C0151740,Intracranial pressure increased,FALSE,4.1,imatinib
CID100005291,CID000005291,C0022346,,uncommon,0.001,0.01,PT,C0022346,Jaundice,FALSE,4.1,imatinib
CID100005291,CID000005291,C0152031,,common,0.01,1,PT,C0152031,Joint swelling,FALSE,4.1,imatinib
CID100005291,CID000005291,C0152227,,0%,0,0,PT,C0152227,Lacrimation increased,FALSE,4.1,imatinib
CID100005291,CID000005291,C0152227,,11%,0.11,0.11,PT,C0152227,Lacrimation increased,FALSE,4.1,imatinib
CID100005291,CID000005291,C0152227,,16%,0.16,0.16,PT,C0152227,Lacrimation increased,FALSE,4.1,imatinib
CID100005291,CID000005291,C0152227,,17%,0.17,0.17,PT,C0152227,Lacrimation increased,FALSE,4.1,imatinib
CID100005291,CID000005291,C0152227,,17.7%,0.177,0.177,PT,C0152227,Lacrimation increased,FALSE,4.1,imatinib
CID100005291,CID000005291,C0152227,,18%,0.18,0.18,PT,C0152227,Lacrimation increased,FALSE,4.1,imatinib
CID100005291,CID000005291,C0152227,,6%,0.06,0.06,PT,C0152227,Lacrimation increased,FALSE,4.1,imatinib
CID100005291,CID000005291,C0152227,,9.8%,0.098,0.098,PT,C0152227,Lacrimation increased,FALSE,4.1,imatinib
CID100005291,CID000005291,C0152227,,common,0.01,1,PT,C0152227,Lacrimation increased,FALSE,4.1,imatinib
CID100005291,CID000005291,C0152227,placebo,0%,0,0,PT,C0152227,Lacrimation increased,TRUE,4.1,imatinib
CID100005291,CID000005291,C0152227,placebo,3.8%,0.038,0.038,PT,C0152227,Lacrimation increased,TRUE,4.1,imatinib
CID100005291,CID000005291,C0858635,,0%,0,0,PT,C0549373,Laryngeal pain,FALSE,4.1,imatinib
CID100005291,CID000005291,C0858635,,0.2%,0.002,0.002,PT,C0549373,Laryngeal pain,FALSE,4.1,imatinib
CID100005291,CID000005291,C0858635,,0.25%,0.0025,0.0025,PT,C0549373,Laryngeal pain,FALSE,4.1,imatinib
CID100005291,CID000005291,C0858635,,11.3%,0.113,0.113,PT,C0549373,Laryngeal pain,FALSE,4.1,imatinib
CID100005291,CID000005291,C0858635,,11.4%,0.114,0.114,PT,C0549373,Laryngeal pain,FALSE,4.1,imatinib
CID100005291,CID000005291,C0858635,,12%,0.12,0.12,PT,C0549373,Laryngeal pain,FALSE,4.1,imatinib
CID100005291,CID000005291,C0858635,,14.2%,0.142,0.142,PT,C0549373,Laryngeal pain,FALSE,4.1,imatinib
CID100005291,CID000005291,C0858635,,16.9%,0.169,0.169,PT,C0549373,Laryngeal pain,FALSE,4.1,imatinib
CID100005291,CID000005291,C0858635,,18.1%,0.181,0.181,PT,C0549373,Laryngeal pain,FALSE,4.1,imatinib
CID100005291,CID000005291,C0858635,,7%,0.07,0.07,PT,C0549373,Laryngeal pain,FALSE,4.1,imatinib
CID100005291,CID000005291,C0858635,,9.5%,0.095,0.095,PT,C0549373,Laryngeal pain,FALSE,4.1,imatinib
CID100005291,CID000005291,C0858635,,uncommon,0.001,0.01,PT,C0549373,Laryngeal pain,FALSE,4.1,imatinib
CID100005291,CID000005291,C0023380,,11.7%,0.117,0.117,PT,C0023380,Lethargy,FALSE,4.1,imatinib
CID100005291,CID000005291,C0023380,,12.2%,0.122,0.122,PT,C0023380,Lethargy,FALSE,4.1,imatinib
CID100005291,CID000005291,C0023380,,69.3%,0.693,0.693,PT,C0023380,Lethargy,FALSE,4.1,imatinib
CID100005291,CID000005291,C0023380,,74.9%,0.749,0.749,PT,C0023380,Lethargy,FALSE,4.1,imatinib
CID100005291,CID000005291,C0151436,,rare,0,0.001,PT,C2973529,Leukocytoclastic vasculitis,FALSE,4.1,imatinib
CID100005291,CID000005291,C0162835,,uncommon,0.001,0.01,PT,C0162835,Leukoderma,FALSE,4.1,imatinib
CID100005291,CID000005291,C0023530,,0.3%,0.003,0.003,PT,C0023530,Leukopenia,FALSE,4.1,imatinib
CID100005291,CID000005291,C0023530,,0.7%,0.007,0.007,PT,C0023530,Leukopenia,FALSE,4.1,imatinib
CID100005291,CID000005291,C0023530,,1.6%,0.016,0.016,PT,C0023530,Leukopenia,FALSE,4.1,imatinib
CID100005291,CID000005291,C0023530,,17%,0.17,0.17,PT,C0023530,Leukopenia,FALSE,4.1,imatinib
CID100005291,CID000005291,C0023530,,19.6%,0.196,0.196,PT,C0023530,Leukopenia,FALSE,4.1,imatinib
CID100005291,CID000005291,C0023530,,5%,0.05,0.05,PT,C0023530,Leukopenia,FALSE,4.1,imatinib
CID100005291,CID000005291,C0023530,placebo,0%,0,0,PT,C0023530,Leukopenia,TRUE,4.1,imatinib
CID100005291,CID000005291,C0023530,placebo,2.6%,0.026,0.026,PT,C0023530,Leukopenia,TRUE,4.1,imatinib
CID100005291,CID000005291,C0011124,,uncommon,0.001,0.01,PT,C0011124,Libido decreased,FALSE,4.1,imatinib
CID100005291,CID000005291,C0023646,,postmarketing,0,0.001,PT,C0023646,Lichen planus,FALSE,4.1,imatinib
CID100005291,CID000005291,C0023646,,rare,0,0.001,PT,C0023646,Lichen planus,FALSE,4.1,imatinib
CID100005291,CID000005291,C1274594,,postmarketing,0,0.001,PT,C1274594,Lichenoid keratosis,FALSE,4.1,imatinib
CID100005291,CID000005291,C1274594,,rare,0,0.001,PT,C1274594,Lichenoid keratosis,FALSE,4.1,imatinib
CID100005291,CID000005291,C0039070,,infrequent,0.001,0.01,PT,C0041657,Loss of consciousness,FALSE,4.1,imatinib
CID100005291,CID000005291,C0039070,,uncommon,0.001,0.01,PT,C0041657,Loss of consciousness,FALSE,4.1,imatinib
CID100005291,CID000005291,C0497156,,uncommon,0.001,0.01,PT,C0497156,Lymphadenopathy,FALSE,4.1,imatinib
CID100005291,CID000005291,C0024312,,0.7%,0.007,0.007,PT,C0024312,Lymphopenia,FALSE,4.1,imatinib
CID100005291,CID000005291,C0024312,,1.9%,0.019,0.019,PT,C0024312,Lymphopenia,FALSE,4.1,imatinib
CID100005291,CID000005291,C0024312,,10.1%,0.101,0.101,PT,C0024312,Lymphopenia,FALSE,4.1,imatinib
CID100005291,CID000005291,C0024312,,6%,0.06,0.06,PT,C0024312,Lymphopenia,FALSE,4.1,imatinib
CID100005291,CID000005291,C0024312,,uncommon,0.001,0.01,PT,C0024312,Lymphopenia,FALSE,4.1,imatinib
CID100005291,CID000005291,C0271051,,rare,0,0.001,PT,C0271051,Macular oedema,FALSE,4.1,imatinib
CID100005291,CID000005291,C0271051,,uncommon,0.001,0.01,PT,C0271051,Macular oedema,FALSE,4.1,imatinib
CID100005291,CID000005291,C0231218,,11.7%,0.117,0.117,PT,C0231218,Malaise,FALSE,4.1,imatinib
CID100005291,CID000005291,C0231218,,12.2%,0.122,0.122,PT,C0231218,Malaise,FALSE,4.1,imatinib
CID100005291,CID000005291,C0231218,,69.3%,0.693,0.693,PT,C0231218,Malaise,FALSE,4.1,imatinib
CID100005291,CID000005291,C0231218,,74.9%,0.749,0.749,PT,C0231218,Malaise,FALSE,4.1,imatinib
CID100005291,CID000005291,C0231218,,uncommon,0.001,0.01,PT,C0231218,Malaise,FALSE,4.1,imatinib
CID100005291,CID000005291,C0025061,,postmarketing,0,0.001,PT,C0025061,Mediastinal disorder,FALSE,4.1,imatinib
CID100005291,CID000005291,C0025222,,uncommon,0.001,0.01,PT,C0025222,Melaena,FALSE,4.1,imatinib
CID100005291,CID000005291,C0233794,,infrequent,0.001,0.01,PT,C0233794,Memory impairment,FALSE,4.1,imatinib
CID100005291,CID000005291,C0233794,,uncommon,0.001,0.01,PT,C0233794,Memory impairment,FALSE,4.1,imatinib
CID100005291,CID000005291,C0025323,,infrequent,0.001,0.01,PT,C0025323,Menorrhagia,FALSE,4.1,imatinib
CID100005291,CID000005291,C0025323,,uncommon,0.001,0.01,PT,C0025323,Menorrhagia,FALSE,4.1,imatinib
CID100005291,CID000005291,C0156404,,uncommon,0.001,0.01,PT,C0156404,Menstruation irregular,FALSE,4.1,imatinib
CID100005291,CID000005291,C0149931,,infrequent,0.001,0.01,PT,C0149931,Migraine,FALSE,4.1,imatinib
CID100005291,CID000005291,C0149931,,uncommon,0.001,0.01,PT,C0149931,Migraine,FALSE,4.1,imatinib
CID100005291,CID000005291,C0149745,,common,0.01,1,PT,C0149745,Mouth ulceration,FALSE,4.1,imatinib
CID100005291,CID000005291,C0149745,,uncommon,0.001,0.01,PT,C0149745,Mouth ulceration,FALSE,4.1,imatinib
CID100005291,CID000005291,C0333355,,0%,0,0,PT,C0333355,Mucosal inflammation,FALSE,4.1,imatinib
CID100005291,CID000005291,C0333355,,1.1%,0.011,0.011,PT,C0333355,Mucosal inflammation,FALSE,4.1,imatinib
CID100005291,CID000005291,C0333355,,10.3%,0.103,0.103,PT,C0333355,Mucosal inflammation,FALSE,4.1,imatinib
CID100005291,CID000005291,C0333355,,3.2%,0.032,0.032,PT,C0333355,Mucosal inflammation,FALSE,4.1,imatinib
CID100005291,CID000005291,C0026821,,0%,0,0,PT,C0037763,Muscle spasms,FALSE,4.1,imatinib
CID100005291,CID000005291,C0026821,,0.2%,0.002,0.002,PT,C0037763,Muscle spasms,FALSE,4.1,imatinib
CID100005291,CID000005291,C0026821,,0.4%,0.004,0.004,PT,C0037763,Muscle spasms,FALSE,4.1,imatinib
CID100005291,CID000005291,C0026821,,0.8%,0.008,0.008,PT,C0037763,Muscle spasms,FALSE,4.1,imatinib
CID100005291,CID000005291,C0026821,,1%,0.01,0.01,PT,C0037763,Muscle spasms,FALSE,4.1,imatinib
CID100005291,CID000005291,C0026821,,1.1%,0.011,0.011,PT,C0037763,Muscle spasms,FALSE,4.1,imatinib
CID100005291,CID000005291,C0026821,,1.6%,0.016,0.016,PT,C0037763,Muscle spasms,FALSE,4.1,imatinib
CID100005291,CID000005291,C0026821,,11.4%,0.114,0.114,PT,C0037763,Muscle spasms,FALSE,4.1,imatinib
CID100005291,CID000005291,C0026821,,11.8%,0.118,0.118,PT,C0037763,Muscle spasms,FALSE,4.1,imatinib
CID100005291,CID000005291,C0026821,,13.8%,0.138,0.138,PT,C0037763,Muscle spasms,FALSE,4.1,imatinib
CID100005291,CID000005291,C0026821,,2%,0.02,0.02,PT,C0037763,Muscle spasms,FALSE,4.1,imatinib
CID100005291,CID000005291,C0026821,,2.2%,0.022,0.022,PT,C0037763,Muscle spasms,FALSE,4.1,imatinib
CID100005291,CID000005291,C0026821,,27%,0.27,0.27,PT,C0037763,Muscle spasms,FALSE,4.1,imatinib
CID100005291,CID000005291,C0026821,,28%,0.28,0.28,PT,C0037763,Muscle spasms,FALSE,4.1,imatinib
CID100005291,CID000005291,C0026821,,30%,0.3,0.3,PT,C0037763,Muscle spasms,FALSE,4.1,imatinib
CID100005291,CID000005291,C0026821,,35.4%,0.354,0.354,PT,C0037763,Muscle spasms,FALSE,4.1,imatinib
CID100005291,CID000005291,C0026821,,41%,0.41,0.41,PT,C0037763,Muscle spasms,FALSE,4.1,imatinib
CID100005291,CID000005291,C0026821,,42%,0.42,0.42,PT,C0037763,Muscle spasms,FALSE,4.1,imatinib
CID100005291,CID000005291,C0026821,,43.2%,0.432,0.432,PT,C0037763,Muscle spasms,FALSE,4.1,imatinib
CID100005291,CID000005291,C0026821,,47%,0.47,0.47,PT,C0037763,Muscle spasms,FALSE,4.1,imatinib
CID100005291,CID000005291,C0026821,,49.2%,0.492,0.492,PT,C0037763,Muscle spasms,FALSE,4.1,imatinib
CID100005291,CID000005291,C0026821,,55%,0.55,0.55,PT,C0037763,Muscle spasms,FALSE,4.1,imatinib
CID100005291,CID000005291,C0026821,,55.2%,0.552,0.552,PT,C0037763,Muscle spasms,FALSE,4.1,imatinib
CID100005291,CID000005291,C0026821,,57.2%,0.572,0.572,PT,C0037763,Muscle spasms,FALSE,4.1,imatinib
CID100005291,CID000005291,C0026821,,58%,0.58,0.58,PT,C0037763,Muscle spasms,FALSE,4.1,imatinib
CID100005291,CID000005291,C0026821,,62%,0.62,0.62,PT,C0037763,Muscle spasms,FALSE,4.1,imatinib
CID100005291,CID000005291,C0026821,,9.9%,0.099,0.099,PT,C0037763,Muscle spasms,FALSE,4.1,imatinib
CID100005291,CID000005291,C0026821,,very common,0.1,1,PT,C0037763,Muscle spasms,FALSE,4.1,imatinib
CID100005291,CID000005291,C0037763,,0%,0,0,PT,C0037763,Muscle spasms,FALSE,4.1,imatinib
CID100005291,CID000005291,C0037763,,0.5%,0.005,0.005,PT,C0037763,Muscle spasms,FALSE,4.1,imatinib
CID100005291,CID000005291,C0037763,,1%,0.01,0.01,PT,C0037763,Muscle spasms,FALSE,4.1,imatinib
CID100005291,CID000005291,C0037763,,16.3%,0.163,0.163,PT,C0037763,Muscle spasms,FALSE,4.1,imatinib
CID100005291,CID000005291,C0037763,,30.9%,0.309,0.309,PT,C0037763,Muscle spasms,FALSE,4.1,imatinib
CID100005291,CID000005291,C0037763,,49%,0.49,0.49,PT,C0037763,Muscle spasms,FALSE,4.1,imatinib
CID100005291,CID000005291,C0037763,,very common,0.1,1,PT,C0037763,Muscle spasms,FALSE,4.1,imatinib
CID100005291,CID000005291,C0037763,placebo,0%,0,0,PT,C0037763,Muscle spasms,TRUE,4.1,imatinib
CID100005291,CID000005291,C0037763,placebo,3.3%,0.033,0.033,PT,C0037763,Muscle spasms,TRUE,4.1,imatinib
CID100005291,CID000005291,C0151786,,rare,0,0.001,PT,C0151786,Muscular weakness,FALSE,4.1,imatinib
CID100005291,CID000005291,C0003862,,0%,0,0,PT,C0948594,Musculoskeletal discomfort,FALSE,4.1,imatinib
CID100005291,CID000005291,C0003862,,1%,0.01,0.01,PT,C0948594,Musculoskeletal discomfort,FALSE,4.1,imatinib
CID100005291,CID000005291,C0003862,,11%,0.11,0.11,PT,C0948594,Musculoskeletal discomfort,FALSE,4.1,imatinib
CID100005291,CID000005291,C0003862,,12.3%,0.123,0.123,PT,C0948594,Musculoskeletal discomfort,FALSE,4.1,imatinib
CID100005291,CID000005291,C0003862,,13.6%,0.136,0.136,PT,C0948594,Musculoskeletal discomfort,FALSE,4.1,imatinib
CID100005291,CID000005291,C0003862,,15%,0.15,0.15,PT,C0948594,Musculoskeletal discomfort,FALSE,4.1,imatinib
CID100005291,CID000005291,C0003862,,15.1%,0.151,0.151,PT,C0948594,Musculoskeletal discomfort,FALSE,4.1,imatinib
CID100005291,CID000005291,C0003862,,17.2%,0.172,0.172,PT,C0948594,Musculoskeletal discomfort,FALSE,4.1,imatinib
CID100005291,CID000005291,C0003862,,2.2%,0.022,0.022,PT,C0948594,Musculoskeletal discomfort,FALSE,4.1,imatinib
CID100005291,CID000005291,C0003862,,2.5%,0.025,0.025,PT,C0948594,Musculoskeletal discomfort,FALSE,4.1,imatinib
CID100005291,CID000005291,C0003862,,25%,0.25,0.25,PT,C0948594,Musculoskeletal discomfort,FALSE,4.1,imatinib
CID100005291,CID000005291,C0003862,,26.7%,0.267,0.267,PT,C0948594,Musculoskeletal discomfort,FALSE,4.1,imatinib
CID100005291,CID000005291,C0003862,,3%,0.03,0.03,PT,C0948594,Musculoskeletal discomfort,FALSE,4.1,imatinib
CID100005291,CID000005291,C0003862,,30.3%,0.303,0.303,PT,C0948594,Musculoskeletal discomfort,FALSE,4.1,imatinib
CID100005291,CID000005291,C0003862,,31%,0.31,0.31,PT,C0948594,Musculoskeletal discomfort,FALSE,4.1,imatinib
CID100005291,CID000005291,C0003862,,31.4%,0.314,0.314,PT,C0948594,Musculoskeletal discomfort,FALSE,4.1,imatinib
CID100005291,CID000005291,C0003862,,34%,0.34,0.34,PT,C0948594,Musculoskeletal discomfort,FALSE,4.1,imatinib
CID100005291,CID000005291,C0003862,,36%,0.36,0.36,PT,C0948594,Musculoskeletal discomfort,FALSE,4.1,imatinib
CID100005291,CID000005291,C0003862,,38.1%,0.381,0.381,PT,C0948594,Musculoskeletal discomfort,FALSE,4.1,imatinib
CID100005291,CID000005291,C0003862,,38.3%,0.383,0.383,PT,C0948594,Musculoskeletal discomfort,FALSE,4.1,imatinib
CID100005291,CID000005291,C0003862,,39.4%,0.394,0.394,PT,C0948594,Musculoskeletal discomfort,FALSE,4.1,imatinib
CID100005291,CID000005291,C0003862,,4%,0.04,0.04,PT,C0948594,Musculoskeletal discomfort,FALSE,4.1,imatinib
CID100005291,CID000005291,C0003862,,4.8%,0.048,0.048,PT,C0948594,Musculoskeletal discomfort,FALSE,4.1,imatinib
CID100005291,CID000005291,C0003862,,40%,0.4,0.4,PT,C0948594,Musculoskeletal discomfort,FALSE,4.1,imatinib
CID100005291,CID000005291,C0003862,,5%,0.05,0.05,PT,C0948594,Musculoskeletal discomfort,FALSE,4.1,imatinib
CID100005291,CID000005291,C0003862,,6%,0.06,0.06,PT,C0948594,Musculoskeletal discomfort,FALSE,4.1,imatinib
CID100005291,CID000005291,C0003862,,6.8%,0.068,0.068,PT,C0948594,Musculoskeletal discomfort,FALSE,4.1,imatinib
CID100005291,CID000005291,C0003862,,7.3%,0.073,0.073,PT,C0948594,Musculoskeletal discomfort,FALSE,4.1,imatinib
CID100005291,CID000005291,C0003862,,7.7%,0.077,0.077,PT,C0948594,Musculoskeletal discomfort,FALSE,4.1,imatinib
CID100005291,CID000005291,C0003862,,8.8%,0.088,0.088,PT,C0948594,Musculoskeletal discomfort,FALSE,4.1,imatinib
CID100005291,CID000005291,C0003862,,very common,0.1,1,PT,C0948594,Musculoskeletal discomfort,FALSE,4.1,imatinib
CID100005291,CID000005291,C0003862,placebo,0.3%,0.003,0.003,PT,C0948594,Musculoskeletal discomfort,TRUE,4.1,imatinib
CID100005291,CID000005291,C0003862,placebo,14.5%,0.145,0.145,PT,C0948594,Musculoskeletal discomfort,TRUE,4.1,imatinib
CID100005291,CID000005291,C0231528,,0%,0,0,PT,C0948594,Musculoskeletal discomfort,FALSE,4.1,imatinib
CID100005291,CID000005291,C0231528,,0.155%,0.0015456,0.0015456,PT,C0948594,Musculoskeletal discomfort,FALSE,4.1,imatinib
CID100005291,CID000005291,C0231528,,0.2%,0.002,0.002,PT,C0948594,Musculoskeletal discomfort,FALSE,4.1,imatinib
CID100005291,CID000005291,C0231528,,0.514%,0.00514139,0.00514139,PT,C0948594,Musculoskeletal discomfort,FALSE,4.1,imatinib
CID100005291,CID000005291,C0231528,,1%,0.01,0.01,PT,C0948594,Musculoskeletal discomfort,FALSE,4.1,imatinib
CID100005291,CID000005291,C0231528,,1.5%,0.015,0.015,PT,C0948594,Musculoskeletal discomfort,FALSE,4.1,imatinib
CID100005291,CID000005291,C0231528,,12.2%,0.122,0.122,PT,C0948594,Musculoskeletal discomfort,FALSE,4.1,imatinib
CID100005291,CID000005291,C0231528,,15.2%,0.152,0.152,PT,C0948594,Musculoskeletal discomfort,FALSE,4.1,imatinib
CID100005291,CID000005291,C0231528,,2%,0.02,0.02,PT,C0948594,Musculoskeletal discomfort,FALSE,4.1,imatinib
CID100005291,CID000005291,C0231528,,20.9%,0.209,0.209,PT,C0948594,Musculoskeletal discomfort,FALSE,4.1,imatinib
CID100005291,CID000005291,C0231528,,22%,0.22,0.22,PT,C0948594,Musculoskeletal discomfort,FALSE,4.1,imatinib
CID100005291,CID000005291,C0231528,,22.5%,0.225,0.225,PT,C0948594,Musculoskeletal discomfort,FALSE,4.1,imatinib
CID100005291,CID000005291,C0231528,,24%,0.24,0.24,PT,C0948594,Musculoskeletal discomfort,FALSE,4.1,imatinib
CID100005291,CID000005291,C0231528,,24.1%,0.241,0.241,PT,C0948594,Musculoskeletal discomfort,FALSE,4.1,imatinib
CID100005291,CID000005291,C0231528,,25%,0.25,0.25,PT,C0948594,Musculoskeletal discomfort,FALSE,4.1,imatinib
CID100005291,CID000005291,C0231528,,27%,0.27,0.27,PT,C0948594,Musculoskeletal discomfort,FALSE,4.1,imatinib
CID100005291,CID000005291,C0231528,,3.8%,0.038,0.038,PT,C0948594,Musculoskeletal discomfort,FALSE,4.1,imatinib
CID100005291,CID000005291,C0231528,,30.2%,0.302,0.302,PT,C0948594,Musculoskeletal discomfort,FALSE,4.1,imatinib
CID100005291,CID000005291,C0231528,,32.2%,0.322,0.322,PT,C0948594,Musculoskeletal discomfort,FALSE,4.1,imatinib
CID100005291,CID000005291,C0231528,,38.6%,0.386,0.386,PT,C0948594,Musculoskeletal discomfort,FALSE,4.1,imatinib
CID100005291,CID000005291,C0231528,,38.8%,0.388,0.388,PT,C0948594,Musculoskeletal discomfort,FALSE,4.1,imatinib
CID100005291,CID000005291,C0231528,,5.43%,0.0543478,0.0543478,PT,C0948594,Musculoskeletal discomfort,FALSE,4.1,imatinib
CID100005291,CID000005291,C0231528,,5.6%,0.056,0.056,PT,C0948594,Musculoskeletal discomfort,FALSE,4.1,imatinib
CID100005291,CID000005291,C0231528,,8%,0.08,0.08,PT,C0948594,Musculoskeletal discomfort,FALSE,4.1,imatinib
CID100005291,CID000005291,C0231528,,8.1%,0.081,0.081,PT,C0948594,Musculoskeletal discomfort,FALSE,4.1,imatinib
CID100005291,CID000005291,C0231528,,8.3%,0.083,0.083,PT,C0948594,Musculoskeletal discomfort,FALSE,4.1,imatinib
CID100005291,CID000005291,C0231528,,9%,0.09,0.09,PT,C0948594,Musculoskeletal discomfort,FALSE,4.1,imatinib
CID100005291,CID000005291,C0231528,,9.3%,0.093,0.093,PT,C0948594,Musculoskeletal discomfort,FALSE,4.1,imatinib
CID100005291,CID000005291,C0231528,,very common,0.1,1,PT,C0948594,Musculoskeletal discomfort,FALSE,4.1,imatinib
CID100005291,CID000005291,C0231528,placebo,0.3%,0.003,0.003,PT,C0948594,Musculoskeletal discomfort,TRUE,4.1,imatinib
CID100005291,CID000005291,C0231528,placebo,11.6%,0.116,0.116,PT,C0948594,Musculoskeletal discomfort,TRUE,4.1,imatinib
CID100005291,CID000005291,C0026858,,0%,0,0,PT,C0026858,Musculoskeletal pain,FALSE,4.1,imatinib
CID100005291,CID000005291,C0026858,,1%,0.01,0.01,PT,C0026858,Musculoskeletal pain,FALSE,4.1,imatinib
CID100005291,CID000005291,C0026858,,11%,0.11,0.11,PT,C0026858,Musculoskeletal pain,FALSE,4.1,imatinib
CID100005291,CID000005291,C0026858,,19%,0.19,0.19,PT,C0026858,Musculoskeletal pain,FALSE,4.1,imatinib
CID100005291,CID000005291,C0026858,,2%,0.02,0.02,PT,C0026858,Musculoskeletal pain,FALSE,4.1,imatinib
CID100005291,CID000005291,C0026858,,2.7%,0.027,0.027,PT,C0026858,Musculoskeletal pain,FALSE,4.1,imatinib
CID100005291,CID000005291,C0026858,,3%,0.03,0.03,PT,C0026858,Musculoskeletal pain,FALSE,4.1,imatinib
CID100005291,CID000005291,C0026858,,3.4%,0.034,0.034,PT,C0026858,Musculoskeletal pain,FALSE,4.1,imatinib
CID100005291,CID000005291,C0026858,,30%,0.3,0.3,PT,C0026858,Musculoskeletal pain,FALSE,4.1,imatinib
CID100005291,CID000005291,C0026858,,33.3%,0.333,0.333,PT,C0026858,Musculoskeletal pain,FALSE,4.1,imatinib
CID100005291,CID000005291,C0026858,,33.6%,0.336,0.336,PT,C0026858,Musculoskeletal pain,FALSE,4.1,imatinib
CID100005291,CID000005291,C0026858,,35%,0.35,0.35,PT,C0026858,Musculoskeletal pain,FALSE,4.1,imatinib
CID100005291,CID000005291,C0026858,,37%,0.37,0.37,PT,C0026858,Musculoskeletal pain,FALSE,4.1,imatinib
CID100005291,CID000005291,C0026858,,38%,0.38,0.38,PT,C0026858,Musculoskeletal pain,FALSE,4.1,imatinib
CID100005291,CID000005291,C0026858,,39.2%,0.392,0.392,PT,C0026858,Musculoskeletal pain,FALSE,4.1,imatinib
CID100005291,CID000005291,C0026858,,40.5%,0.405,0.405,PT,C0026858,Musculoskeletal pain,FALSE,4.1,imatinib
CID100005291,CID000005291,C0026858,,42%,0.42,0.42,PT,C0026858,Musculoskeletal pain,FALSE,4.1,imatinib
CID100005291,CID000005291,C0026858,,43%,0.43,0.43,PT,C0026858,Musculoskeletal pain,FALSE,4.1,imatinib
CID100005291,CID000005291,C0026858,,44.1%,0.441,0.441,PT,C0026858,Musculoskeletal pain,FALSE,4.1,imatinib
CID100005291,CID000005291,C0026858,,44.8%,0.448,0.448,PT,C0026858,Musculoskeletal pain,FALSE,4.1,imatinib
CID100005291,CID000005291,C0026858,,46%,0.46,0.46,PT,C0026858,Musculoskeletal pain,FALSE,4.1,imatinib
CID100005291,CID000005291,C0026858,,47%,0.47,0.47,PT,C0026858,Musculoskeletal pain,FALSE,4.1,imatinib
CID100005291,CID000005291,C0026858,,49%,0.49,0.49,PT,C0026858,Musculoskeletal pain,FALSE,4.1,imatinib
CID100005291,CID000005291,C0026858,,5.4%,0.054,0.054,PT,C0026858,Musculoskeletal pain,FALSE,4.1,imatinib
CID100005291,CID000005291,C0026858,,6%,0.06,0.06,PT,C0026858,Musculoskeletal pain,FALSE,4.1,imatinib
CID100005291,CID000005291,C0026858,,7.7%,0.077,0.077,PT,C0026858,Musculoskeletal pain,FALSE,4.1,imatinib
CID100005291,CID000005291,C0026858,,8.1%,0.081,0.081,PT,C0026858,Musculoskeletal pain,FALSE,4.1,imatinib
CID100005291,CID000005291,C0026858,,8.6%,0.086,0.086,PT,C0026858,Musculoskeletal pain,FALSE,4.1,imatinib
CID100005291,CID000005291,C0026858,,9%,0.09,0.09,PT,C0026858,Musculoskeletal pain,FALSE,4.1,imatinib
CID100005291,CID000005291,C0026858,,very common,0.1,1,PT,C0026858,Musculoskeletal pain,FALSE,4.1,imatinib
CID100005291,CID000005291,C0221170,,infrequent,0.001,0.01,PT,C0948525,Musculoskeletal stiffness,FALSE,4.1,imatinib
CID100005291,CID000005291,C0221170,,uncommon,0.001,0.01,PT,C0948525,Musculoskeletal stiffness,FALSE,4.1,imatinib
CID100005291,CID000005291,C0231528,,0%,0,0,PT,C0231528,Myalgia,FALSE,4.1,imatinib
CID100005291,CID000005291,C0231528,,0.155%,0.0015456,0.0015456,PT,C0231528,Myalgia,FALSE,4.1,imatinib
CID100005291,CID000005291,C0231528,,0.2%,0.002,0.002,PT,C0231528,Myalgia,FALSE,4.1,imatinib
CID100005291,CID000005291,C0231528,,0.514%,0.00514139,0.00514139,PT,C0231528,Myalgia,FALSE,4.1,imatinib
CID100005291,CID000005291,C0231528,,1%,0.01,0.01,PT,C0231528,Myalgia,FALSE,4.1,imatinib
CID100005291,CID000005291,C0231528,,1.5%,0.015,0.015,PT,C0231528,Myalgia,FALSE,4.1,imatinib
CID100005291,CID000005291,C0231528,,12.2%,0.122,0.122,PT,C0231528,Myalgia,FALSE,4.1,imatinib
CID100005291,CID000005291,C0231528,,15.2%,0.152,0.152,PT,C0231528,Myalgia,FALSE,4.1,imatinib
CID100005291,CID000005291,C0231528,,2%,0.02,0.02,PT,C0231528,Myalgia,FALSE,4.1,imatinib
CID100005291,CID000005291,C0231528,,20.9%,0.209,0.209,PT,C0231528,Myalgia,FALSE,4.1,imatinib
CID100005291,CID000005291,C0231528,,22%,0.22,0.22,PT,C0231528,Myalgia,FALSE,4.1,imatinib
CID100005291,CID000005291,C0231528,,22.5%,0.225,0.225,PT,C0231528,Myalgia,FALSE,4.1,imatinib
CID100005291,CID000005291,C0231528,,24%,0.24,0.24,PT,C0231528,Myalgia,FALSE,4.1,imatinib
CID100005291,CID000005291,C0231528,,24.1%,0.241,0.241,PT,C0231528,Myalgia,FALSE,4.1,imatinib
CID100005291,CID000005291,C0231528,,25%,0.25,0.25,PT,C0231528,Myalgia,FALSE,4.1,imatinib
CID100005291,CID000005291,C0231528,,27%,0.27,0.27,PT,C0231528,Myalgia,FALSE,4.1,imatinib
CID100005291,CID000005291,C0231528,,3.8%,0.038,0.038,PT,C0231528,Myalgia,FALSE,4.1,imatinib
CID100005291,CID000005291,C0231528,,30.2%,0.302,0.302,PT,C0231528,Myalgia,FALSE,4.1,imatinib
CID100005291,CID000005291,C0231528,,32.2%,0.322,0.322,PT,C0231528,Myalgia,FALSE,4.1,imatinib
CID100005291,CID000005291,C0231528,,38.6%,0.386,0.386,PT,C0231528,Myalgia,FALSE,4.1,imatinib
CID100005291,CID000005291,C0231528,,38.8%,0.388,0.388,PT,C0231528,Myalgia,FALSE,4.1,imatinib
CID100005291,CID000005291,C0231528,,5.43%,0.0543478,0.0543478,PT,C0231528,Myalgia,FALSE,4.1,imatinib
CID100005291,CID000005291,C0231528,,5.6%,0.056,0.056,PT,C0231528,Myalgia,FALSE,4.1,imatinib
CID100005291,CID000005291,C0231528,,8%,0.08,0.08,PT,C0231528,Myalgia,FALSE,4.1,imatinib
CID100005291,CID000005291,C0231528,,8.1%,0.081,0.081,PT,C0231528,Myalgia,FALSE,4.1,imatinib
CID100005291,CID000005291,C0231528,,8.3%,0.083,0.083,PT,C0231528,Myalgia,FALSE,4.1,imatinib
CID100005291,CID000005291,C0231528,,9%,0.09,0.09,PT,C0231528,Myalgia,FALSE,4.1,imatinib
CID100005291,CID000005291,C0231528,,9.3%,0.093,0.093,PT,C0231528,Myalgia,FALSE,4.1,imatinib
CID100005291,CID000005291,C0231528,,very common,0.1,1,PT,C0231528,Myalgia,FALSE,4.1,imatinib
CID100005291,CID000005291,C0231528,placebo,0.3%,0.003,0.003,PT,C0231528,Myalgia,TRUE,4.1,imatinib
CID100005291,CID000005291,C0231528,placebo,11.6%,0.116,0.116,PT,C0231528,Myalgia,TRUE,4.1,imatinib
CID100005291,CID000005291,C0027051,,rare,0,0.001,PT,C0027051,Myocardial infarction,FALSE,4.1,imatinib
CID100005291,CID000005291,C0026848,,postmarketing,0,0.001,PT,C0026848,Myopathy,FALSE,4.1,imatinib
CID100005291,CID000005291,C0026848,,rare,0,0.001,PT,C0026848,Myopathy,FALSE,4.1,imatinib
CID100005291,CID000005291,C0221345,,rare,0,0.001,PT,C0221345,Nail discolouration,FALSE,4.1,imatinib
CID100005291,CID000005291,C0027339,,infrequent,0.001,0.01,PT,C0027339,Nail disorder,FALSE,4.1,imatinib
CID100005291,CID000005291,C0027441,,0%,0,0,PT,C0027441,Nasopharyngitis,FALSE,4.1,imatinib
CID100005291,CID000005291,C0027441,,0.2%,0.002,0.002,PT,C0027441,Nasopharyngitis,FALSE,4.1,imatinib
CID100005291,CID000005291,C0027441,,0.4%,0.004,0.004,PT,C0027441,Nasopharyngitis,FALSE,4.1,imatinib
CID100005291,CID000005291,C0027441,,0.5%,0.005,0.005,PT,C0027441,Nasopharyngitis,FALSE,4.1,imatinib
CID100005291,CID000005291,C0027441,,1%,0.01,0.01,PT,C0027441,Nasopharyngitis,FALSE,4.1,imatinib
CID100005291,CID000005291,C0027441,,10%,0.1,0.1,PT,C0027441,Nasopharyngitis,FALSE,4.1,imatinib
CID100005291,CID000005291,C0027441,,12%,0.12,0.12,PT,C0027441,Nasopharyngitis,FALSE,4.1,imatinib
CID100005291,CID000005291,C0027441,,14%,0.14,0.14,PT,C0027441,Nasopharyngitis,FALSE,4.1,imatinib
CID100005291,CID000005291,C0027441,,16%,0.16,0.16,PT,C0027441,Nasopharyngitis,FALSE,4.1,imatinib
CID100005291,CID000005291,C0027441,,17%,0.17,0.17,PT,C0027441,Nasopharyngitis,FALSE,4.1,imatinib
CID100005291,CID000005291,C0027441,,18%,0.18,0.18,PT,C0027441,Nasopharyngitis,FALSE,4.1,imatinib
CID100005291,CID000005291,C0027441,,19.2%,0.192,0.192,PT,C0027441,Nasopharyngitis,FALSE,4.1,imatinib
CID100005291,CID000005291,C0027441,,21%,0.21,0.21,PT,C0027441,Nasopharyngitis,FALSE,4.1,imatinib
CID100005291,CID000005291,C0027441,,22%,0.22,0.22,PT,C0027441,Nasopharyngitis,FALSE,4.1,imatinib
CID100005291,CID000005291,C0027441,,23.8%,0.238,0.238,PT,C0027441,Nasopharyngitis,FALSE,4.1,imatinib
CID100005291,CID000005291,C0027441,,26.9%,0.269,0.269,PT,C0027441,Nasopharyngitis,FALSE,4.1,imatinib
CID100005291,CID000005291,C0027441,,27%,0.27,0.27,PT,C0027441,Nasopharyngitis,FALSE,4.1,imatinib
CID100005291,CID000005291,C0027441,,30.5%,0.305,0.305,PT,C0027441,Nasopharyngitis,FALSE,4.1,imatinib
CID100005291,CID000005291,C0027441,,6.1%,0.061,0.061,PT,C0027441,Nasopharyngitis,FALSE,4.1,imatinib
CID100005291,CID000005291,C0027441,,7.7%,0.077,0.077,PT,C0027441,Nasopharyngitis,FALSE,4.1,imatinib
CID100005291,CID000005291,C0027441,,8%,0.08,0.08,PT,C0027441,Nasopharyngitis,FALSE,4.1,imatinib
CID100005291,CID000005291,C0027441,,8.4%,0.084,0.084,PT,C0027441,Nasopharyngitis,FALSE,4.1,imatinib
CID100005291,CID000005291,C0027441,,8.8%,0.088,0.088,PT,C0027441,Nasopharyngitis,FALSE,4.1,imatinib
CID100005291,CID000005291,C0027441,,uncommon,0.001,0.01,PT,C0027441,Nasopharyngitis,FALSE,4.1,imatinib
CID100005291,CID000005291,C0027497,,0.4%,0.004,0.004,PT,C0027497,Nausea,FALSE,4.1,imatinib
CID100005291,CID000005291,C0027497,,0.5%,0.005,0.005,PT,C0027497,Nausea,FALSE,4.1,imatinib
CID100005291,CID000005291,C0027497,,0.9%,0.009,0.009,PT,C0027497,Nausea,FALSE,4.1,imatinib
CID100005291,CID000005291,C0027497,,1.24%,0.0123648,0.0123648,PT,C0027497,Nausea,FALSE,4.1,imatinib
CID100005291,CID000005291,C0027497,,1.3%,0.013,0.013,PT,C0027497,Nausea,FALSE,4.1,imatinib
CID100005291,CID000005291,C0027497,,1.5%,0.015,0.015,PT,C0027497,Nausea,FALSE,4.1,imatinib
CID100005291,CID000005291,C0027497,,16.3%,0.163043,0.163043,PT,C0027497,Nausea,FALSE,4.1,imatinib
CID100005291,CID000005291,C0027497,,2%,0.02,0.02,PT,C0027497,Nausea,FALSE,4.1,imatinib
CID100005291,CID000005291,C0027497,,2.4%,0.024,0.024,PT,C0027497,Nausea,FALSE,4.1,imatinib
CID100005291,CID000005291,C0027497,,3%,0.03,0.03,PT,C0027497,Nausea,FALSE,4.1,imatinib
CID100005291,CID000005291,C0027497,,3.6%,0.0359897,0.0359897,PT,C0027497,Nausea,FALSE,4.1,imatinib
CID100005291,CID000005291,C0027497,,4%,0.04,0.04,PT,C0027497,Nausea,FALSE,4.1,imatinib
CID100005291,CID000005291,C0027497,,42.5%,0.425,0.425,PT,C0027497,Nausea,FALSE,4.1,imatinib
CID100005291,CID000005291,C0027497,,44.8%,0.448,0.448,PT,C0027497,Nausea,FALSE,4.1,imatinib
CID100005291,CID000005291,C0027497,,47%,0.47,0.47,PT,C0027497,Nausea,FALSE,4.1,imatinib
CID100005291,CID000005291,C0027497,,49.5%,0.495,0.495,PT,C0027497,Nausea,FALSE,4.1,imatinib
CID100005291,CID000005291,C0027497,,5%,0.05,0.05,PT,C0027497,Nausea,FALSE,4.1,imatinib
CID100005291,CID000005291,C0027497,,5.1%,0.051,0.051,PT,C0027497,Nausea,FALSE,4.1,imatinib
CID100005291,CID000005291,C0027497,,51%,0.51,0.51,PT,C0027497,Nausea,FALSE,4.1,imatinib
CID100005291,CID000005291,C0027497,,53%,0.53,0.53,PT,C0027497,Nausea,FALSE,4.1,imatinib
CID100005291,CID000005291,C0027497,,53.1%,0.531,0.531,PT,C0027497,Nausea,FALSE,4.1,imatinib
CID100005291,CID000005291,C0027497,,56%,0.56,0.56,PT,C0027497,Nausea,FALSE,4.1,imatinib
CID100005291,CID000005291,C0027497,,58.1%,0.581,0.581,PT,C0027497,Nausea,FALSE,4.1,imatinib
CID100005291,CID000005291,C0027497,,6%,0.06,0.06,PT,C0027497,Nausea,FALSE,4.1,imatinib
CID100005291,CID000005291,C0027497,,60%,0.6,0.6,PT,C0027497,Nausea,FALSE,4.1,imatinib
CID100005291,CID000005291,C0027497,,60.8%,0.608,0.608,PT,C0027497,Nausea,FALSE,4.1,imatinib
CID100005291,CID000005291,C0027497,,61.5%,0.615,0.615,PT,C0027497,Nausea,FALSE,4.1,imatinib
CID100005291,CID000005291,C0027497,,63%,0.63,0.63,PT,C0027497,Nausea,FALSE,4.1,imatinib
CID100005291,CID000005291,C0027497,,64.5%,0.645,0.645,PT,C0027497,Nausea,FALSE,4.1,imatinib
CID100005291,CID000005291,C0027497,,7.8%,0.078,0.078,PT,C0027497,Nausea,FALSE,4.1,imatinib
CID100005291,CID000005291,C0027497,,70%,0.7,0.7,PT,C0027497,Nausea,FALSE,4.1,imatinib
CID100005291,CID000005291,C0027497,,71%,0.71,0.71,PT,C0027497,Nausea,FALSE,4.1,imatinib
CID100005291,CID000005291,C0027497,,73%,0.73,0.73,PT,C0027497,Nausea,FALSE,4.1,imatinib
CID100005291,CID000005291,C0027497,,74%,0.74,0.74,PT,C0027497,Nausea,FALSE,4.1,imatinib
CID100005291,CID000005291,C0027497,,9%,0.09,0.09,PT,C0027497,Nausea,FALSE,4.1,imatinib
CID100005291,CID000005291,C0027497,,9.23%,0.0923077,0.0923077,PT,C0027497,Nausea,FALSE,4.1,imatinib
CID100005291,CID000005291,C0027497,,very common,0.1,1,PT,C0027497,Nausea,FALSE,4.1,imatinib
CID100005291,CID000005291,C0027497,placebo,1.2%,0.012,0.012,PT,C0027497,Nausea,TRUE,4.1,imatinib
CID100005291,CID000005291,C0027497,placebo,27.8%,0.278,0.278,PT,C0027497,Nausea,TRUE,4.1,imatinib
CID100005291,CID000005291,C0027540,,postmarketing,0,0.001,PT,C0027540,Necrosis,FALSE,4.1,imatinib
CID100005291,CID000005291,C0027543,,postmarketing,0,0.001,PT,C0027543,Necrosis ischaemic,FALSE,4.1,imatinib
CID100005291,CID000005291,C0027543,,rare,0,0.001,PT,C0027543,Necrosis ischaemic,FALSE,4.1,imatinib
CID100005291,CID000005291,C0027651,,20.4%,0.204,0.204,PT,C0027651,Neoplasm,FALSE,4.1,imatinib
CID100005291,CID000005291,C0027651,,20.8%,0.208,0.208,PT,C0027651,Neoplasm,FALSE,4.1,imatinib
CID100005291,CID000005291,C0027651,,5%,0.05,0.05,PT,C0027651,Neoplasm,FALSE,4.1,imatinib
CID100005291,CID000005291,C0027651,,5.9%,0.059,0.059,PT,C0027651,Neoplasm,FALSE,4.1,imatinib
CID100005291,CID000005291,C0027651,,postmarketing,0,0.001,PT,C0027651,Neoplasm,FALSE,4.1,imatinib
CID100005291,CID000005291,C0006826,,79%,0.79,0.79,PT,C0006826,Neoplasm malignant,FALSE,4.1,imatinib
CID100005291,CID000005291,C0006826,,91.2%,0.9116,0.9116,PT,C0006826,Neoplasm malignant,FALSE,4.1,imatinib
CID100005291,CID000005291,C0027765,,postmarketing,0,0.001,PT,C0027765,Nervous system disorder,FALSE,4.1,imatinib
CID100005291,CID000005291,C0031117,,0%,0,0,PT,C0031117,Neuropathy peripheral,FALSE,4.1,imatinib
CID100005291,CID000005291,C0031117,,5.9%,0.059,0.059,PT,C0031117,Neuropathy peripheral,FALSE,4.1,imatinib
CID100005291,CID000005291,C0031117,,infrequent,0.001,0.01,PT,C0031117,Neuropathy peripheral,FALSE,4.1,imatinib
CID100005291,CID000005291,C0031117,,uncommon,0.001,0.01,PT,C0031117,Neuropathy peripheral,FALSE,4.1,imatinib
CID100005291,CID000005291,C0031117,placebo,0%,0,0,PT,C0031117,Neuropathy peripheral,TRUE,4.1,imatinib
CID100005291,CID000005291,C0031117,placebo,6.4%,0.064,0.064,PT,C0031117,Neuropathy peripheral,TRUE,4.1,imatinib
CID100005291,CID000005291,C0027947,,0%,0,0,PT,C0027947,Neutropenia,FALSE,4.1,imatinib
CID100005291,CID000005291,C0027947,,100%,1,1,PT,C0027947,Neutropenia,FALSE,4.1,imatinib
CID100005291,CID000005291,C0027947,,11.5%,0.115,0.115,PT,C0027947,Neutropenia,FALSE,4.1,imatinib
CID100005291,CID000005291,C0027947,,12.9%,0.129,0.129,PT,C0027947,Neutropenia,FALSE,4.1,imatinib
CID100005291,CID000005291,C0027947,,13.1%,0.131,0.131,PT,C0027947,Neutropenia,FALSE,4.1,imatinib
CID100005291,CID000005291,C0027947,,13.2%,0.132,0.132,PT,C0027947,Neutropenia,FALSE,4.1,imatinib
CID100005291,CID000005291,C0027947,,15.5%,0.155,0.155,PT,C0027947,Neutropenia,FALSE,4.1,imatinib
CID100005291,CID000005291,C0027947,,16%,0.16,0.16,PT,C0027947,Neutropenia,FALSE,4.1,imatinib
CID100005291,CID000005291,C0027947,,16.1%,0.161,0.161,PT,C0027947,Neutropenia,FALSE,4.1,imatinib
CID100005291,CID000005291,C0027947,,16.5%,0.165,0.165,PT,C0027947,Neutropenia,FALSE,4.1,imatinib
CID100005291,CID000005291,C0027947,,20.8%,0.208,0.208,PT,C0027947,Neutropenia,FALSE,4.1,imatinib
CID100005291,CID000005291,C0027947,,23%,0.23,0.23,PT,C0027947,Neutropenia,FALSE,4.1,imatinib
CID100005291,CID000005291,C0027947,,24%,0.24,0.24,PT,C0027947,Neutropenia,FALSE,4.1,imatinib
CID100005291,CID000005291,C0027947,,25%,0.25,0.25,PT,C0027947,Neutropenia,FALSE,4.1,imatinib
CID100005291,CID000005291,C0027947,,27%,0.27,0.27,PT,C0027947,Neutropenia,FALSE,4.1,imatinib
CID100005291,CID000005291,C0027947,,3%,0.03,0.03,PT,C0027947,Neutropenia,FALSE,4.1,imatinib
CID100005291,CID000005291,C0027947,,3.1%,0.031,0.031,PT,C0027947,Neutropenia,FALSE,4.1,imatinib
CID100005291,CID000005291,C0027947,,3.4%,0.034,0.034,PT,C0027947,Neutropenia,FALSE,4.1,imatinib
CID100005291,CID000005291,C0027947,,3.6%,0.036,0.036,PT,C0027947,Neutropenia,FALSE,4.1,imatinib
CID100005291,CID000005291,C0027947,,33.7%,0.33694,0.33694,PT,C0027947,Neutropenia,FALSE,4.1,imatinib
CID100005291,CID000005291,C0027947,,34%,0.34,0.34,PT,C0027947,Neutropenia,FALSE,4.1,imatinib
CID100005291,CID000005291,C0027947,,36%,0.36,0.36,PT,C0027947,Neutropenia,FALSE,4.1,imatinib
CID100005291,CID000005291,C0027947,,4%,0.04,0.04,PT,C0027947,Neutropenia,FALSE,4.1,imatinib
CID100005291,CID000005291,C0027947,,4.1%,0.041,0.041,PT,C0027947,Neutropenia,FALSE,4.1,imatinib
CID100005291,CID000005291,C0027947,,4.5%,0.045,0.045,PT,C0027947,Neutropenia,FALSE,4.1,imatinib
CID100005291,CID000005291,C0027947,,4.9%,0.049,0.049,PT,C0027947,Neutropenia,FALSE,4.1,imatinib
CID100005291,CID000005291,C0027947,,46%,0.46,0.46,PT,C0027947,Neutropenia,FALSE,4.1,imatinib
CID100005291,CID000005291,C0027947,,48%,0.48,0.48,PT,C0027947,Neutropenia,FALSE,4.1,imatinib
CID100005291,CID000005291,C0027947,,5%,0.05,0.05,PT,C0027947,Neutropenia,FALSE,4.1,imatinib
CID100005291,CID000005291,C0027947,,5.6%,0.056,0.056,PT,C0027947,Neutropenia,FALSE,4.1,imatinib
CID100005291,CID000005291,C0027947,,6.6%,0.066,0.066,PT,C0027947,Neutropenia,FALSE,4.1,imatinib
CID100005291,CID000005291,C0027947,,7%,0.07,0.07,PT,C0027947,Neutropenia,FALSE,4.1,imatinib
CID100005291,CID000005291,C0027947,,71.5%,0.714653,0.714653,PT,C0027947,Neutropenia,FALSE,4.1,imatinib
CID100005291,CID000005291,C0027947,,8%,0.08,0.08,PT,C0027947,Neutropenia,FALSE,4.1,imatinib
CID100005291,CID000005291,C0027947,,9%,0.09,0.09,PT,C0027947,Neutropenia,FALSE,4.1,imatinib
CID100005291,CID000005291,C0027947,,96.9%,0.969231,0.969231,PT,C0027947,Neutropenia,FALSE,4.1,imatinib
CID100005291,CID000005291,C0027947,,postmarketing,0,0.001,PT,C0027947,Neutropenia,FALSE,4.1,imatinib
CID100005291,CID000005291,C0027947,,very common,0.1,1,PT,C0027947,Neutropenia,FALSE,4.1,imatinib
CID100005291,CID000005291,C0853697,,16%,0.16,0.16,PT,C0853697,Neutrophil count decreased,FALSE,4.1,imatinib
CID100005291,CID000005291,C0853697,,24.2%,0.242,0.242,PT,C0853697,Neutrophil count decreased,FALSE,4.1,imatinib
CID100005291,CID000005291,C0853697,,3.3%,0.033,0.033,PT,C0853697,Neutrophil count decreased,FALSE,4.1,imatinib
CID100005291,CID000005291,C0853697,,33.3%,0.333,0.333,PT,C0853697,Neutrophil count decreased,FALSE,4.1,imatinib
CID100005291,CID000005291,C0853697,,4.6%,0.046,0.046,PT,C0853697,Neutrophil count decreased,FALSE,4.1,imatinib
CID100005291,CID000005291,C0853697,,5.1%,0.051,0.051,PT,C0853697,Neutrophil count decreased,FALSE,4.1,imatinib
CID100005291,CID000005291,C0853697,placebo,0.9%,0.009,0.009,PT,C0853697,Neutrophil count decreased,TRUE,4.1,imatinib
CID100005291,CID000005291,C0853697,placebo,6.1%,0.061,0.061,PT,C0853697,Neutrophil count decreased,TRUE,4.1,imatinib
CID100005291,CID000005291,C0028081,,0.2%,0.002,0.002,PT,C0028081,Night sweats,FALSE,4.1,imatinib
CID100005291,CID000005291,C0028081,,0.4%,0.004,0.004,PT,C0028081,Night sweats,FALSE,4.1,imatinib
CID100005291,CID000005291,C0028081,,0.8%,0.008,0.008,PT,C0028081,Night sweats,FALSE,4.1,imatinib
CID100005291,CID000005291,C0028081,,1%,0.01,0.01,PT,C0028081,Night sweats,FALSE,4.1,imatinib
CID100005291,CID000005291,C0028081,,10%,0.1,0.1,PT,C0028081,Night sweats,FALSE,4.1,imatinib
CID100005291,CID000005291,C0028081,,12%,0.12,0.12,PT,C0028081,Night sweats,FALSE,4.1,imatinib
CID100005291,CID000005291,C0028081,,13%,0.13,0.13,PT,C0028081,Night sweats,FALSE,4.1,imatinib
CID100005291,CID000005291,C0028081,,14%,0.14,0.14,PT,C0028081,Night sweats,FALSE,4.1,imatinib
CID100005291,CID000005291,C0028081,,15.8%,0.158,0.158,PT,C0028081,Night sweats,FALSE,4.1,imatinib
CID100005291,CID000005291,C0028081,,17%,0.17,0.17,PT,C0028081,Night sweats,FALSE,4.1,imatinib
CID100005291,CID000005291,C0028081,,9.8%,0.098,0.098,PT,C0028081,Night sweats,FALSE,4.1,imatinib
CID100005291,CID000005291,C0028081,,common,0.01,1,PT,C0028081,Night sweats,FALSE,4.1,imatinib
CID100005291,CID000005291,C0240515,,uncommon,0.001,0.01,PT,C0240515,Nipple pain,FALSE,4.1,imatinib
CID100005291,CID000005291,C0013604,,0%,0,0,PT,C0013604,Oedema,FALSE,4.1,imatinib
CID100005291,CID000005291,C0013604,,0.4%,0.004,0.004,PT,C0013604,Oedema,FALSE,4.1,imatinib
CID100005291,CID000005291,C0013604,,0.5%,0.005,0.005,PT,C0013604,Oedema,FALSE,4.1,imatinib
CID100005291,CID000005291,C0013604,,0.9%,0.009,0.009,PT,C0013604,Oedema,FALSE,4.1,imatinib
CID100005291,CID000005291,C0013604,,1.1%,0.011,0.011,PT,C0013604,Oedema,FALSE,4.1,imatinib
CID100005291,CID000005291,C0013604,,1.5%,0.015,0.015,PT,C0013604,Oedema,FALSE,4.1,imatinib
CID100005291,CID000005291,C0013604,,10.8%,0.108,0.108,PT,C0013604,Oedema,FALSE,4.1,imatinib
CID100005291,CID000005291,C0013604,,13.1%,0.131,0.131,PT,C0013604,Oedema,FALSE,4.1,imatinib
CID100005291,CID000005291,C0013604,,19.7%,0.197,0.197,PT,C0013604,Oedema,FALSE,4.1,imatinib
CID100005291,CID000005291,C0013604,,2%,0.02,0.02,PT,C0013604,Oedema,FALSE,4.1,imatinib
CID100005291,CID000005291,C0013604,,3%,0.03,0.03,PT,C0013604,Oedema,FALSE,4.1,imatinib
CID100005291,CID000005291,C0013604,,4%,0.04,0.04,PT,C0013604,Oedema,FALSE,4.1,imatinib
CID100005291,CID000005291,C0013604,,5%,0.05,0.05,PT,C0013604,Oedema,FALSE,4.1,imatinib
CID100005291,CID000005291,C0013604,,53.2%,0.532,0.532,PT,C0013604,Oedema,FALSE,4.1,imatinib
CID100005291,CID000005291,C0013604,,57.5%,0.575,0.575,PT,C0013604,Oedema,FALSE,4.1,imatinib
CID100005291,CID000005291,C0013604,,59.9%,0.599,0.599,PT,C0013604,Oedema,FALSE,4.1,imatinib
CID100005291,CID000005291,C0013604,,6%,0.06,0.06,PT,C0013604,Oedema,FALSE,4.1,imatinib
CID100005291,CID000005291,C0013604,,64%,0.64,0.64,PT,C0013604,Oedema,FALSE,4.1,imatinib
CID100005291,CID000005291,C0013604,,66%,0.66,0.66,PT,C0013604,Oedema,FALSE,4.1,imatinib
CID100005291,CID000005291,C0013604,,67%,0.67,0.67,PT,C0013604,Oedema,FALSE,4.1,imatinib
CID100005291,CID000005291,C0013604,,71%,0.71,0.71,PT,C0013604,Oedema,FALSE,4.1,imatinib
CID100005291,CID000005291,C0013604,,74%,0.74,0.74,PT,C0013604,Oedema,FALSE,4.1,imatinib
CID100005291,CID000005291,C0013604,,76.7%,0.767,0.767,PT,C0013604,Oedema,FALSE,4.1,imatinib
CID100005291,CID000005291,C0013604,,77%,0.77,0.77,PT,C0013604,Oedema,FALSE,4.1,imatinib
CID100005291,CID000005291,C0013604,,8.8%,0.088,0.088,PT,C0013604,Oedema,FALSE,4.1,imatinib
CID100005291,CID000005291,C0013604,,81%,0.81,0.81,PT,C0013604,Oedema,FALSE,4.1,imatinib
CID100005291,CID000005291,C0013604,,86.1%,0.861,0.861,PT,C0013604,Oedema,FALSE,4.1,imatinib
CID100005291,CID000005291,C0013604,,9%,0.09,0.09,PT,C0013604,Oedema,FALSE,4.1,imatinib
CID100005291,CID000005291,C0013604,,9.2%,0.092,0.092,PT,C0013604,Oedema,FALSE,4.1,imatinib
CID100005291,CID000005291,C0013604,,9.6%,0.096,0.096,PT,C0013604,Oedema,FALSE,4.1,imatinib
CID100005291,CID000005291,C0013604,,very common,0.1,1,PT,C0013604,Oedema,FALSE,4.1,imatinib
CID100005291,CID000005291,C0085649,,0.3%,0.003,0.003,PT,C0085649,Oedema peripheral,FALSE,4.1,imatinib
CID100005291,CID000005291,C0085649,,0.5%,0.005,0.005,PT,C0085649,Oedema peripheral,FALSE,4.1,imatinib
CID100005291,CID000005291,C0085649,,1%,0.01,0.01,PT,C0085649,Oedema peripheral,FALSE,4.1,imatinib
CID100005291,CID000005291,C0085649,,26.7%,0.267,0.267,PT,C0085649,Oedema peripheral,FALSE,4.1,imatinib
CID100005291,CID000005291,C0085649,,33%,0.33,0.33,PT,C0085649,Oedema peripheral,FALSE,4.1,imatinib
CID100005291,CID000005291,C0085649,,40.9%,0.409,0.409,PT,C0085649,Oedema peripheral,FALSE,4.1,imatinib
CID100005291,CID000005291,C0085649,placebo,0%,0,0,PT,C0085649,Oedema peripheral,TRUE,4.1,imatinib
CID100005291,CID000005291,C0085649,placebo,14.8%,0.148,0.148,PT,C0085649,Oedema peripheral,TRUE,4.1,imatinib
CID100005291,CID000005291,C0014868,,uncommon,0.001,0.01,PT,C0014868,Oesophagitis,FALSE,4.1,imatinib
CID100005291,CID000005291,C0546956,,uncommon,0.001,0.01,PT,C0546956,Onychoclasis,FALSE,4.1,imatinib
CID100005291,CID000005291,C0029134,,rare,0,0.001,PT,C0029134,Optic neuritis,FALSE,4.1,imatinib
CID100005291,CID000005291,C0030353,,postmarketing,0,0.001,PT,C0029134,Optic neuritis,FALSE,4.1,imatinib
CID100005291,CID000005291,C0030353,,rare,0,0.001,PT,C0029134,Optic neuritis,FALSE,4.1,imatinib
CID100005291,CID000005291,C0424813,,uncommon,0.001,0.01,PT,C0424813,Orbital oedema,FALSE,4.1,imatinib
CID100005291,CID000005291,C0242429,,0%,0,0,PT,C2363730,Oropharyngeal discomfort,FALSE,4.1,imatinib
CID100005291,CID000005291,C0242429,,11%,0.11,0.11,PT,C2363730,Oropharyngeal discomfort,FALSE,4.1,imatinib
CID100005291,CID000005291,C0242429,,8%,0.08,0.08,PT,C2363730,Oropharyngeal discomfort,FALSE,4.1,imatinib
CID100005291,CID000005291,C0242429,,0%,0,0,PT,C2363731,Oropharyngeal pain,FALSE,4.1,imatinib
CID100005291,CID000005291,C0242429,,11%,0.11,0.11,PT,C2363731,Oropharyngeal pain,FALSE,4.1,imatinib
CID100005291,CID000005291,C0242429,,8%,0.08,0.08,PT,C2363731,Oropharyngeal pain,FALSE,4.1,imatinib
CID100005291,CID000005291,C0027543,,postmarketing,0,0.001,PT,C0029445,Osteonecrosis,FALSE,4.1,imatinib
CID100005291,CID000005291,C0027543,,rare,0,0.001,PT,C0029445,Osteonecrosis,FALSE,4.1,imatinib
CID100005291,CID000005291,C0029445,,postmarketing,0,0.001,PT,C0029445,Osteonecrosis,FALSE,4.1,imatinib
CID100005291,CID000005291,C0029445,,rare,0,0.001,PT,C0029445,Osteonecrosis,FALSE,4.1,imatinib
CID100005291,CID000005291,C0030193,,0.7%,0.007,0.007,PT,C0030193,Pain,FALSE,4.1,imatinib
CID100005291,CID000005291,C0030193,,1%,0.01,0.01,PT,C0030193,Pain,FALSE,4.1,imatinib
CID100005291,CID000005291,C0030193,,12.9%,0.129,0.129,PT,C0030193,Pain,FALSE,4.1,imatinib
CID100005291,CID000005291,C0030193,,20.4%,0.204,0.204,PT,C0030193,Pain,FALSE,4.1,imatinib
CID100005291,CID000005291,C0030193,,20.8%,0.208,0.208,PT,C0030193,Pain,FALSE,4.1,imatinib
CID100005291,CID000005291,C0030193,,25.8%,0.258,0.258,PT,C0030193,Pain,FALSE,4.1,imatinib
CID100005291,CID000005291,C0030193,,3%,0.03,0.03,PT,C0030193,Pain,FALSE,4.1,imatinib
CID100005291,CID000005291,C0030193,,45.5%,0.455,0.455,PT,C0030193,Pain,FALSE,4.1,imatinib
CID100005291,CID000005291,C0030193,,5%,0.05,0.05,PT,C0030193,Pain,FALSE,4.1,imatinib
CID100005291,CID000005291,C0030193,,5.9%,0.059,0.059,PT,C0030193,Pain,FALSE,4.1,imatinib
CID100005291,CID000005291,C0030196,,0.3%,0.003,0.003,PT,C0030196,Pain in extremity,FALSE,4.1,imatinib
CID100005291,CID000005291,C0030196,,7.4%,0.074,0.074,PT,C0030196,Pain in extremity,FALSE,4.1,imatinib
CID100005291,CID000005291,C0030196,placebo,0%,0,0,PT,C0030196,Pain in extremity,TRUE,4.1,imatinib
CID100005291,CID000005291,C0030196,placebo,7.2%,0.072,0.072,PT,C0030196,Pain in extremity,TRUE,4.1,imatinib
CID100005291,CID000005291,C0030252,,0%,0,0,PT,C0030252,Palpitations,FALSE,4.1,imatinib
CID100005291,CID000005291,C0030252,,5.1%,0.051,0.051,PT,C0030252,Palpitations,FALSE,4.1,imatinib
CID100005291,CID000005291,C0030252,,5.2%,0.052,0.052,PT,C0030252,Palpitations,FALSE,4.1,imatinib
CID100005291,CID000005291,C0030252,,uncommon,0.001,0.01,PT,C0030252,Palpitations,FALSE,4.1,imatinib
CID100005291,CID000005291,C0030305,,rare,0,0.001,PT,C0030305,Pancreatitis,FALSE,4.1,imatinib
CID100005291,CID000005291,C0030305,,uncommon,0.001,0.01,PT,C0030305,Pancreatitis,FALSE,4.1,imatinib
CID100005291,CID000005291,C0010828,,postmarketing,0,0.001,PT,C0030312,Pancytopenia,FALSE,4.1,imatinib
CID100005291,CID000005291,C0030312,,common,0.01,1,PT,C0030312,Pancytopenia,FALSE,4.1,imatinib
CID100005291,CID000005291,C0030312,,infrequent,0.001,0.01,PT,C0030312,Pancytopenia,FALSE,4.1,imatinib
CID100005291,CID000005291,C0151773,,uncommon,0.001,0.01,PT,C0030312,Pancytopenia,FALSE,4.1,imatinib
CID100005291,CID000005291,C0030353,,postmarketing,0,0.001,PT,C0030353,Papilloedema,FALSE,4.1,imatinib
CID100005291,CID000005291,C0030353,,rare,0,0.001,PT,C0030353,Papilloedema,FALSE,4.1,imatinib
CID100005291,CID000005291,C0030554,,0%,0,0,PT,C0030554,Paraesthesia,FALSE,4.1,imatinib
CID100005291,CID000005291,C0030554,,0.5%,0.005,0.005,PT,C0030554,Paraesthesia,FALSE,4.1,imatinib
CID100005291,CID000005291,C0030554,,12.1%,0.121,0.121,PT,C0030554,Paraesthesia,FALSE,4.1,imatinib
CID100005291,CID000005291,C0030554,,5.2%,0.052,0.052,PT,C0030554,Paraesthesia,FALSE,4.1,imatinib
CID100005291,CID000005291,C0030554,,common,0.01,1,PT,C0030554,Paraesthesia,FALSE,4.1,imatinib
CID100005291,CID000005291,C0031039,,rare,0,0.001,PT,C0031039,Pericardial effusion,FALSE,4.1,imatinib
CID100005291,CID000005291,C0031046,,postmarketing,0,0.001,PT,C0031046,Pericarditis,FALSE,4.1,imatinib
CID100005291,CID000005291,C0031046,,rare,0,0.001,PT,C0031046,Pericarditis,FALSE,4.1,imatinib
CID100005291,CID000005291,C0151205,,0.5%,0.005,0.005,PT,C0151205,Periorbital oedema,FALSE,4.1,imatinib
CID100005291,CID000005291,C0151205,,1%,0.01,0.01,PT,C0151205,Periorbital oedema,FALSE,4.1,imatinib
CID100005291,CID000005291,C0151205,,1.2%,0.012,0.012,PT,C0151205,Periorbital oedema,FALSE,4.1,imatinib
CID100005291,CID000005291,C0151205,,47.2%,0.472,0.472,PT,C0151205,Periorbital oedema,FALSE,4.1,imatinib
CID100005291,CID000005291,C0151205,,59.3%,0.593,0.593,PT,C0151205,Periorbital oedema,FALSE,4.1,imatinib
CID100005291,CID000005291,C0151205,,74.2%,0.742,0.742,PT,C0151205,Periorbital oedema,FALSE,4.1,imatinib
CID100005291,CID000005291,C0151205,,very common,0.1,1,PT,C0151205,Periorbital oedema,FALSE,4.1,imatinib
CID100005291,CID000005291,C0151205,placebo,0%,0,0,PT,C0151205,Periorbital oedema,TRUE,4.1,imatinib
CID100005291,CID000005291,C0151205,placebo,14.5%,0.145,0.145,PT,C0151205,Periorbital oedema,TRUE,4.1,imatinib
CID100005291,CID000005291,C0277925,,infrequent,0.001,0.01,PT,C0277925,Peripheral coldness,FALSE,4.1,imatinib
CID100005291,CID000005291,C0277925,,uncommon,0.001,0.01,PT,C0277925,Peripheral coldness,FALSE,4.1,imatinib
CID100005291,CID000005291,C0031256,,0%,0,0,PT,C0031256,Petechiae,FALSE,4.1,imatinib
CID100005291,CID000005291,C0031256,,0.9%,0.009,0.009,PT,C0031256,Petechiae,FALSE,4.1,imatinib
CID100005291,CID000005291,C0031256,,1%,0.01,0.01,PT,C0031256,Petechiae,FALSE,4.1,imatinib
CID100005291,CID000005291,C0031256,,10%,0.1,0.1,PT,C0031256,Petechiae,FALSE,4.1,imatinib
CID100005291,CID000005291,C0031256,,2%,0.02,0.02,PT,C0031256,Petechiae,FALSE,4.1,imatinib
CID100005291,CID000005291,C0031256,,5%,0.05,0.05,PT,C0031256,Petechiae,FALSE,4.1,imatinib
CID100005291,CID000005291,C0031256,,uncommon,0.001,0.01,PT,C0031256,Petechiae,FALSE,4.1,imatinib
CID100005291,CID000005291,C0031350,,0%,0,0,PT,C0031350,Pharyngitis,FALSE,4.1,imatinib
CID100005291,CID000005291,C0031350,,10%,0.1,0.1,PT,C0031350,Pharyngitis,FALSE,4.1,imatinib
CID100005291,CID000005291,C0031350,,12%,0.12,0.12,PT,C0031350,Pharyngitis,FALSE,4.1,imatinib
CID100005291,CID000005291,C0031350,,15%,0.15,0.15,PT,C0031350,Pharyngitis,FALSE,4.1,imatinib
CID100005291,CID000005291,C0031350,,4.3%,0.043,0.043,PT,C0031350,Pharyngitis,FALSE,4.1,imatinib
CID100005291,CID000005291,C0031350,,5.4%,0.054,0.054,PT,C0031350,Pharyngitis,FALSE,4.1,imatinib
CID100005291,CID000005291,C0031350,,9.2%,0.092,0.092,PT,C0031350,Pharyngitis,FALSE,4.1,imatinib
CID100005291,CID000005291,C0031350,,uncommon,0.001,0.01,PT,C0031350,Pharyngitis,FALSE,4.1,imatinib
CID100005291,CID000005291,C1699324,,10%,0.1,0.1,PT,C0031350,Pharyngitis,FALSE,4.1,imatinib
CID100005291,CID000005291,C1699324,,4.3%,0.043,0.043,PT,C0031350,Pharyngitis,FALSE,4.1,imatinib
CID100005291,CID000005291,C1699324,,5.4%,0.054,0.054,PT,C0031350,Pharyngitis,FALSE,4.1,imatinib
CID100005291,CID000005291,C1699324,,9.2%,0.092,0.092,PT,C0031350,Pharyngitis,FALSE,4.1,imatinib
CID100005291,CID000005291,C0162830,,0%,0,0,PT,C0162830,Photosensitivity reaction,FALSE,4.1,imatinib
CID100005291,CID000005291,C0162830,,3.6%,0.036,0.036,PT,C0162830,Photosensitivity reaction,FALSE,4.1,imatinib
CID100005291,CID000005291,C0162830,,7.1%,0.071,0.071,PT,C0162830,Photosensitivity reaction,FALSE,4.1,imatinib
CID100005291,CID000005291,C0162830,,common,0.01,1,PT,C0162830,Photosensitivity reaction,FALSE,4.1,imatinib
CID100005291,CID000005291,C0162830,,infrequent,0.001,0.01,PT,C0162830,Photosensitivity reaction,FALSE,4.1,imatinib
CID100005291,CID000005291,C0037290,,infrequent,0.001,0.01,PT,C0549567,Pigmentation disorder,FALSE,4.1,imatinib
CID100005291,CID000005291,C0392386,,0%,0,0,PT,C0392386,Platelet count decreased,FALSE,4.1,imatinib
CID100005291,CID000005291,C0392386,,11.3%,0.113,0.113,PT,C0392386,Platelet count decreased,FALSE,4.1,imatinib
CID100005291,CID000005291,C0392386,,14.1%,0.141,0.141,PT,C0392386,Platelet count decreased,FALSE,4.1,imatinib
CID100005291,CID000005291,C0392386,,5%,0.05,0.05,PT,C0392386,Platelet count decreased,FALSE,4.1,imatinib
CID100005291,CID000005291,C0392386,placebo,0%,0,0,PT,C0392386,Platelet count decreased,TRUE,4.1,imatinib
CID100005291,CID000005291,C0392386,placebo,3.5%,0.035,0.035,PT,C0392386,Platelet count decreased,TRUE,4.1,imatinib
CID100005291,CID000005291,C0032227,,0%,0,0,PT,C0032227,Pleural effusion,FALSE,4.1,imatinib
CID100005291,CID000005291,C0032227,,0.771%,0.00771208,0.00771208,PT,C0032227,Pleural effusion,FALSE,4.1,imatinib
CID100005291,CID000005291,C0032227,,12%,0.12,0.12,PT,C0032227,Pleural effusion,FALSE,4.1,imatinib
CID100005291,CID000005291,C0032227,,15%,0.15,0.15,PT,C0032227,Pleural effusion,FALSE,4.1,imatinib
CID100005291,CID000005291,C0032227,,3%,0.03,0.03,PT,C0032227,Pleural effusion,FALSE,4.1,imatinib
CID100005291,CID000005291,C0032227,,6.52%,0.0652174,0.0652174,PT,C0032227,Pleural effusion,FALSE,4.1,imatinib
CID100005291,CID000005291,C0032227,,8%,0.08,0.08,PT,C0032227,Pleural effusion,FALSE,4.1,imatinib
CID100005291,CID000005291,C0032227,,uncommon,0.001,0.01,PT,C0032227,Pleural effusion,FALSE,4.1,imatinib
CID100005291,CID000005291,C0008033,,rare,0,0.001,PT,C0008033,Pleuritic pain,FALSE,4.1,imatinib
CID100005291,CID000005291,C0032285,,0.155%,0.0015456,0.0015456,PT,C0032285,Pneumonia,FALSE,4.1,imatinib
CID100005291,CID000005291,C0032285,,0.8%,0.008,0.008,PT,C0032285,Pneumonia,FALSE,4.1,imatinib
CID100005291,CID000005291,C0032285,,0.9%,0.00899743,0.00899743,PT,C0032285,Pneumonia,FALSE,4.1,imatinib
CID100005291,CID000005291,C0032285,,1%,0.01,0.01,PT,C0032285,Pneumonia,FALSE,4.1,imatinib
CID100005291,CID000005291,C0032285,,1.54%,0.0153846,0.0153846,PT,C0032285,Pneumonia,FALSE,4.1,imatinib
CID100005291,CID000005291,C0032285,,10%,0.1,0.1,PT,C0032285,Pneumonia,FALSE,4.1,imatinib
CID100005291,CID000005291,C0032285,,12%,0.12,0.12,PT,C0032285,Pneumonia,FALSE,4.1,imatinib
CID100005291,CID000005291,C0032285,,13%,0.13,0.13,PT,C0032285,Pneumonia,FALSE,4.1,imatinib
CID100005291,CID000005291,C0032285,,3%,0.03,0.03,PT,C0032285,Pneumonia,FALSE,4.1,imatinib
CID100005291,CID000005291,C0032285,,4%,0.04,0.04,PT,C0032285,Pneumonia,FALSE,4.1,imatinib
CID100005291,CID000005291,C0032285,,6%,0.06,0.06,PT,C0032285,Pneumonia,FALSE,4.1,imatinib
CID100005291,CID000005291,C0032285,,7%,0.07,0.07,PT,C0032285,Pneumonia,FALSE,4.1,imatinib
CID100005291,CID000005291,C0032285,,7.61%,0.076087,0.076087,PT,C0032285,Pneumonia,FALSE,4.1,imatinib
CID100005291,CID000005291,C0032285,,8%,0.08,0.08,PT,C0032285,Pneumonia,FALSE,4.1,imatinib
CID100005291,CID000005291,C0032285,,uncommon,0.001,0.01,PT,C0032285,Pneumonia,FALSE,4.1,imatinib
CID100005291,CID000005291,C0042023,,infrequent,0.001,0.01,PT,C0042023,Pollakiuria,FALSE,4.1,imatinib
CID100005291,CID000005291,C0042023,,uncommon,0.001,0.01,PT,C0042023,Pollakiuria,FALSE,4.1,imatinib
CID100005291,CID000005291,C0032584,,postmarketing,0,0.001,PT,C0032584,Polyp,FALSE,4.1,imatinib
CID100005291,CID000005291,C0033774,,0%,0,0,PT,C0033774,Pruritus,FALSE,4.1,imatinib
CID100005291,CID000005291,C0033774,,0.2%,0.002,0.002,PT,C0033774,Pruritus,FALSE,4.1,imatinib
CID100005291,CID000005291,C0033774,,0.8%,0.008,0.008,PT,C0033774,Pruritus,FALSE,4.1,imatinib
CID100005291,CID000005291,C0033774,,0.9%,0.009,0.009,PT,C0033774,Pruritus,FALSE,4.1,imatinib
CID100005291,CID000005291,C0033774,,1%,0.01,0.01,PT,C0033774,Pruritus,FALSE,4.1,imatinib
CID100005291,CID000005291,C0033774,,11%,0.11,0.11,PT,C0033774,Pruritus,FALSE,4.1,imatinib
CID100005291,CID000005291,C0033774,,11.8%,0.118,0.118,PT,C0033774,Pruritus,FALSE,4.1,imatinib
CID100005291,CID000005291,C0033774,,12%,0.12,0.12,PT,C0033774,Pruritus,FALSE,4.1,imatinib
CID100005291,CID000005291,C0033774,,12.9%,0.129,0.129,PT,C0033774,Pruritus,FALSE,4.1,imatinib
CID100005291,CID000005291,C0033774,,13%,0.13,0.13,PT,C0033774,Pruritus,FALSE,4.1,imatinib
CID100005291,CID000005291,C0033774,,14%,0.14,0.14,PT,C0033774,Pruritus,FALSE,4.1,imatinib
CID100005291,CID000005291,C0033774,,15.4%,0.154,0.154,PT,C0033774,Pruritus,FALSE,4.1,imatinib
CID100005291,CID000005291,C0033774,,18.9%,0.189,0.189,PT,C0033774,Pruritus,FALSE,4.1,imatinib
CID100005291,CID000005291,C0033774,,25.8%,0.258,0.258,PT,C0033774,Pruritus,FALSE,4.1,imatinib
CID100005291,CID000005291,C0033774,,4.3%,0.043,0.043,PT,C0033774,Pruritus,FALSE,4.1,imatinib
CID100005291,CID000005291,C0033774,,5.4%,0.054,0.054,PT,C0033774,Pruritus,FALSE,4.1,imatinib
CID100005291,CID000005291,C0033774,,8%,0.08,0.08,PT,C0033774,Pruritus,FALSE,4.1,imatinib
CID100005291,CID000005291,C0033774,,9.8%,0.098,0.098,PT,C0033774,Pruritus,FALSE,4.1,imatinib
CID100005291,CID000005291,C0033774,,common,0.01,1,PT,C0033774,Pruritus,FALSE,4.1,imatinib
CID100005291,CID000005291,C0033774,placebo,0%,0,0,PT,C0033774,Pruritus,TRUE,4.1,imatinib
CID100005291,CID000005291,C0033774,placebo,7.8%,0.078,0.078,PT,C0033774,Pruritus,TRUE,4.1,imatinib
CID100005291,CID000005291,C0033860,,infrequent,0.001,0.01,PT,C0033860,Psoriasis,FALSE,4.1,imatinib
CID100005291,CID000005291,C0033860,,uncommon,0.001,0.01,PT,C0033860,Psoriasis,FALSE,4.1,imatinib
CID100005291,CID000005291,C0034069,,rare,0,0.001,PT,C0034069,Pulmonary fibrosis,FALSE,4.1,imatinib
CID100005291,CID000005291,C0151701,,rare,0,0.001,PT,C0151701,Pulmonary haemorrhage,FALSE,4.1,imatinib
CID100005291,CID000005291,C0020542,,rare,0,0.001,PT,C0020542,Pulmonary hypertension,FALSE,4.1,imatinib
CID100005291,CID000005291,C0034063,,uncommon,0.001,0.01,PT,C0034063,Pulmonary oedema,FALSE,4.1,imatinib
CID100005291,CID000005291,C0034150,,infrequent,0.001,0.01,PT,C0034150,Purpura,FALSE,4.1,imatinib
CID100005291,CID000005291,C0034150,,uncommon,0.001,0.01,PT,C0034150,Purpura,FALSE,4.1,imatinib
CID100005291,CID000005291,C0015230,,0%,0,0,PT,C0015230,Rash,FALSE,4.1,imatinib
CID100005291,CID000005291,C0015230,,0.643%,0.00642674,0.00642674,PT,C0015230,Rash,FALSE,4.1,imatinib
CID100005291,CID000005291,C0015230,,0.9%,0.009,0.009,PT,C0015230,Rash,FALSE,4.1,imatinib
CID100005291,CID000005291,C0015230,,2%,0.02,0.02,PT,C0015230,Rash,FALSE,4.1,imatinib
CID100005291,CID000005291,C0015230,,2.1%,0.021,0.021,PT,C0015230,Rash,FALSE,4.1,imatinib
CID100005291,CID000005291,C0015230,,2.4%,0.024,0.024,PT,C0015230,Rash,FALSE,4.1,imatinib
CID100005291,CID000005291,C0015230,,2.7%,0.027,0.027,PT,C0015230,Rash,FALSE,4.1,imatinib
CID100005291,CID000005291,C0015230,,2.9%,0.029,0.029,PT,C0015230,Rash,FALSE,4.1,imatinib
CID100005291,CID000005291,C0015230,,25%,0.25,0.25,PT,C0015230,Rash,FALSE,4.1,imatinib
CID100005291,CID000005291,C0015230,,25.7%,0.257,0.257,PT,C0015230,Rash,FALSE,4.1,imatinib
CID100005291,CID000005291,C0015230,,26%,0.26,0.26,PT,C0015230,Rash,FALSE,4.1,imatinib
CID100005291,CID000005291,C0015230,,26.1%,0.261,0.261,PT,C0015230,Rash,FALSE,4.1,imatinib
CID100005291,CID000005291,C0015230,,3%,0.03,0.03,PT,C0015230,Rash,FALSE,4.1,imatinib
CID100005291,CID000005291,C0015230,,31.9%,0.319,0.319,PT,C0015230,Rash,FALSE,4.1,imatinib
CID100005291,CID000005291,C0015230,,35%,0.35,0.35,PT,C0015230,Rash,FALSE,4.1,imatinib
CID100005291,CID000005291,C0015230,,36%,0.36,0.36,PT,C0015230,Rash,FALSE,4.1,imatinib
CID100005291,CID000005291,C0015230,,37.2%,0.372,0.372,PT,C0015230,Rash,FALSE,4.1,imatinib
CID100005291,CID000005291,C0015230,,38%,0.38,0.38,PT,C0015230,Rash,FALSE,4.1,imatinib
CID100005291,CID000005291,C0015230,,38.1%,0.381,0.381,PT,C0015230,Rash,FALSE,4.1,imatinib
CID100005291,CID000005291,C0015230,,4%,0.04,0.04,PT,C0015230,Rash,FALSE,4.1,imatinib
CID100005291,CID000005291,C0015230,,4.35%,0.0434783,0.0434783,PT,C0015230,Rash,FALSE,4.1,imatinib
CID100005291,CID000005291,C0015230,,40.1%,0.401,0.401,PT,C0015230,Rash,FALSE,4.1,imatinib
CID100005291,CID000005291,C0015230,,42%,0.42,0.42,PT,C0015230,Rash,FALSE,4.1,imatinib
CID100005291,CID000005291,C0015230,,44%,0.44,0.44,PT,C0015230,Rash,FALSE,4.1,imatinib
CID100005291,CID000005291,C0015230,,47%,0.47,0.47,PT,C0015230,Rash,FALSE,4.1,imatinib
CID100005291,CID000005291,C0015230,,49.8%,0.498,0.498,PT,C0015230,Rash,FALSE,4.1,imatinib
CID100005291,CID000005291,C0015230,,5%,0.05,0.05,PT,C0015230,Rash,FALSE,4.1,imatinib
CID100005291,CID000005291,C0015230,,53%,0.53,0.53,PT,C0015230,Rash,FALSE,4.1,imatinib
CID100005291,CID000005291,C0015230,,7.6%,0.076,0.076,PT,C0015230,Rash,FALSE,4.1,imatinib
CID100005291,CID000005291,C0015230,,8.9%,0.089,0.089,PT,C0015230,Rash,FALSE,4.1,imatinib
CID100005291,CID000005291,C0015230,,very common,0.1,1,PT,C0015230,Rash,FALSE,4.1,imatinib
CID100005291,CID000005291,C0015230,placebo,0%,0,0,PT,C0015230,Rash,TRUE,4.1,imatinib
CID100005291,CID000005291,C0015230,placebo,12.8%,0.128,0.128,PT,C0015230,Rash,TRUE,4.1,imatinib
CID100005291,CID000005291,C0015230,placebo,5.2%,0.052,0.052,PT,C0015230,Rash,TRUE,4.1,imatinib
CID100005291,CID000005291,C0085641,,uncommon,0.001,0.01,PT,C0085641,Rash pustular,FALSE,4.1,imatinib
CID100005291,CID000005291,C0221203,,rare,0,0.001,PT,C0221203,Rash vesicular,FALSE,4.1,imatinib
CID100005291,CID000005291,C0035078,,infrequent,0.001,0.01,PT,C0035078,Renal failure,FALSE,4.1,imatinib
CID100005291,CID000005291,C0035078,,uncommon,0.001,0.01,PT,C0035078,Renal failure,FALSE,4.1,imatinib
CID100005291,CID000005291,C0022660,,uncommon,0.001,0.01,PT,C0022660,Renal failure acute,FALSE,4.1,imatinib
CID100005291,CID000005291,C0264490,,postmarketing,0,0.001,PT,C0022660,Renal failure acute,FALSE,4.1,imatinib
CID100005291,CID000005291,C0264490,,uncommon,0.001,0.01,PT,C0022660,Renal failure acute,FALSE,4.1,imatinib
CID100005291,CID000005291,C0558489,,uncommon,0.001,0.01,PT,C0558489,Renal pain,FALSE,4.1,imatinib
CID100005291,CID000005291,C0035258,,uncommon,0.001,0.01,PT,C0035258,Restless legs syndrome,FALSE,4.1,imatinib
CID100005291,CID000005291,C0035317,,rare,0,0.001,PT,C0035317,Retinal haemorrhage,FALSE,4.1,imatinib
CID100005291,CID000005291,C0035317,,uncommon,0.001,0.01,PT,C0035317,Retinal haemorrhage,FALSE,4.1,imatinib
CID100005291,CID000005291,C0035410,,postmarketing,0,0.001,PT,C0035410,Rhabdomyolysis,FALSE,4.1,imatinib
CID100005291,CID000005291,C0035410,,rare,0,0.001,PT,C0035410,Rhabdomyolysis,FALSE,4.1,imatinib
CID100005291,CID000005291,C0036396,,infrequent,0.001,0.01,PT,C0036396,Sciatica,FALSE,4.1,imatinib
CID100005291,CID000005291,C0036396,,uncommon,0.001,0.01,PT,C0036396,Sciatica,FALSE,4.1,imatinib
CID100005291,CID000005291,C0748536,,uncommon,0.001,0.01,PT,C0748536,Scleral haemorrhage,FALSE,4.1,imatinib
CID100005291,CID000005291,C0151609,,uncommon,0.001,0.01,PT,C0151609,Scrotal oedema,FALSE,4.1,imatinib
CID100005291,CID000005291,C0243026,,infrequent,0.001,0.01,PT,C0243026,Sepsis,FALSE,4.1,imatinib
CID100005291,CID000005291,C0243026,,uncommon,0.001,0.01,PT,C0243026,Sepsis,FALSE,4.1,imatinib
CID100005291,CID000005291,C0549622,,infrequent,0.001,0.01,PT,C0549622,Sexual dysfunction,FALSE,4.1,imatinib
CID100005291,CID000005291,C0549622,,uncommon,0.001,0.01,PT,C0549622,Sexual dysfunction,FALSE,4.1,imatinib
CID100005291,CID000005291,C0039070,,infrequent,0.001,0.01,PT,C0036974,Shock,FALSE,4.1,imatinib
CID100005291,CID000005291,C0039070,,uncommon,0.001,0.01,PT,C0036974,Shock,FALSE,4.1,imatinib
CID100005291,CID000005291,C0037199,,0.2%,0.002,0.002,PT,C0037199,Sinusitis,FALSE,4.1,imatinib
CID100005291,CID000005291,C0037199,,0.4%,0.004,0.004,PT,C0037199,Sinusitis,FALSE,4.1,imatinib
CID100005291,CID000005291,C0037199,,11%,0.11,0.11,PT,C0037199,Sinusitis,FALSE,4.1,imatinib
CID100005291,CID000005291,C0037199,,11.4%,0.114,0.114,PT,C0037199,Sinusitis,FALSE,4.1,imatinib
CID100005291,CID000005291,C0037199,,4%,0.04,0.04,PT,C0037199,Sinusitis,FALSE,4.1,imatinib
CID100005291,CID000005291,C0037199,,6%,0.06,0.06,PT,C0037199,Sinusitis,FALSE,4.1,imatinib
CID100005291,CID000005291,C0037199,,9%,0.09,0.09,PT,C0037199,Sinusitis,FALSE,4.1,imatinib
CID100005291,CID000005291,C0037199,,uncommon,0.001,0.01,PT,C0037199,Sinusitis,FALSE,4.1,imatinib
CID100005291,CID000005291,C0037274,,0%,0,0,PT,C0037274,Skin disorder,FALSE,4.1,imatinib
CID100005291,CID000005291,C0037274,,0.643%,0.00642674,0.00642674,PT,C0037274,Skin disorder,FALSE,4.1,imatinib
CID100005291,CID000005291,C0037274,,4.35%,0.0434783,0.0434783,PT,C0037274,Skin disorder,FALSE,4.1,imatinib
CID100005291,CID000005291,C0178298,,postmarketing,0,0.001,PT,C0037274,Skin disorder,FALSE,4.1,imatinib
CID100005291,CID000005291,C0237849,,38.1%,0.381,0.381,PT,C0237849,Skin exfoliation,FALSE,4.1,imatinib
CID100005291,CID000005291,C0237849,,49.8%,0.498,0.498,PT,C0237849,Skin exfoliation,FALSE,4.1,imatinib
CID100005291,CID000005291,C0237849,,7.6%,0.076,0.076,PT,C0237849,Skin exfoliation,FALSE,4.1,imatinib
CID100005291,CID000005291,C0237849,,8.9%,0.089,0.089,PT,C0237849,Skin exfoliation,FALSE,4.1,imatinib
CID100005291,CID000005291,C0162834,,uncommon,0.001,0.01,PT,C0162834,Skin hyperpigmentation,FALSE,4.1,imatinib
CID100005291,CID000005291,C1167791,,17.6%,0.176,0.176,PT,C1167791,Skin toxicity,FALSE,4.1,imatinib
CID100005291,CID000005291,C1167791,,20.1%,0.201,0.201,PT,C1167791,Skin toxicity,FALSE,4.1,imatinib
CID100005291,CID000005291,C1167791,,5.7%,0.057,0.057,PT,C1167791,Skin toxicity,FALSE,4.1,imatinib
CID100005291,CID000005291,C1167791,,5.9%,0.059,0.059,PT,C1167791,Skin toxicity,FALSE,4.1,imatinib
CID100005291,CID000005291,C2830004,,infrequent,0.001,0.01,PT,C2830004,Somnolence,FALSE,4.1,imatinib
CID100005291,CID000005291,C2830004,,uncommon,0.001,0.01,PT,C2830004,Somnolence,FALSE,4.1,imatinib
CID100005291,CID000005291,C0038325,,rare,0,0.001,PT,C0038325,Stevens-Johnson syndrome,FALSE,4.1,imatinib
CID100005291,CID000005291,C0038362,,0.6%,0.006,0.006,PT,C0038362,Stomatitis,FALSE,4.1,imatinib
CID100005291,CID000005291,C0038362,,10%,0.1,0.1,PT,C0038362,Stomatitis,FALSE,4.1,imatinib
CID100005291,CID000005291,C0038362,,12.3%,0.123077,0.123077,PT,C0038362,Stomatitis,FALSE,4.1,imatinib
CID100005291,CID000005291,C0038362,,16.3%,0.163043,0.163043,PT,C0038362,Stomatitis,FALSE,4.1,imatinib
CID100005291,CID000005291,C0038362,,2.16%,0.0216383,0.0216383,PT,C0038362,Stomatitis,FALSE,4.1,imatinib
CID100005291,CID000005291,C0038362,,2.83%,0.0282776,0.0282776,PT,C0038362,Stomatitis,FALSE,4.1,imatinib
CID100005291,CID000005291,C0038362,,4.3%,0.043,0.043,PT,C0038362,Stomatitis,FALSE,4.1,imatinib
CID100005291,CID000005291,C0038362,,5%,0.05,0.05,PT,C0038362,Stomatitis,FALSE,4.1,imatinib
CID100005291,CID000005291,C0038362,,5.4%,0.054,0.054,PT,C0038362,Stomatitis,FALSE,4.1,imatinib
CID100005291,CID000005291,C0038362,,9.2%,0.092,0.092,PT,C0038362,Stomatitis,FALSE,4.1,imatinib
CID100005291,CID000005291,C0038362,,uncommon,0.001,0.01,PT,C0038362,Stomatitis,FALSE,4.1,imatinib
CID100005291,CID000005291,C0038362,placebo,0%,0,0,PT,C0038362,Stomatitis,TRUE,4.1,imatinib
CID100005291,CID000005291,C0038362,placebo,1.7%,0.017,0.017,PT,C0038362,Stomatitis,TRUE,4.1,imatinib
CID100005291,CID000005291,C0149745,,common,0.01,1,PT,C0038362,Stomatitis,FALSE,4.1,imatinib
CID100005291,CID000005291,C0149745,,uncommon,0.001,0.01,PT,C0038362,Stomatitis,FALSE,4.1,imatinib
CID100005291,CID000005291,C0018946,,uncommon,0.001,0.01,PT,C0018946,Subdural haematoma,FALSE,4.1,imatinib
CID100005291,CID000005291,C0039070,,infrequent,0.001,0.01,PT,C0039070,Syncope,FALSE,4.1,imatinib
CID100005291,CID000005291,C0039070,,uncommon,0.001,0.01,PT,C0039070,Syncope,FALSE,4.1,imatinib
CID100005291,CID000005291,C0039231,,infrequent,0.001,0.01,PT,C0039231,Tachycardia,FALSE,4.1,imatinib
CID100005291,CID000005291,C0039231,,uncommon,0.001,0.01,PT,C0039231,Tachycardia,FALSE,4.1,imatinib
CID100005291,CID000005291,C0040034,,0%,0,0,PT,C0040034,Thrombocytopenia,FALSE,4.1,imatinib
CID100005291,CID000005291,C0040034,,0.4%,0.004,0.004,PT,C0040034,Thrombocytopenia,FALSE,4.1,imatinib
CID100005291,CID000005291,C0040034,,0.6%,0.006,0.006,PT,C0040034,Thrombocytopenia,FALSE,4.1,imatinib
CID100005291,CID000005291,C0040034,,1%,0,0.01,PT,C0040034,Thrombocytopenia,FALSE,4.1,imatinib
CID100005291,CID000005291,C0040034,,1%,0.01,0.01,PT,C0040034,Thrombocytopenia,FALSE,4.1,imatinib
CID100005291,CID000005291,C0040034,,12%,0.12,0.12,PT,C0040034,Thrombocytopenia,FALSE,4.1,imatinib
CID100005291,CID000005291,C0040034,,13%,0.13,0.13,PT,C0040034,Thrombocytopenia,FALSE,4.1,imatinib
CID100005291,CID000005291,C0040034,,15.9%,0.159,0.159,PT,C0040034,Thrombocytopenia,FALSE,4.1,imatinib
CID100005291,CID000005291,C0040034,,16%,0.16,0.16,PT,C0040034,Thrombocytopenia,FALSE,4.1,imatinib
CID100005291,CID000005291,C0040034,,17%,0.17,0.17,PT,C0040034,Thrombocytopenia,FALSE,4.1,imatinib
CID100005291,CID000005291,C0040034,,21%,0.21,0.21,PT,C0040034,Thrombocytopenia,FALSE,4.1,imatinib
CID100005291,CID000005291,C0040034,,27%,0.27,0.27,PT,C0040034,Thrombocytopenia,FALSE,4.1,imatinib
CID100005291,CID000005291,C0040034,,30%,0.3,0.3,PT,C0040034,Thrombocytopenia,FALSE,4.1,imatinib
CID100005291,CID000005291,C0040034,,31%,0.31,0.31,PT,C0040034,Thrombocytopenia,FALSE,4.1,imatinib
CID100005291,CID000005291,C0040034,,32%,0.32,0.32,PT,C0040034,Thrombocytopenia,FALSE,4.1,imatinib
CID100005291,CID000005291,C0040034,,33%,0.33,0.33,PT,C0040034,Thrombocytopenia,FALSE,4.1,imatinib
CID100005291,CID000005291,C0040034,,50.9%,0.508501,0.508501,PT,C0040034,Thrombocytopenia,FALSE,4.1,imatinib
CID100005291,CID000005291,C0040034,,55.4%,0.553985,0.553985,PT,C0040034,Thrombocytopenia,FALSE,4.1,imatinib
CID100005291,CID000005291,C0040034,,8.5%,0.085,0.085,PT,C0040034,Thrombocytopenia,FALSE,4.1,imatinib
CID100005291,CID000005291,C0040034,,96.9%,0.969231,0.969231,PT,C0040034,Thrombocytopenia,FALSE,4.1,imatinib
CID100005291,CID000005291,C0040034,,97.8%,0.978261,0.978261,PT,C0040034,Thrombocytopenia,FALSE,4.1,imatinib
CID100005291,CID000005291,C0040034,,postmarketing,0,0.001,PT,C0040034,Thrombocytopenia,FALSE,4.1,imatinib
CID100005291,CID000005291,C0040034,,very common,0.1,1,PT,C0040034,Thrombocytopenia,FALSE,4.1,imatinib
CID100005291,CID000005291,C0836924,,uncommon,0.001,0.01,PT,C0836924,Thrombocytosis,FALSE,4.1,imatinib
CID100005291,CID000005291,C0040053,,postmarketing,0,0.001,PT,C0040053,Thrombosis,FALSE,4.1,imatinib
CID100005291,CID000005291,C0040053,,rare,0,0.001,PT,C0040053,Thrombosis,FALSE,4.1,imatinib
CID100005291,CID000005291,C0040053,,uncommon,0.001,0.01,PT,C0040053,Thrombosis,FALSE,4.1,imatinib
CID100005291,CID000005291,C0040264,,infrequent,0.001,0.01,PT,C0040264,Tinnitus,FALSE,4.1,imatinib
CID100005291,CID000005291,C0040264,,uncommon,0.001,0.01,PT,C0040264,Tinnitus,FALSE,4.1,imatinib
CID100005291,CID000005291,C0014518,,postmarketing,0,0.001,PT,C0014518,Toxic epidermal necrolysis,FALSE,4.1,imatinib
CID100005291,CID000005291,C0014518,,very rare,0,1e-4,PT,C0014518,Toxic epidermal necrolysis,FALSE,4.1,imatinib
CID100005291,CID000005291,C0040822,,uncommon,0.001,0.01,PT,C0040822,Tremor,FALSE,4.1,imatinib
CID100005291,CID000005291,C0877584,,1%,0.01,0.01,PT,C0877584,Tumour haemorrhage,FALSE,4.1,imatinib
CID100005291,CID000005291,C0877584,,4%,0.04,0.04,PT,C0877584,Tumour haemorrhage,FALSE,4.1,imatinib
CID100005291,CID000005291,C0877584,,postmarketing,0,0.001,PT,C0877584,Tumour haemorrhage,FALSE,4.1,imatinib
CID100005291,CID000005291,C0877584,,uncommon,0.001,0.01,PT,C0877584,Tumour haemorrhage,FALSE,4.1,imatinib
CID100005291,CID000005291,C0041364,,rare,0,0.001,PT,C0041364,Tumour lysis syndrome,FALSE,4.1,imatinib
CID100005291,CID000005291,C0333516,,postmarketing,0,0.001,PT,C0333516,Tumour necrosis,FALSE,4.1,imatinib
CID100005291,CID000005291,C0333516,,rare,0,0.001,PT,C0333516,Tumour necrosis,FALSE,4.1,imatinib
CID100005291,CID000005291,C0333516,,uncommon,0.001,0.01,PT,C0333516,Tumour necrosis,FALSE,4.1,imatinib
CID100005291,CID000005291,C0041912,,0%,0,0,PT,C0041912,Upper respiratory tract infection,FALSE,4.1,imatinib
CID100005291,CID000005291,C0041912,,0.2%,0.002,0.002,PT,C0041912,Upper respiratory tract infection,FALSE,4.1,imatinib
CID100005291,CID000005291,C0041912,,0.4%,0.004,0.004,PT,C0041912,Upper respiratory tract infection,FALSE,4.1,imatinib
CID100005291,CID000005291,C0041912,,11%,0.11,0.11,PT,C0041912,Upper respiratory tract infection,FALSE,4.1,imatinib
CID100005291,CID000005291,C0041912,,12%,0.12,0.12,PT,C0041912,Upper respiratory tract infection,FALSE,4.1,imatinib
CID100005291,CID000005291,C0041912,,12.5%,0.125,0.125,PT,C0041912,Upper respiratory tract infection,FALSE,4.1,imatinib
CID100005291,CID000005291,C0041912,,14%,0.14,0.14,PT,C0041912,Upper respiratory tract infection,FALSE,4.1,imatinib
CID100005291,CID000005291,C0041912,,15%,0.15,0.15,PT,C0041912,Upper respiratory tract infection,FALSE,4.1,imatinib
CID100005291,CID000005291,C0041912,,15.6%,0.156,0.156,PT,C0041912,Upper respiratory tract infection,FALSE,4.1,imatinib
CID100005291,CID000005291,C0041912,,16.5%,0.165,0.165,PT,C0041912,Upper respiratory tract infection,FALSE,4.1,imatinib
CID100005291,CID000005291,C0041912,,18%,0.18,0.18,PT,C0041912,Upper respiratory tract infection,FALSE,4.1,imatinib
CID100005291,CID000005291,C0041912,,19%,0.19,0.19,PT,C0041912,Upper respiratory tract infection,FALSE,4.1,imatinib
CID100005291,CID000005291,C0041912,,21.2%,0.212,0.212,PT,C0041912,Upper respiratory tract infection,FALSE,4.1,imatinib
CID100005291,CID000005291,C0041912,,3%,0.03,0.03,PT,C0041912,Upper respiratory tract infection,FALSE,4.1,imatinib
CID100005291,CID000005291,C0041912,,5%,0.05,0.05,PT,C0041912,Upper respiratory tract infection,FALSE,4.1,imatinib
CID100005291,CID000005291,C0041912,,6%,0.06,0.06,PT,C0041912,Upper respiratory tract infection,FALSE,4.1,imatinib
CID100005291,CID000005291,C0041912,,7.9%,0.079,0.079,PT,C0041912,Upper respiratory tract infection,FALSE,4.1,imatinib
CID100005291,CID000005291,C0041912,,8.4%,0.084,0.084,PT,C0041912,Upper respiratory tract infection,FALSE,4.1,imatinib
CID100005291,CID000005291,C0041912,,9%,0.09,0.09,PT,C0041912,Upper respiratory tract infection,FALSE,4.1,imatinib
CID100005291,CID000005291,C0041912,,uncommon,0.001,0.01,PT,C0041912,Upper respiratory tract infection,FALSE,4.1,imatinib
CID100005291,CID000005291,C0041912,,very common,0.1,1,PT,C0041912,Upper respiratory tract infection,FALSE,4.1,imatinib
CID100005291,CID000005291,C0041912,placebo,0%,0,0,PT,C0041912,Upper respiratory tract infection,TRUE,4.1,imatinib
CID100005291,CID000005291,C0041912,placebo,3.5%,0.035,0.035,PT,C0041912,Upper respiratory tract infection,TRUE,4.1,imatinib
CID100005291,CID000005291,C0042029,,uncommon,0.001,0.01,PT,C0042029,Urinary tract infection,FALSE,4.1,imatinib
CID100005291,CID000005291,C0042109,,uncommon,0.001,0.01,PT,C0042109,Urticaria,FALSE,4.1,imatinib
CID100005291,CID000005291,C0034150,,infrequent,0.001,0.01,PT,C1368065,Vascular purpura,FALSE,4.1,imatinib
CID100005291,CID000005291,C0034150,,uncommon,0.001,0.01,PT,C1368065,Vascular purpura,FALSE,4.1,imatinib
CID100005291,CID000005291,C0042571,,infrequent,0.001,0.01,PT,C0042571,Vertigo,FALSE,4.1,imatinib
CID100005291,CID000005291,C0042571,,uncommon,0.001,0.01,PT,C0042571,Vertigo,FALSE,4.1,imatinib
CID100005291,CID000005291,C0344232,,0%,0,0,PT,C0344232,Vision blurred,FALSE,4.1,imatinib
CID100005291,CID000005291,C0344232,,0.5%,0.005,0.005,PT,C0344232,Vision blurred,FALSE,4.1,imatinib
CID100005291,CID000005291,C0344232,,1%,0.01,0.01,PT,C0344232,Vision blurred,FALSE,4.1,imatinib
CID100005291,CID000005291,C0344232,,10.8%,0.108,0.108,PT,C0344232,Vision blurred,FALSE,4.1,imatinib
CID100005291,CID000005291,C0344232,,11.1%,0.111,0.111,PT,C0344232,Vision blurred,FALSE,4.1,imatinib
CID100005291,CID000005291,C0344232,,5%,0.05,0.05,PT,C0344232,Vision blurred,FALSE,4.1,imatinib
CID100005291,CID000005291,C0344232,,common,0.01,1,PT,C0344232,Vision blurred,FALSE,4.1,imatinib
CID100005291,CID000005291,C0344232,placebo,0%,0,0,PT,C0344232,Vision blurred,TRUE,4.1,imatinib
CID100005291,CID000005291,C0344232,placebo,2.3%,0.023,0.023,PT,C0344232,Vision blurred,TRUE,4.1,imatinib
CID100005291,CID000005291,C0042909,,postmarketing,0,0.001,PT,C0042909,Vitreous haemorrhage,FALSE,4.1,imatinib
CID100005291,CID000005291,C0042909,,rare,0,0.001,PT,C0042909,Vitreous haemorrhage,FALSE,4.1,imatinib
CID100005291,CID000005291,C0042963,,0.5%,0.005,0.005,PT,C0042963,Vomiting,FALSE,4.1,imatinib
CID100005291,CID000005291,C0042963,,0.9%,0.009,0.009,PT,C0042963,Vomiting,FALSE,4.1,imatinib
CID100005291,CID000005291,C0042963,,1%,0.01,0.01,PT,C0042963,Vomiting,FALSE,4.1,imatinib
CID100005291,CID000005291,C0042963,,1.24%,0.0123648,0.0123648,PT,C0042963,Vomiting,FALSE,4.1,imatinib
CID100005291,CID000005291,C0042963,,1.5%,0.015,0.015,PT,C0042963,Vomiting,FALSE,4.1,imatinib
CID100005291,CID000005291,C0042963,,10.8%,0.108,0.108,PT,C0042963,Vomiting,FALSE,4.1,imatinib
CID100005291,CID000005291,C0042963,,14.7%,0.147,0.147,PT,C0042963,Vomiting,FALSE,4.1,imatinib
CID100005291,CID000005291,C0042963,,16.3%,0.163043,0.163043,PT,C0042963,Vomiting,FALSE,4.1,imatinib
CID100005291,CID000005291,C0042963,,2%,0.02,0.02,PT,C0042963,Vomiting,FALSE,4.1,imatinib
CID100005291,CID000005291,C0042963,,2.4%,0.024,0.024,PT,C0042963,Vomiting,FALSE,4.1,imatinib
CID100005291,CID000005291,C0042963,,20.5%,0.205,0.205,PT,C0042963,Vomiting,FALSE,4.1,imatinib
CID100005291,CID000005291,C0042963,,22%,0.22,0.22,PT,C0042963,Vomiting,FALSE,4.1,imatinib
CID100005291,CID000005291,C0042963,,22.2%,0.222,0.222,PT,C0042963,Vomiting,FALSE,4.1,imatinib
CID100005291,CID000005291,C0042963,,22.5%,0.225,0.225,PT,C0042963,Vomiting,FALSE,4.1,imatinib
CID100005291,CID000005291,C0042963,,23%,0.23,0.23,PT,C0042963,Vomiting,FALSE,4.1,imatinib
CID100005291,CID000005291,C0042963,,25.5%,0.255,0.255,PT,C0042963,Vomiting,FALSE,4.1,imatinib
CID100005291,CID000005291,C0042963,,26.6%,0.266,0.266,PT,C0042963,Vomiting,FALSE,4.1,imatinib
CID100005291,CID000005291,C0042963,,27.4%,0.274,0.274,PT,C0042963,Vomiting,FALSE,4.1,imatinib
CID100005291,CID000005291,C0042963,,27.8%,0.278,0.278,PT,C0042963,Vomiting,FALSE,4.1,imatinib
CID100005291,CID000005291,C0042963,,3%,0.03,0.03,PT,C0042963,Vomiting,FALSE,4.1,imatinib
CID100005291,CID000005291,C0042963,,3.4%,0.034,0.034,PT,C0042963,Vomiting,FALSE,4.1,imatinib
CID100005291,CID000005291,C0042963,,3.6%,0.0359897,0.0359897,PT,C0042963,Vomiting,FALSE,4.1,imatinib
CID100005291,CID000005291,C0042963,,32%,0.32,0.32,PT,C0042963,Vomiting,FALSE,4.1,imatinib
CID100005291,CID000005291,C0042963,,35%,0.35,0.35,PT,C0042963,Vomiting,FALSE,4.1,imatinib
CID100005291,CID000005291,C0042963,,36%,0.36,0.36,PT,C0042963,Vomiting,FALSE,4.1,imatinib
CID100005291,CID000005291,C0042963,,37.4%,0.374,0.374,PT,C0042963,Vomiting,FALSE,4.1,imatinib
CID100005291,CID000005291,C0042963,,38%,0.38,0.38,PT,C0042963,Vomiting,FALSE,4.1,imatinib
CID100005291,CID000005291,C0042963,,4%,0.04,0.04,PT,C0042963,Vomiting,FALSE,4.1,imatinib
CID100005291,CID000005291,C0042963,,40.6%,0.406,0.406,PT,C0042963,Vomiting,FALSE,4.1,imatinib
CID100005291,CID000005291,C0042963,,5%,0.05,0.05,PT,C0042963,Vomiting,FALSE,4.1,imatinib
CID100005291,CID000005291,C0042963,,54%,0.54,0.54,PT,C0042963,Vomiting,FALSE,4.1,imatinib
CID100005291,CID000005291,C0042963,,56%,0.56,0.56,PT,C0042963,Vomiting,FALSE,4.1,imatinib
CID100005291,CID000005291,C0042963,,58%,0.58,0.58,PT,C0042963,Vomiting,FALSE,4.1,imatinib
CID100005291,CID000005291,C0042963,,7.5%,0.075,0.075,PT,C0042963,Vomiting,FALSE,4.1,imatinib
CID100005291,CID000005291,C0042963,,9.2%,0.092,0.092,PT,C0042963,Vomiting,FALSE,4.1,imatinib
CID100005291,CID000005291,C0042963,,9.23%,0.0923077,0.0923077,PT,C0042963,Vomiting,FALSE,4.1,imatinib
CID100005291,CID000005291,C0042963,,very common,0.1,1,PT,C0042963,Vomiting,FALSE,4.1,imatinib
CID100005291,CID000005291,C0042963,placebo,0.6%,0.006,0.006,PT,C0042963,Vomiting,TRUE,4.1,imatinib
CID100005291,CID000005291,C0042963,placebo,13.9%,0.139,0.139,PT,C0042963,Vomiting,TRUE,4.1,imatinib
CID100005291,CID000005291,C0043096,,0%,0,0,PT,C0043096,Weight decreased,FALSE,4.1,imatinib
CID100005291,CID000005291,C0043096,,0.4%,0.004,0.004,PT,C0043096,Weight decreased,FALSE,4.1,imatinib
CID100005291,CID000005291,C0043096,,1.3%,0.013,0.013,PT,C0043096,Weight decreased,FALSE,4.1,imatinib
CID100005291,CID000005291,C0043096,,10.1%,0.101,0.101,PT,C0043096,Weight decreased,FALSE,4.1,imatinib
CID100005291,CID000005291,C0043096,,17.3%,0.173,0.173,PT,C0043096,Weight decreased,FALSE,4.1,imatinib
CID100005291,CID000005291,C0043096,,5.1%,0.051,0.051,PT,C0043096,Weight decreased,FALSE,4.1,imatinib
CID100005291,CID000005291,C0043096,,common,0.01,1,PT,C0043096,Weight decreased,FALSE,4.1,imatinib
CID100005291,CID000005291,C0043096,,infrequent,0.001,0.01,PT,C0043096,Weight decreased,FALSE,4.1,imatinib
CID100005291,CID000005291,C0043096,placebo,0%,0,0,PT,C0043096,Weight decreased,TRUE,4.1,imatinib
CID100005291,CID000005291,C0043096,placebo,5.2%,0.052,0.052,PT,C0043096,Weight decreased,TRUE,4.1,imatinib
CID100005291,CID000005291,C0043094,,0%,0,0,PT,C0043094,Weight increased,FALSE,4.1,imatinib
CID100005291,CID000005291,C0043094,,0.2%,0.002,0.002,PT,C0043094,Weight increased,FALSE,4.1,imatinib
CID100005291,CID000005291,C0043094,,0.3%,0.003,0.003,PT,C0043094,Weight increased,FALSE,4.1,imatinib
CID100005291,CID000005291,C0043094,,0.4%,0.004,0.004,PT,C0043094,Weight increased,FALSE,4.1,imatinib
CID100005291,CID000005291,C0043094,,0.5%,0.005,0.005,PT,C0043094,Weight increased,FALSE,4.1,imatinib
CID100005291,CID000005291,C0043094,,0.6%,0.006,0.006,PT,C0043094,Weight increased,FALSE,4.1,imatinib
CID100005291,CID000005291,C0043094,,0.7%,0.007,0.007,PT,C0043094,Weight increased,FALSE,4.1,imatinib
CID100005291,CID000005291,C0043094,,0.8%,0.008,0.008,PT,C0043094,Weight increased,FALSE,4.1,imatinib
CID100005291,CID000005291,C0043094,,1%,0.01,0.01,PT,C0043094,Weight increased,FALSE,4.1,imatinib
CID100005291,CID000005291,C0043094,,1.5%,0.015,0.015,PT,C0043094,Weight increased,FALSE,4.1,imatinib
CID100005291,CID000005291,C0043094,,1.6%,0.016,0.016,PT,C0043094,Weight increased,FALSE,4.1,imatinib
CID100005291,CID000005291,C0043094,,10.6%,0.106,0.106,PT,C0043094,Weight increased,FALSE,4.1,imatinib
CID100005291,CID000005291,C0043094,,11.6%,0.116,0.116,PT,C0043094,Weight increased,FALSE,4.1,imatinib
CID100005291,CID000005291,C0043094,,12%,0.12,0.12,PT,C0043094,Weight increased,FALSE,4.1,imatinib
CID100005291,CID000005291,C0043094,,13.4%,0.134,0.134,PT,C0043094,Weight increased,FALSE,4.1,imatinib
CID100005291,CID000005291,C0043094,,14%,0.14,0.14,PT,C0043094,Weight increased,FALSE,4.1,imatinib
CID100005291,CID000005291,C0043094,,15.2%,0.152,0.152,PT,C0043094,Weight increased,FALSE,4.1,imatinib
CID100005291,CID000005291,C0043094,,15.6%,0.156,0.156,PT,C0043094,Weight increased,FALSE,4.1,imatinib
CID100005291,CID000005291,C0043094,,16.9%,0.169,0.169,PT,C0043094,Weight increased,FALSE,4.1,imatinib
CID100005291,CID000005291,C0043094,,17%,0.17,0.17,PT,C0043094,Weight increased,FALSE,4.1,imatinib
CID100005291,CID000005291,C0043094,,2%,0.02,0.02,PT,C0043094,Weight increased,FALSE,4.1,imatinib
CID100005291,CID000005291,C0043094,,2.1%,0.021,0.021,PT,C0043094,Weight increased,FALSE,4.1,imatinib
CID100005291,CID000005291,C0043094,,2.6%,0.026,0.026,PT,C0043094,Weight increased,FALSE,4.1,imatinib
CID100005291,CID000005291,C0043094,,26.8%,0.268,0.268,PT,C0043094,Weight increased,FALSE,4.1,imatinib
CID100005291,CID000005291,C0043094,,3%,0.03,0.03,PT,C0043094,Weight increased,FALSE,4.1,imatinib
CID100005291,CID000005291,C0043094,,30%,0.3,0.3,PT,C0043094,Weight increased,FALSE,4.1,imatinib
CID100005291,CID000005291,C0043094,,32%,0.32,0.32,PT,C0043094,Weight increased,FALSE,4.1,imatinib
CID100005291,CID000005291,C0043094,,5%,0.05,0.05,PT,C0043094,Weight increased,FALSE,4.1,imatinib
CID100005291,CID000005291,C0043094,,7%,0.07,0.07,PT,C0043094,Weight increased,FALSE,4.1,imatinib
CID100005291,CID000005291,C0043094,,very common,0.1,1,PT,C0043094,Weight increased,FALSE,4.1,imatinib
CID100005291,CID000005291,C0043094,placebo,0%,0,0,PT,C0043094,Weight increased,TRUE,4.1,imatinib
CID100005291,CID000005291,C0043094,placebo,11.6%,0.116,0.116,PT,C0043094,Weight increased,TRUE,4.1,imatinib
CID100005291,CID000005291,C0750394,,0.6%,0.006,0.006,PT,C0750394,White blood cell count decreased,FALSE,4.1,imatinib
CID100005291,CID000005291,C0750394,,14.5%,0.145,0.145,PT,C0750394,White blood cell count decreased,FALSE,4.1,imatinib
CID100005291,CID000005291,C0750394,,2.1%,0.021,0.021,PT,C0750394,White blood cell count decreased,FALSE,4.1,imatinib
CID100005291,CID000005291,C0750394,,3%,0.03,0.03,PT,C0750394,White blood cell count decreased,FALSE,4.1,imatinib
CID100005291,CID000005291,C0750394,,34.5%,0.345,0.345,PT,C0750394,White blood cell count decreased,FALSE,4.1,imatinib
CID100005291,CID000005291,C0750394,,47%,0.47,0.47,PT,C0750394,White blood cell count decreased,FALSE,4.1,imatinib
CID100005291,CID000005291,C0750394,placebo,0.3%,0.003,0.003,PT,C0750394,White blood cell count decreased,TRUE,4.1,imatinib
CID100005291,CID000005291,C0750394,placebo,4.3%,0.043,0.043,PT,C0750394,White blood cell count decreased,TRUE,4.1,imatinib
CID100644241,CID000644241,C0232487,,common,0.01,1,PT,C0232487,Abdominal discomfort,FALSE,4.1,nilotinib
CID100644241,CID000644241,C0000731,,common,0.01,1,PT,C0000731,Abdominal distension,FALSE,4.1,nilotinib
CID100644241,CID000644241,C0000731,,uncommon,0.001,0.01,PT,C0000731,Abdominal distension,FALSE,4.1,nilotinib
CID100644241,CID000644241,C0000737,,0%,0,0,PT,C0000737,Abdominal pain,FALSE,4.1,nilotinib
CID100644241,CID000644241,C0000737,,1%,0,0.01,PT,C0000737,Abdominal pain,FALSE,4.1,nilotinib
CID100644241,CID000644241,C0000737,,1%,0.01,0.01,PT,C0000737,Abdominal pain,FALSE,4.1,nilotinib
CID100644241,CID000644241,C0000737,,10%,0.1,0.1,PT,C0000737,Abdominal pain,FALSE,4.1,nilotinib
CID100644241,CID000644241,C0000737,,4%,0.04,0.04,PT,C0000737,Abdominal pain,FALSE,4.1,nilotinib
CID100644241,CID000644241,C0000737,,5%,0.05,0.05,PT,C0000737,Abdominal pain,FALSE,4.1,nilotinib
CID100644241,CID000644241,C0000737,,6%,0.06,0.06,PT,C0000737,Abdominal pain,FALSE,4.1,nilotinib
CID100644241,CID000644241,C0000737,,8%,0.08,0.08,PT,C0000737,Abdominal pain,FALSE,4.1,nilotinib
CID100644241,CID000644241,C0027051,,uncommon,0.001,0.01,PT,C0948089,Acute coronary syndrome,FALSE,4.1,nilotinib
CID100644241,CID000644241,C0151905,,3%,0.03,0.03,PT,C0151905,Alanine aminotransferase increased,FALSE,4.1,nilotinib
CID100644241,CID000644241,C0151905,,4%,0.04,0.04,PT,C0151905,Alanine aminotransferase increased,FALSE,4.1,nilotinib
CID100644241,CID000644241,C0151905,,9%,0.09,0.09,PT,C0151905,Alanine aminotransferase increased,FALSE,4.1,nilotinib
CID100644241,CID000644241,C0151905,,common,0.01,1,PT,C0151905,Alanine aminotransferase increased,FALSE,4.1,nilotinib
CID100644241,CID000644241,C0151905,,very common,0.1,1,PT,C0151905,Alanine aminotransferase increased,FALSE,4.1,nilotinib
CID100644241,CID000644241,C0002170,,0%,0,0,PT,C0002170,Alopecia,FALSE,4.1,nilotinib
CID100644241,CID000644241,C0002170,,10%,0.1,0.1,PT,C0002170,Alopecia,FALSE,4.1,nilotinib
CID100644241,CID000644241,C0002170,,14%,0.14,0.14,PT,C0002170,Alopecia,FALSE,4.1,nilotinib
CID100644241,CID000644241,C0002170,,5%,0.05,0.05,PT,C0002170,Alopecia,FALSE,4.1,nilotinib
CID100644241,CID000644241,C0002170,,9%,0.09,0.09,PT,C0002170,Alopecia,FALSE,4.1,nilotinib
CID100644241,CID000644241,C0002170,,common,0.01,1,PT,C0002170,Alopecia,FALSE,4.1,nilotinib
CID100644241,CID000644241,C0002622,,common,0.01,1,PT,C0002622,Amnesia,FALSE,4.1,nilotinib
CID100644241,CID000644241,C0852913,,common,0.01,1,PT,C0151479,Amylase increased,FALSE,4.1,nilotinib
CID100644241,CID000644241,C0002871,,11%,0.11,0.11,PT,C0002871,Anaemia,FALSE,4.1,nilotinib
CID100644241,CID000644241,C0002871,,14%,0.14,0.14,PT,C0002871,Anaemia,FALSE,4.1,nilotinib
CID100644241,CID000644241,C0002871,,27%,0.27,0.27,PT,C0002871,Anaemia,FALSE,4.1,nilotinib
CID100644241,CID000644241,C0002871,,4%,0.04,0.04,PT,C0002871,Anaemia,FALSE,4.1,nilotinib
CID100644241,CID000644241,C0002871,,5%,0.05,0.05,PT,C0002871,Anaemia,FALSE,4.1,nilotinib
CID100644241,CID000644241,C0002871,,6%,0.06,0.06,PT,C0002871,Anaemia,FALSE,4.1,nilotinib
CID100644241,CID000644241,C0002871,,7%,0.07,0.07,PT,C0002871,Anaemia,FALSE,4.1,nilotinib
CID100644241,CID000644241,C0002871,,common,0.01,1,PT,C0002871,Anaemia,FALSE,4.1,nilotinib
CID100644241,CID000644241,C0281778,,uncommon,0.001,0.01,PT,C0281778,Anal abscess,FALSE,4.1,nilotinib
CID100644241,CID000644241,C0002962,,common,0.01,1,PT,C0002962,Angina pectoris,FALSE,4.1,nilotinib
CID100644241,CID000644241,C0002962,,uncommon,0.001,0.01,PT,C0002962,Angina pectoris,FALSE,4.1,nilotinib
CID100644241,CID000644241,C0042373,,1%,0,0.01,PT,C0042373,Angiopathy,FALSE,4.1,nilotinib
CID100644241,CID000644241,C0042373,,10%,0.1,0.1,PT,C0042373,Angiopathy,FALSE,4.1,nilotinib
CID100644241,CID000644241,C0042373,,11%,0.11,0.11,PT,C0042373,Angiopathy,FALSE,4.1,nilotinib
CID100644241,CID000644241,C0042373,,2%,0.02,0.02,PT,C0042373,Angiopathy,FALSE,4.1,nilotinib
CID100644241,CID000644241,C0003467,,common,0.01,1,PT,C0003467,Anxiety,FALSE,4.1,nilotinib
CID100644241,CID000644241,C0003467,,uncommon,0.001,0.01,PT,C0003467,Anxiety,FALSE,4.1,nilotinib
CID100644241,CID000644241,C0003811,,common,0.01,1,PT,C0003811,Arrhythmia,FALSE,4.1,nilotinib
CID100644241,CID000644241,C0264995,,uncommon,0.001,0.01,PT,C0003838,Arterial occlusive disease,FALSE,4.1,nilotinib
CID100644241,CID000644241,C0003850,,uncommon,0.001,0.01,PT,C0003850,Arteriosclerosis,FALSE,4.1,nilotinib
CID100644241,CID000644241,C0003862,,0%,0,0,PT,C0003862,Arthralgia,FALSE,4.1,nilotinib
CID100644241,CID000644241,C0003862,,1%,0,0.01,PT,C0003862,Arthralgia,FALSE,4.1,nilotinib
CID100644241,CID000644241,C0003862,,1%,0.01,0.01,PT,C0003862,Arthralgia,FALSE,4.1,nilotinib
CID100644241,CID000644241,C0003862,,7%,0.07,0.07,PT,C0003862,Arthralgia,FALSE,4.1,nilotinib
CID100644241,CID000644241,C0003862,,8%,0.08,0.08,PT,C0003862,Arthralgia,FALSE,4.1,nilotinib
CID100644241,CID000644241,C0003862,,9%,0.09,0.09,PT,C0003862,Arthralgia,FALSE,4.1,nilotinib
CID100644241,CID000644241,C0003864,,uncommon,0.001,0.01,PT,C0003864,Arthritis,FALSE,4.1,nilotinib
CID100644241,CID000644241,C0151904,,1%,0.01,0.01,PT,C0151904,Aspartate aminotransferase increased,FALSE,4.1,nilotinib
CID100644241,CID000644241,C0151904,,2%,0.02,0.02,PT,C0151904,Aspartate aminotransferase increased,FALSE,4.1,nilotinib
CID100644241,CID000644241,C0151904,,3%,0.03,0.03,PT,C0151904,Aspartate aminotransferase increased,FALSE,4.1,nilotinib
CID100644241,CID000644241,C0151904,,common,0.01,1,PT,C0151904,Aspartate aminotransferase increased,FALSE,4.1,nilotinib
CID100644241,CID000644241,C0151904,,very common,0.1,1,PT,C0151904,Aspartate aminotransferase increased,FALSE,4.1,nilotinib
CID100644241,CID000644241,C0004093,,0%,0,0,PT,C0004093,Asthenia,FALSE,4.1,nilotinib
CID100644241,CID000644241,C0004093,,1%,0,0.01,PT,C0004093,Asthenia,FALSE,4.1,nilotinib
CID100644241,CID000644241,C0004093,,5%,0.05,0.05,PT,C0004093,Asthenia,FALSE,4.1,nilotinib
CID100644241,CID000644241,C0004093,,6%,0.06,0.06,PT,C0004093,Asthenia,FALSE,4.1,nilotinib
CID100644241,CID000644241,C0004093,,8%,0.08,0.08,PT,C0004093,Asthenia,FALSE,4.1,nilotinib
CID100644241,CID000644241,C0004093,,9%,0.09,0.09,PT,C0004093,Asthenia,FALSE,4.1,nilotinib
CID100644241,CID000644241,C0004093,,common,0.01,1,PT,C0004093,Asthenia,FALSE,4.1,nilotinib
CID100644241,CID000644241,C0015672,,0%,0,0,PT,C0004093,Asthenia,FALSE,4.1,nilotinib
CID100644241,CID000644241,C0015672,,1%,0,0.01,PT,C0004093,Asthenia,FALSE,4.1,nilotinib
CID100644241,CID000644241,C0015672,,1%,0.01,0.01,PT,C0004093,Asthenia,FALSE,4.1,nilotinib
CID100644241,CID000644241,C0015672,,10%,0.1,0.1,PT,C0004093,Asthenia,FALSE,4.1,nilotinib
CID100644241,CID000644241,C0015672,,11%,0.11,0.11,PT,C0004093,Asthenia,FALSE,4.1,nilotinib
CID100644241,CID000644241,C0015672,,17%,0.17,0.17,PT,C0004093,Asthenia,FALSE,4.1,nilotinib
CID100644241,CID000644241,C0015672,,very common,0.1,1,PT,C0004093,Asthenia,FALSE,4.1,nilotinib
CID100644241,CID000644241,C0004238,,common,0.01,1,PT,C0004238,Atrial fibrillation,FALSE,4.1,nilotinib
CID100644241,CID000644241,C0004238,,uncommon,0.001,0.01,PT,C0004238,Atrial fibrillation,FALSE,4.1,nilotinib
CID100644241,CID000644241,C0004245,,common,0.01,1,PT,C0004245,Atrioventricular block,FALSE,4.1,nilotinib
CID100644241,CID000644241,C0004604,,common,0.01,1,PT,C0004604,Back pain,FALSE,4.1,nilotinib
CID100644241,CID000644241,C0005741,,uncommon,0.001,0.01,PT,C0005741,Blepharitis,FALSE,4.1,nilotinib
CID100644241,CID000644241,C0005758,,uncommon,0.001,0.01,PT,C0005758,Blister,FALSE,4.1,nilotinib
CID100644241,CID000644241,C0860864,,0%,0,0,PT,C0853777,Blood albumin decreased,FALSE,4.1,nilotinib
CID100644241,CID000644241,C0860864,,1%,0,0.01,PT,C0853777,Blood albumin decreased,FALSE,4.1,nilotinib
CID100644241,CID000644241,C0860864,,3%,0.03,0.03,PT,C0853777,Blood albumin decreased,FALSE,4.1,nilotinib
CID100644241,CID000644241,C0860864,,4%,0.04,0.04,PT,C0853777,Blood albumin decreased,FALSE,4.1,nilotinib
CID100644241,CID000644241,C0151849,,0%,0,0,PT,C0852911,Blood alkaline phosphatase increased,FALSE,4.1,nilotinib
CID100644241,CID000644241,C0151849,,1%,0,0.01,PT,C0852911,Blood alkaline phosphatase increased,FALSE,4.1,nilotinib
CID100644241,CID000644241,C0151849,,1%,0.01,0.01,PT,C0852911,Blood alkaline phosphatase increased,FALSE,4.1,nilotinib
CID100644241,CID000644241,C0852911,,common,0.01,1,PT,C0852911,Blood alkaline phosphatase increased,FALSE,4.1,nilotinib
CID100644241,CID000644241,C0311468,,1%,0,0.01,PT,C0311468,Blood bilirubin increased,FALSE,4.1,nilotinib
CID100644241,CID000644241,C0311468,,4%,0.04,0.04,PT,C0311468,Blood bilirubin increased,FALSE,4.1,nilotinib
CID100644241,CID000644241,C0311468,,7%,0.07,0.07,PT,C0311468,Blood bilirubin increased,FALSE,4.1,nilotinib
CID100644241,CID000644241,C0311468,,8%,0.08,0.08,PT,C0311468,Blood bilirubin increased,FALSE,4.1,nilotinib
CID100644241,CID000644241,C0311468,,9%,0.09,0.09,PT,C0311468,Blood bilirubin increased,FALSE,4.1,nilotinib
CID100644241,CID000644241,C0311468,,common,0.01,1,PT,C0311468,Blood bilirubin increased,FALSE,4.1,nilotinib
CID100644241,CID000644241,C0311468,,very common,0.1,1,PT,C0311468,Blood bilirubin increased,FALSE,4.1,nilotinib
CID100644241,CID000644241,C0854134,,uncommon,0.001,0.01,PT,C0854134,Blood bilirubin unconjugated increased,FALSE,4.1,nilotinib
CID100644241,CID000644241,C0853034,,common,0.01,1,PT,C0853034,Blood creatine phosphokinase increased,FALSE,4.1,nilotinib
CID100644241,CID000644241,C0151578,,0%,0,0,PT,C0235431,Blood creatinine increased,FALSE,4.1,nilotinib
CID100644241,CID000644241,C0151578,,1%,0,0.01,PT,C0235431,Blood creatinine increased,FALSE,4.1,nilotinib
CID100644241,CID000644241,C0151578,,1%,0.01,0.01,PT,C0235431,Blood creatinine increased,FALSE,4.1,nilotinib
CID100644241,CID000644241,C0235431,,uncommon,0.001,0.01,PT,C0235431,Blood creatinine increased,FALSE,4.1,nilotinib
CID100644241,CID000644241,C0595883,,uncommon,0.001,0.01,PT,C0595883,Blood glucose decreased,FALSE,4.1,nilotinib
CID100644241,CID000644241,C0595877,,common,0.01,1,PT,C0595877,Blood glucose increased,FALSE,4.1,nilotinib
CID100644241,CID000644241,C0854380,,uncommon,0.001,0.01,PT,C0854380,Blood insulin decreased,FALSE,4.1,nilotinib
CID100644241,CID000644241,C0852795,,common,0.01,1,PT,C0852795,Blood insulin increased,FALSE,4.1,nilotinib
CID100644241,CID000644241,C0853149,,uncommon,0.001,0.01,PT,C0853149,Blood lactate dehydrogenase increased,FALSE,4.1,nilotinib
CID100644241,CID000644241,C0853023,,uncommon,0.001,0.01,PT,C0853023,Blood parathyroid hormone increased,FALSE,4.1,nilotinib
CID100644241,CID000644241,C0877517,,very common,0.1,1,PT,C0877517,Blood phosphorus decreased,FALSE,4.1,nilotinib
CID100644241,CID000644241,C0497247,,uncommon,0.001,0.01,PT,C0497247,Blood pressure increased,FALSE,4.1,nilotinib
CID100644241,CID000644241,C0020557,,common,0.01,1,PT,C0853692,Blood triglycerides increased,FALSE,4.1,nilotinib
CID100644241,CID000644241,C0151539,,uncommon,0.001,0.01,PT,C0151539,Blood urea increased,FALSE,4.1,nilotinib
CID100644241,CID000644241,C0740394,,uncommon,0.001,0.01,PT,C0235416,Blood uric acid increased,FALSE,4.1,nilotinib
CID100644241,CID000644241,C0015967,,common,0.01,1,PT,C0015967,Body temperature increased,FALSE,4.1,nilotinib
CID100644241,CID000644241,C0151825,,0%,0,0,PT,C0151825,Bone pain,FALSE,4.1,nilotinib
CID100644241,CID000644241,C0151825,,1%,0,0.01,PT,C0151825,Bone pain,FALSE,4.1,nilotinib
CID100644241,CID000644241,C0151825,,3%,0.03,0.03,PT,C0151825,Bone pain,FALSE,4.1,nilotinib
CID100644241,CID000644241,C0151825,,4%,0.04,0.04,PT,C0151825,Bone pain,FALSE,4.1,nilotinib
CID100644241,CID000644241,C0151825,,5%,0.05,0.05,PT,C0151825,Bone pain,FALSE,4.1,nilotinib
CID100644241,CID000644241,C0151825,,6%,0.06,0.06,PT,C0151825,Bone pain,FALSE,4.1,nilotinib
CID100644241,CID000644241,C0151825,,common,0.01,1,PT,C0151825,Bone pain,FALSE,4.1,nilotinib
CID100644241,CID000644241,C0428977,,common,0.01,1,PT,C0428977,Bradycardia,FALSE,4.1,nilotinib
CID100644241,CID000644241,C0428977,,uncommon,0.001,0.01,PT,C0428977,Bradycardia,FALSE,4.1,nilotinib
CID100644241,CID000644241,C1527311,,uncommon,0.001,0.01,PT,C1527311,Brain oedema,FALSE,4.1,nilotinib
CID100644241,CID000644241,C0024902,,uncommon,0.001,0.01,PT,C0024902,Breast pain,FALSE,4.1,nilotinib
CID100644241,CID000644241,C0006277,,uncommon,0.001,0.01,PT,C0006277,Bronchitis,FALSE,4.1,nilotinib
CID100644241,CID000644241,C0006840,,uncommon,0.001,0.01,PT,C0006840,Candida infection,FALSE,4.1,nilotinib
CID100644241,CID000644241,C0006849,,uncommon,0.001,0.01,PT,C0006840,Candida infection,FALSE,4.1,nilotinib
CID100644241,CID000644241,C0018801,,uncommon,0.001,0.01,PT,C0018801,Cardiac failure,FALSE,4.1,nilotinib
CID100644241,CID000644241,C0016385,,common,0.01,1,PT,C0016385,Cardiac flutter,FALSE,4.1,nilotinib
CID100644241,CID000644241,C0018808,,uncommon,0.001,0.01,PT,C0018808,Cardiac murmur,FALSE,4.1,nilotinib
CID100644241,CID000644241,C0018800,,uncommon,0.001,0.01,PT,C0018800,Cardiomegaly,FALSE,4.1,nilotinib
CID100644241,CID000644241,C0235710,,common,0.01,1,PT,C0235710,Chest discomfort,FALSE,4.1,nilotinib
CID100644241,CID000644241,C0008031,,common,0.01,1,PT,C0008031,Chest pain,FALSE,4.1,nilotinib
CID100644241,CID000644241,C0008031,,uncommon,0.001,0.01,PT,C0008031,Chest pain,FALSE,4.1,nilotinib
CID100644241,CID000644241,C0235710,,common,0.01,1,PT,C0008031,Chest pain,FALSE,4.1,nilotinib
CID100644241,CID000644241,C0085593,,uncommon,0.001,0.01,PT,C0085593,Chills,FALSE,4.1,nilotinib
CID100644241,CID000644241,C0008370,,uncommon,0.001,0.01,PT,C0008370,Cholestasis,FALSE,4.1,nilotinib
CID100644241,CID000644241,C0339383,,uncommon,0.001,0.01,PT,C0339383,Chorioretinopathy,FALSE,4.1,nilotinib
CID100644241,CID000644241,C0541832,,uncommon,0.001,0.01,PT,C0541832,Chromaturia,FALSE,4.1,nilotinib
CID100644241,CID000644241,C0009676,,common,0.01,1,PT,C0009676,Confusional state,FALSE,4.1,nilotinib
CID100644241,CID000644241,C0009760,,uncommon,0.001,0.01,PT,C0009760,Conjunctival haemorrhage,FALSE,4.1,nilotinib
CID100644241,CID000644241,C0009763,,common,0.01,1,PT,C0009763,Conjunctivitis,FALSE,4.1,nilotinib
CID100644241,CID000644241,C0009763,,uncommon,0.001,0.01,PT,C0009763,Conjunctivitis,FALSE,4.1,nilotinib
CID100644241,CID000644241,C0009766,,uncommon,0.001,0.01,PT,C0009766,Conjunctivitis allergic,FALSE,4.1,nilotinib
CID100644241,CID000644241,C0009782,,0%,0,0,PT,C0009782,Connective tissue disorder,FALSE,4.1,nilotinib
CID100644241,CID000644241,C0009782,,1%,0,0.01,PT,C0009782,Connective tissue disorder,FALSE,4.1,nilotinib
CID100644241,CID000644241,C0009782,,16%,0.16,0.16,PT,C0009782,Connective tissue disorder,FALSE,4.1,nilotinib
CID100644241,CID000644241,C0009782,,18%,0.18,0.18,PT,C0009782,Connective tissue disorder,FALSE,4.1,nilotinib
CID100644241,CID000644241,C0009782,,19%,0.19,0.19,PT,C0009782,Connective tissue disorder,FALSE,4.1,nilotinib
CID100644241,CID000644241,C0009782,,2%,0.02,0.02,PT,C0009782,Connective tissue disorder,FALSE,4.1,nilotinib
CID100644241,CID000644241,C0009782,,8%,0.08,0.08,PT,C0009782,Connective tissue disorder,FALSE,4.1,nilotinib
CID100644241,CID000644241,C0009782,,common,0.01,1,PT,C0009782,Connective tissue disorder,FALSE,4.1,nilotinib
CID100644241,CID000644241,C0009806,,0%,0,0,PT,C0009806,Constipation,FALSE,4.1,nilotinib
CID100644241,CID000644241,C0009806,,1%,0,0.01,PT,C0009806,Constipation,FALSE,4.1,nilotinib
CID100644241,CID000644241,C0009806,,10%,0.1,0.1,PT,C0009806,Constipation,FALSE,4.1,nilotinib
CID100644241,CID000644241,C0009806,,12%,0.12,0.12,PT,C0009806,Constipation,FALSE,4.1,nilotinib
CID100644241,CID000644241,C0009806,,3%,0.03,0.03,PT,C0009806,Constipation,FALSE,4.1,nilotinib
CID100644241,CID000644241,C0009806,,7%,0.07,0.07,PT,C0009806,Constipation,FALSE,4.1,nilotinib
CID100644241,CID000644241,C0009938,,common,0.01,1,PT,C0009938,Contusion,FALSE,4.1,nilotinib
CID100644241,CID000644241,C1956346,,uncommon,0.001,0.01,PT,C1956346,Coronary artery disease,FALSE,4.1,nilotinib
CID100644241,CID000644241,C0010200,,common,0.01,1,PT,C0010200,Cough,FALSE,4.1,nilotinib
CID100644241,CID000644241,C0010520,,uncommon,0.001,0.01,PT,C0010520,Cyanosis,FALSE,4.1,nilotinib
CID100644241,CID000644241,C1384666,,common,0.01,1,PT,C0011053,Deafness,FALSE,4.1,nilotinib
CID100644241,CID000644241,C0003123,,common,0.01,1,PT,C0232462,Decreased appetite,FALSE,4.1,nilotinib
CID100644241,CID000644241,C0232462,,0%,0,0,PT,C0232462,Decreased appetite,FALSE,4.1,nilotinib
CID100644241,CID000644241,C0232462,,1%,0,0.01,PT,C0232462,Decreased appetite,FALSE,4.1,nilotinib
CID100644241,CID000644241,C0232462,,3%,0.03,0.03,PT,C0232462,Decreased appetite,FALSE,4.1,nilotinib
CID100644241,CID000644241,C0232462,,4%,0.04,0.04,PT,C0232462,Decreased appetite,FALSE,4.1,nilotinib
CID100644241,CID000644241,C0232462,,8%,0.08,0.08,PT,C0232462,Decreased appetite,FALSE,4.1,nilotinib
CID100644241,CID000644241,C0232462,,common,0.01,1,PT,C0232462,Decreased appetite,FALSE,4.1,nilotinib
CID100644241,CID000644241,C0232462,,uncommon,0.001,0.01,PT,C0232462,Decreased appetite,FALSE,4.1,nilotinib
CID100644241,CID000644241,C0011175,,uncommon,0.001,0.01,PT,C0011175,Dehydration,FALSE,4.1,nilotinib
CID100644241,CID000644241,C0241060,,uncommon,0.001,0.01,PT,C0241060,Dermal cyst,FALSE,4.1,nilotinib
CID100644241,CID000644241,C0011603,,common,0.01,1,PT,C0011603,Dermatitis,FALSE,4.1,nilotinib
CID100644241,CID000644241,C0015230,,0%,0,0,PT,C0011603,Dermatitis,FALSE,4.1,nilotinib
CID100644241,CID000644241,C0015230,,1%,0,0.01,PT,C0011603,Dermatitis,FALSE,4.1,nilotinib
CID100644241,CID000644241,C0015230,,1%,0.01,0.01,PT,C0011603,Dermatitis,FALSE,4.1,nilotinib
CID100644241,CID000644241,C0015230,,14%,0.14,0.14,PT,C0011603,Dermatitis,FALSE,4.1,nilotinib
CID100644241,CID000644241,C0015230,,2%,0.02,0.02,PT,C0011603,Dermatitis,FALSE,4.1,nilotinib
CID100644241,CID000644241,C0015230,,28%,0.28,0.28,PT,C0011603,Dermatitis,FALSE,4.1,nilotinib
CID100644241,CID000644241,C0015230,,3%,0.03,0.03,PT,C0011603,Dermatitis,FALSE,4.1,nilotinib
CID100644241,CID000644241,C0015230,,33%,0.33,0.33,PT,C0011603,Dermatitis,FALSE,4.1,nilotinib
CID100644241,CID000644241,C0015230,,37%,0.37,0.37,PT,C0011603,Dermatitis,FALSE,4.1,nilotinib
CID100644241,CID000644241,C0005758,,uncommon,0.001,0.01,PT,C0085932,Dermatitis bullous,FALSE,4.1,nilotinib
CID100644241,CID000644241,C0011849,,common,0.01,1,PT,C0011849,Diabetes mellitus,FALSE,4.1,nilotinib
CID100644241,CID000644241,C0011991,,0%,0,0,PT,C0011991,Diarrhoea,FALSE,4.1,nilotinib
CID100644241,CID000644241,C0011991,,1%,0,0.01,PT,C0011991,Diarrhoea,FALSE,4.1,nilotinib
CID100644241,CID000644241,C0011991,,11%,0.11,0.11,PT,C0011991,Diarrhoea,FALSE,4.1,nilotinib
CID100644241,CID000644241,C0011991,,2%,0.02,0.02,PT,C0011991,Diarrhoea,FALSE,4.1,nilotinib
CID100644241,CID000644241,C0011991,,30%,0.3,0.3,PT,C0011991,Diarrhoea,FALSE,4.1,nilotinib
CID100644241,CID000644241,C0011991,,7%,0.07,0.07,PT,C0011991,Diarrhoea,FALSE,4.1,nilotinib
CID100644241,CID000644241,C0011991,,9%,0.09,0.09,PT,C0011991,Diarrhoea,FALSE,4.1,nilotinib
CID100644241,CID000644241,C0012569,,uncommon,0.001,0.01,PT,C0012569,Diplopia,FALSE,4.1,nilotinib
CID100644241,CID000644241,C0231218,,common,0.01,1,PT,C0234215,Discomfort,FALSE,4.1,nilotinib
CID100644241,CID000644241,C0231218,,uncommon,0.001,0.01,PT,C0234215,Discomfort,FALSE,4.1,nilotinib
CID100644241,CID000644241,C0233407,,common,0.01,1,PT,C0233407,Disorientation,FALSE,4.1,nilotinib
CID100644241,CID000644241,C0233414,,uncommon,0.001,0.01,PT,C0233414,Disturbance in attention,FALSE,4.1,nilotinib
CID100644241,CID000644241,C0012833,,common,0.01,1,PT,C0012833,Dizziness,FALSE,4.1,nilotinib
CID100644241,CID000644241,C0039070,,uncommon,0.001,0.01,PT,C0012833,Dizziness,FALSE,4.1,nilotinib
CID100644241,CID000644241,C0011609,,uncommon,0.001,0.01,PT,C0011609,Drug eruption,FALSE,4.1,nilotinib
CID100644241,CID000644241,C0314719,,common,0.01,1,PT,C0314719,Dry eye,FALSE,4.1,nilotinib
CID100644241,CID000644241,C0314719,,uncommon,0.001,0.01,PT,C0314719,Dry eye,FALSE,4.1,nilotinib
CID100644241,CID000644241,C0043352,,uncommon,0.001,0.01,PT,C0043352,Dry mouth,FALSE,4.1,nilotinib
CID100644241,CID000644241,C0151908,,0%,0,0,PT,C0151908,Dry skin,FALSE,4.1,nilotinib
CID100644241,CID000644241,C0151908,,10%,0.1,0.1,PT,C0151908,Dry skin,FALSE,4.1,nilotinib
CID100644241,CID000644241,C0151908,,5%,0.05,0.05,PT,C0151908,Dry skin,FALSE,4.1,nilotinib
CID100644241,CID000644241,C0151908,,9%,0.09,0.09,PT,C0151908,Dry skin,FALSE,4.1,nilotinib
CID100644241,CID000644241,C0151908,,common,0.01,1,PT,C0151908,Dry skin,FALSE,4.1,nilotinib
CID100644241,CID000644241,C0392699,,uncommon,0.001,0.01,PT,C0392699,Dysaesthesia,FALSE,4.1,nilotinib
CID100644241,CID000644241,C0013378,,common,0.01,1,PT,C0013378,Dysgeusia,FALSE,4.1,nilotinib
CID100644241,CID000644241,C0242339,,uncommon,0.001,0.01,PT,C0242339,Dyslipidaemia,FALSE,4.1,nilotinib
CID100644241,CID000644241,C0013395,,0%,0,0,PT,C0013395,Dyspepsia,FALSE,4.1,nilotinib
CID100644241,CID000644241,C0013395,,1%,0,0.01,PT,C0013395,Dyspepsia,FALSE,4.1,nilotinib
CID100644241,CID000644241,C0013395,,3%,0.03,0.03,PT,C0013395,Dyspepsia,FALSE,4.1,nilotinib
CID100644241,CID000644241,C0013395,,5%,0.05,0.05,PT,C0013395,Dyspepsia,FALSE,4.1,nilotinib
CID100644241,CID000644241,C0013395,,6%,0.06,0.06,PT,C0013395,Dyspepsia,FALSE,4.1,nilotinib
CID100644241,CID000644241,C0013395,,common,0.01,1,PT,C0013395,Dyspepsia,FALSE,4.1,nilotinib
CID100644241,CID000644241,C1527344,,common,0.01,1,PT,C1527344,Dysphonia,FALSE,4.1,nilotinib
CID100644241,CID000644241,C0233477,,common,0.01,1,PT,C0233477,Dysphoria,FALSE,4.1,nilotinib
CID100644241,CID000644241,C0013404,,common,0.01,1,PT,C0013404,Dyspnoea,FALSE,4.1,nilotinib
CID100644241,CID000644241,C0231807,,common,0.01,1,PT,C0231807,Dyspnoea exertional,FALSE,4.1,nilotinib
CID100644241,CID000644241,C0013428,,uncommon,0.001,0.01,PT,C0013428,Dysuria,FALSE,4.1,nilotinib
CID100644241,CID000644241,C0013456,,common,0.01,1,PT,C0013456,Ear pain,FALSE,4.1,nilotinib
CID100644241,CID000644241,C0013491,,uncommon,0.001,0.01,PT,C0013491,Ecchymosis,FALSE,4.1,nilotinib
CID100644241,CID000644241,C0013595,,common,0.01,1,PT,C0013595,Eczema,FALSE,4.1,nilotinib
CID100644241,CID000644241,C0151878,,common,0.01,1,PT,C0151878,Electrocardiogram QT prolonged,FALSE,4.1,nilotinib
CID100644241,CID000644241,C0342579,,common,0.01,1,PT,C0342579,Electrolyte imbalance,FALSE,4.1,nilotinib
CID100644241,CID000644241,C0014356,,uncommon,0.001,0.01,PT,C0014356,Enterocolitis,FALSE,4.1,nilotinib
CID100644241,CID000644241,C0014457,,common,0.01,1,PT,C0014457,Eosinophilia,FALSE,4.1,nilotinib
CID100644241,CID000644241,C0014591,,common,0.01,1,PT,C0014591,Epistaxis,FALSE,4.1,nilotinib
CID100644241,CID000644241,C0014591,,uncommon,0.001,0.01,PT,C0014591,Epistaxis,FALSE,4.1,nilotinib
CID100644241,CID000644241,C0242350,,uncommon,0.001,0.01,PT,C0242350,Erectile dysfunction,FALSE,4.1,nilotinib
CID100644241,CID000644241,C0041834,,0%,0,0,PT,C0041834,Erythema,FALSE,4.1,nilotinib
CID100644241,CID000644241,C0041834,,1%,0,0.01,PT,C0041834,Erythema,FALSE,4.1,nilotinib
CID100644241,CID000644241,C0041834,,2%,0.02,0.02,PT,C0041834,Erythema,FALSE,4.1,nilotinib
CID100644241,CID000644241,C0041834,,3%,0.03,0.03,PT,C0041834,Erythema,FALSE,4.1,nilotinib
CID100644241,CID000644241,C0041834,,5%,0.05,0.05,PT,C0041834,Erythema,FALSE,4.1,nilotinib
CID100644241,CID000644241,C0041834,,6%,0.06,0.06,PT,C0041834,Erythema,FALSE,4.1,nilotinib
CID100644241,CID000644241,C0041834,,common,0.01,1,PT,C0041834,Erythema,FALSE,4.1,nilotinib
CID100644241,CID000644241,C0014742,,uncommon,0.001,0.01,PT,C0014742,Erythema multiforme,FALSE,4.1,nilotinib
CID100644241,CID000644241,C0014743,,uncommon,0.001,0.01,PT,C0014743,Erythema nodosum,FALSE,4.1,nilotinib
CID100644241,CID000644241,C1608945,,uncommon,0.001,0.01,PT,C1608945,Exfoliative rash,FALSE,4.1,nilotinib
CID100644241,CID000644241,C0340464,,common,0.01,1,PT,C0340464,Extrasystoles,FALSE,4.1,nilotinib
CID100644241,CID000644241,C0015402,,common,0.01,1,PT,C0015402,Eye haemorrhage,FALSE,4.1,nilotinib
CID100644241,CID000644241,C0015402,,uncommon,0.001,0.01,PT,C0015402,Eye haemorrhage,FALSE,4.1,nilotinib
CID100644241,CID000644241,C0235266,,uncommon,0.001,0.01,PT,C0235266,Eye irritation,FALSE,4.1,nilotinib
CID100644241,CID000644241,C0151827,,uncommon,0.001,0.01,PT,C0151827,Eye pain,FALSE,4.1,nilotinib
CID100644241,CID000644241,C0022281,,common,0.01,1,PT,C0022281,Eye pruritus,FALSE,4.1,nilotinib
CID100644241,CID000644241,C0270996,,uncommon,0.001,0.01,PT,C0270996,Eye swelling,FALSE,4.1,nilotinib
CID100644241,CID000644241,C0162285,,uncommon,0.001,0.01,PT,C0162285,Eyelid oedema,FALSE,4.1,nilotinib
CID100644241,CID000644241,C0542571,,uncommon,0.001,0.01,PT,C0542571,Face oedema,FALSE,4.1,nilotinib
CID100644241,CID000644241,C0015672,,0%,0,0,PT,C0015672,Fatigue,FALSE,4.1,nilotinib
CID100644241,CID000644241,C0015672,,1%,0,0.01,PT,C0015672,Fatigue,FALSE,4.1,nilotinib
CID100644241,CID000644241,C0015672,,1%,0.01,0.01,PT,C0015672,Fatigue,FALSE,4.1,nilotinib
CID100644241,CID000644241,C0015672,,10%,0.1,0.1,PT,C0015672,Fatigue,FALSE,4.1,nilotinib
CID100644241,CID000644241,C0015672,,11%,0.11,0.11,PT,C0015672,Fatigue,FALSE,4.1,nilotinib
CID100644241,CID000644241,C0015672,,17%,0.17,0.17,PT,C0015672,Fatigue,FALSE,4.1,nilotinib
CID100644241,CID000644241,C0015672,,very common,0.1,1,PT,C0015672,Fatigue,FALSE,4.1,nilotinib
CID100644241,CID000644241,C0746883,,common,0.01,1,PT,C0746883,Febrile neutropenia,FALSE,4.1,nilotinib
CID100644241,CID000644241,C0009676,,common,0.01,1,PT,C1443060,Feeling abnormal,FALSE,4.1,nilotinib
CID100644241,CID000644241,C0231218,,common,0.01,1,PT,C1443060,Feeling abnormal,FALSE,4.1,nilotinib
CID100644241,CID000644241,C0231218,,uncommon,0.001,0.01,PT,C1443060,Feeling abnormal,FALSE,4.1,nilotinib
CID100644241,CID000644241,C2939147,,uncommon,0.001,0.01,PT,C2939147,Feeling hot,FALSE,4.1,nilotinib
CID100644241,CID000644241,C0016199,,common,0.01,1,PT,C0016199,Flank pain,FALSE,4.1,nilotinib
CID100644241,CID000644241,C0016199,,uncommon,0.001,0.01,PT,C0016199,Flank pain,FALSE,4.1,nilotinib
CID100644241,CID000644241,C0016204,,common,0.01,1,PT,C0016204,Flatulence,FALSE,4.1,nilotinib
CID100644241,CID000644241,C0016382,,common,0.01,1,PT,C0016382,Flushing,FALSE,4.1,nilotinib
CID100644241,CID000644241,C0016436,,common,0.01,1,PT,C0016436,Folliculitis,FALSE,4.1,nilotinib
CID100644241,CID000644241,C0242301,,uncommon,0.001,0.01,PT,C0242301,Furuncle,FALSE,4.1,nilotinib
CID100644241,CID000644241,C0151662,,common,0.01,1,PT,C0151662,Gamma-glutamyltransferase increased,FALSE,4.1,nilotinib
CID100644241,CID000644241,C0038358,,uncommon,0.001,0.01,PT,C0038358,Gastric ulcer,FALSE,4.1,nilotinib
CID100644241,CID000644241,C0017152,,uncommon,0.001,0.01,PT,C0017152,Gastritis,FALSE,4.1,nilotinib
CID100644241,CID000644241,C0017160,,uncommon,0.001,0.01,PT,C0017160,Gastroenteritis,FALSE,4.1,nilotinib
CID100644241,CID000644241,C0017178,,1%,0,0.01,PT,C0017178,Gastrointestinal disorder,FALSE,4.1,nilotinib
CID100644241,CID000644241,C0017178,,1%,0.01,0.01,PT,C0017178,Gastrointestinal disorder,FALSE,4.1,nilotinib
CID100644241,CID000644241,C0017178,,14%,0.14,0.14,PT,C0017178,Gastrointestinal disorder,FALSE,4.1,nilotinib
CID100644241,CID000644241,C0017178,,18%,0.18,0.18,PT,C0017178,Gastrointestinal disorder,FALSE,4.1,nilotinib
CID100644241,CID000644241,C0017178,,20%,0.2,0.2,PT,C0017178,Gastrointestinal disorder,FALSE,4.1,nilotinib
CID100644241,CID000644241,C0017178,,21%,0.21,0.21,PT,C0017178,Gastrointestinal disorder,FALSE,4.1,nilotinib
CID100644241,CID000644241,C0017178,,22%,0.22,0.22,PT,C0017178,Gastrointestinal disorder,FALSE,4.1,nilotinib
CID100644241,CID000644241,C0017178,,31%,0.31,0.31,PT,C0017178,Gastrointestinal disorder,FALSE,4.1,nilotinib
CID100644241,CID000644241,C0017178,,37%,0.37,0.37,PT,C0017178,Gastrointestinal disorder,FALSE,4.1,nilotinib
CID100644241,CID000644241,C0017178,,very common,0.1,1,PT,C0017178,Gastrointestinal disorder,FALSE,4.1,nilotinib
CID100644241,CID000644241,C0017181,,uncommon,0.001,0.01,PT,C0017181,Gastrointestinal haemorrhage,FALSE,4.1,nilotinib
CID100644241,CID000644241,C0000737,,0%,0,0,PT,C0687713,Gastrointestinal pain,FALSE,4.1,nilotinib
CID100644241,CID000644241,C0000737,,1%,0,0.01,PT,C0687713,Gastrointestinal pain,FALSE,4.1,nilotinib
CID100644241,CID000644241,C0000737,,1%,0.01,0.01,PT,C0687713,Gastrointestinal pain,FALSE,4.1,nilotinib
CID100644241,CID000644241,C0000737,,10%,0.1,0.1,PT,C0687713,Gastrointestinal pain,FALSE,4.1,nilotinib
CID100644241,CID000644241,C0000737,,4%,0.04,0.04,PT,C0687713,Gastrointestinal pain,FALSE,4.1,nilotinib
CID100644241,CID000644241,C0000737,,5%,0.05,0.05,PT,C0687713,Gastrointestinal pain,FALSE,4.1,nilotinib
CID100644241,CID000644241,C0000737,,6%,0.06,0.06,PT,C0687713,Gastrointestinal pain,FALSE,4.1,nilotinib
CID100644241,CID000644241,C0000737,,8%,0.08,0.08,PT,C0687713,Gastrointestinal pain,FALSE,4.1,nilotinib
CID100644241,CID000644241,C0858346,,uncommon,0.001,0.01,PT,C0858346,Gastrointestinal ulcer perforation,FALSE,4.1,nilotinib
CID100644241,CID000644241,C0017168,,uncommon,0.001,0.01,PT,C0017168,Gastrooesophageal reflux disease,FALSE,4.1,nilotinib
CID100644241,CID000644241,C0017574,,uncommon,0.001,0.01,PT,C0017574,Gingivitis,FALSE,4.1,nilotinib
CID100644241,CID000644241,C0151665,,uncommon,0.001,0.01,PT,C0151665,Globulins decreased,FALSE,4.1,nilotinib
CID100644241,CID000644241,C0018099,,uncommon,0.001,0.01,PT,C0018099,Gout,FALSE,4.1,nilotinib
CID100644241,CID000644241,C0235437,,uncommon,0.001,0.01,PT,C0235437,Gravitational oedema,FALSE,4.1,nilotinib
CID100644241,CID000644241,C0018418,,uncommon,0.001,0.01,PT,C0018418,Gynaecomastia,FALSE,4.1,nilotinib
CID100644241,CID000644241,C0018926,,uncommon,0.001,0.01,PT,C0018926,Haematemesis,FALSE,4.1,nilotinib
CID100644241,CID000644241,C0018944,,uncommon,0.001,0.01,PT,C0018944,Haematoma,FALSE,4.1,nilotinib
CID100644241,CID000644241,C0018965,,uncommon,0.001,0.01,PT,C0018965,Haematuria,FALSE,4.1,nilotinib
CID100644241,CID000644241,C0162119,,common,0.01,1,PT,C0162119,Haemoglobin decreased,FALSE,4.1,nilotinib
CID100644241,CID000644241,C0162119,,uncommon,0.001,0.01,PT,C0162119,Haemoglobin decreased,FALSE,4.1,nilotinib
CID100644241,CID000644241,C0151699,,uncommon,0.001,0.01,PT,C0151699,Haemorrhage intracranial,FALSE,4.1,nilotinib
CID100644241,CID000644241,C0019112,,uncommon,0.001,0.01,PT,C0019112,Haemorrhoids,FALSE,4.1,nilotinib
CID100644241,CID000644241,C0018681,,1%,0,0.01,PT,C0018681,Headache,FALSE,4.1,nilotinib
CID100644241,CID000644241,C0018681,,1%,0.01,0.01,PT,C0018681,Headache,FALSE,4.1,nilotinib
CID100644241,CID000644241,C0018681,,15%,0.15,0.15,PT,C0018681,Headache,FALSE,4.1,nilotinib
CID100644241,CID000644241,C0018681,,2%,0.02,0.02,PT,C0018681,Headache,FALSE,4.1,nilotinib
CID100644241,CID000644241,C0018681,,22%,0.22,0.22,PT,C0018681,Headache,FALSE,4.1,nilotinib
CID100644241,CID000644241,C0018681,,9%,0.09,0.09,PT,C0018681,Headache,FALSE,4.1,nilotinib
CID100644241,CID000644241,C1384666,,common,0.01,1,PT,C1384666,Hearing impaired,FALSE,4.1,nilotinib
CID100644241,CID000644241,C0086565,,common,0.01,1,PT,C0086565,Hepatic function abnormal,FALSE,4.1,nilotinib
CID100644241,CID000644241,C0019158,,uncommon,0.001,0.01,PT,C0019158,Hepatitis,FALSE,4.1,nilotinib
CID100644241,CID000644241,C0019193,,uncommon,0.001,0.01,PT,C0019193,Hepatitis toxic,FALSE,4.1,nilotinib
CID100644241,CID000644241,C0019209,,uncommon,0.001,0.01,PT,C0019209,Hepatomegaly,FALSE,4.1,nilotinib
CID100644241,CID000644241,C0235378,,uncommon,0.001,0.01,PT,C0235378,Hepatotoxicity,FALSE,4.1,nilotinib
CID100644241,CID000644241,C0019372,,uncommon,0.001,0.01,PT,C0019372,Herpes virus infection,FALSE,4.1,nilotinib
CID100644241,CID000644241,C3489393,,uncommon,0.001,0.01,PT,C3489393,Hiatus hernia,FALSE,4.1,nilotinib
CID100644241,CID000644241,C0020452,,uncommon,0.001,0.01,PT,C0020452,Hyperaemia,FALSE,4.1,nilotinib
CID100644241,CID000644241,C0020453,,uncommon,0.001,0.01,PT,C0020453,Hyperaesthesia,FALSE,4.1,nilotinib
CID100644241,CID000644241,C0020433,,very common,0.1,1,PT,C0020433,Hyperbilirubinaemia,FALSE,4.1,nilotinib
CID100644241,CID000644241,C0020437,,common,0.01,1,PT,C0020437,Hypercalcaemia,FALSE,4.1,nilotinib
CID100644241,CID000644241,C0020443,,0%,0,0,PT,C0020443,Hypercholesterolaemia,FALSE,4.1,nilotinib
CID100644241,CID000644241,C0020443,,1%,0.01,0.01,PT,C0020443,Hypercholesterolaemia,FALSE,4.1,nilotinib
CID100644241,CID000644241,C0020443,,common,0.01,1,PT,C0020443,Hypercholesterolaemia,FALSE,4.1,nilotinib
CID100644241,CID000644241,C0020456,,1%,0,0.01,PT,C0020456,Hyperglycaemia,FALSE,4.1,nilotinib
CID100644241,CID000644241,C0020456,,12%,0.12,0.12,PT,C0020456,Hyperglycaemia,FALSE,4.1,nilotinib
CID100644241,CID000644241,C0020456,,6%,0.06,0.06,PT,C0020456,Hyperglycaemia,FALSE,4.1,nilotinib
CID100644241,CID000644241,C0020456,,common,0.01,1,PT,C0020456,Hyperglycaemia,FALSE,4.1,nilotinib
CID100644241,CID000644241,C0020458,,common,0.01,1,PT,C0020458,Hyperhidrosis,FALSE,4.1,nilotinib
CID100644241,CID000644241,C0020461,,1%,0.01,0.01,PT,C0020461,Hyperkalaemia,FALSE,4.1,nilotinib
CID100644241,CID000644241,C0020461,,2%,0.02,0.02,PT,C0020461,Hyperkalaemia,FALSE,4.1,nilotinib
CID100644241,CID000644241,C0020461,,4%,0.04,0.04,PT,C0020461,Hyperkalaemia,FALSE,4.1,nilotinib
CID100644241,CID000644241,C0020461,,6%,0.06,0.06,PT,C0020461,Hyperkalaemia,FALSE,4.1,nilotinib
CID100644241,CID000644241,C0020461,,common,0.01,1,PT,C0020461,Hyperkalaemia,FALSE,4.1,nilotinib
CID100644241,CID000644241,C0020461,,uncommon,0.001,0.01,PT,C0020461,Hyperkalaemia,FALSE,4.1,nilotinib
CID100644241,CID000644241,C0870082,,uncommon,0.001,0.01,PT,C0870082,Hyperkeratosis,FALSE,4.1,nilotinib
CID100644241,CID000644241,C0020473,,common,0.01,1,PT,C0020473,Hyperlipidaemia,FALSE,4.1,nilotinib
CID100644241,CID000644241,C0020503,,uncommon,0.001,0.01,PT,C0020503,Hyperparathyroidism secondary,FALSE,4.1,nilotinib
CID100644241,CID000644241,C0085681,,common,0.01,1,PT,C0085681,Hyperphosphataemia,FALSE,4.1,nilotinib
CID100644241,CID000644241,C0020538,,common,0.01,1,PT,C0020538,Hypertension,FALSE,4.1,nilotinib
CID100644241,CID000644241,C0020546,,uncommon,0.001,0.01,PT,C0020546,Hypertensive crisis,FALSE,4.1,nilotinib
CID100644241,CID000644241,C0020550,,uncommon,0.001,0.01,PT,C0020550,Hyperthyroidism,FALSE,4.1,nilotinib
CID100644241,CID000644241,C0020557,,common,0.01,1,PT,C0020557,Hypertriglyceridaemia,FALSE,4.1,nilotinib
CID100644241,CID000644241,C0740394,,uncommon,0.001,0.01,PT,C0740394,Hyperuricaemia,FALSE,4.1,nilotinib
CID100644241,CID000644241,C0020580,,common,0.01,1,PT,C0020580,Hypoaesthesia,FALSE,4.1,nilotinib
CID100644241,CID000644241,C0020580,,uncommon,0.001,0.01,PT,C0020580,Hypoaesthesia,FALSE,4.1,nilotinib
CID100644241,CID000644241,C0020598,,1%,0,0.01,PT,C0020598,Hypocalcaemia,FALSE,4.1,nilotinib
CID100644241,CID000644241,C0020598,,2%,0.02,0.02,PT,C0020598,Hypocalcaemia,FALSE,4.1,nilotinib
CID100644241,CID000644241,C0020598,,5%,0.05,0.05,PT,C0020598,Hypocalcaemia,FALSE,4.1,nilotinib
CID100644241,CID000644241,C0020598,,common,0.01,1,PT,C0020598,Hypocalcaemia,FALSE,4.1,nilotinib
CID100644241,CID000644241,C0020598,,uncommon,0.001,0.01,PT,C0020598,Hypocalcaemia,FALSE,4.1,nilotinib
CID100644241,CID000644241,C0020615,,uncommon,0.001,0.01,PT,C0020615,Hypoglycaemia,FALSE,4.1,nilotinib
CID100644241,CID000644241,C0020621,,1%,0,0.01,PT,C0020621,Hypokalaemia,FALSE,4.1,nilotinib
CID100644241,CID000644241,C0020621,,2%,0.02,0.02,PT,C0020621,Hypokalaemia,FALSE,4.1,nilotinib
CID100644241,CID000644241,C0020621,,9%,0.09,0.09,PT,C0020621,Hypokalaemia,FALSE,4.1,nilotinib
CID100644241,CID000644241,C0020621,,common,0.01,1,PT,C0020621,Hypokalaemia,FALSE,4.1,nilotinib
CID100644241,CID000644241,C0020621,,uncommon,0.001,0.01,PT,C0020621,Hypokalaemia,FALSE,4.1,nilotinib
CID100644241,CID000644241,C0151723,,common,0.01,1,PT,C0151723,Hypomagnesaemia,FALSE,4.1,nilotinib
CID100644241,CID000644241,C0020625,,1%,0,0.01,PT,C0020625,Hyponatraemia,FALSE,4.1,nilotinib
CID100644241,CID000644241,C0020625,,1%,0.01,0.01,PT,C0020625,Hyponatraemia,FALSE,4.1,nilotinib
CID100644241,CID000644241,C0020625,,7%,0.07,0.07,PT,C0020625,Hyponatraemia,FALSE,4.1,nilotinib
CID100644241,CID000644241,C0020625,,common,0.01,1,PT,C0020625,Hyponatraemia,FALSE,4.1,nilotinib
CID100644241,CID000644241,C0020625,,uncommon,0.001,0.01,PT,C0020625,Hyponatraemia,FALSE,4.1,nilotinib
CID100644241,CID000644241,C0085682,,10%,0.1,0.1,PT,C0085682,Hypophosphataemia,FALSE,4.1,nilotinib
CID100644241,CID000644241,C0085682,,15%,0.15,0.15,PT,C0085682,Hypophosphataemia,FALSE,4.1,nilotinib
CID100644241,CID000644241,C0085682,,17%,0.17,0.17,PT,C0085682,Hypophosphataemia,FALSE,4.1,nilotinib
CID100644241,CID000644241,C0085682,,6%,0.06,0.06,PT,C0085682,Hypophosphataemia,FALSE,4.1,nilotinib
CID100644241,CID000644241,C0085682,,8%,0.08,0.08,PT,C0085682,Hypophosphataemia,FALSE,4.1,nilotinib
CID100644241,CID000644241,C0085682,,9%,0.09,0.09,PT,C0085682,Hypophosphataemia,FALSE,4.1,nilotinib
CID100644241,CID000644241,C0085682,,uncommon,0.001,0.01,PT,C0085682,Hypophosphataemia,FALSE,4.1,nilotinib
CID100644241,CID000644241,C0085682,,very common,0.1,1,PT,C0085682,Hypophosphataemia,FALSE,4.1,nilotinib
CID100644241,CID000644241,C0020649,,uncommon,0.001,0.01,PT,C0020649,Hypotension,FALSE,4.1,nilotinib
CID100644241,CID000644241,C0020676,,uncommon,0.001,0.01,PT,C0020676,Hypothyroidism,FALSE,4.1,nilotinib
CID100644241,CID000644241,C0231218,,common,0.01,1,PT,C2047937,Ill-defined disorder,FALSE,4.1,nilotinib
CID100644241,CID000644241,C0231218,,uncommon,0.001,0.01,PT,C2047937,Ill-defined disorder,FALSE,4.1,nilotinib
CID100644241,CID000644241,C0232461,,uncommon,0.001,0.01,PT,C0232461,Increased appetite,FALSE,4.1,nilotinib
CID100644241,CID000644241,C0009450,,0%,0,0,PT,C0009450,Infection,FALSE,4.1,nilotinib
CID100644241,CID000644241,C0009450,,1%,0,0.01,PT,C0009450,Infection,FALSE,4.1,nilotinib
CID100644241,CID000644241,C0009450,,11%,0.11,0.11,PT,C0009450,Infection,FALSE,4.1,nilotinib
CID100644241,CID000644241,C0009450,,15%,0.15,0.15,PT,C0009450,Infection,FALSE,4.1,nilotinib
CID100644241,CID000644241,C0009450,,16%,0.16,0.16,PT,C0009450,Infection,FALSE,4.1,nilotinib
CID100644241,CID000644241,C0009450,,24%,0.24,0.24,PT,C0009450,Infection,FALSE,4.1,nilotinib
CID100644241,CID000644241,C0851341,,0%,0,0,PT,C1384353,Infestation,FALSE,4.1,nilotinib
CID100644241,CID000644241,C0851341,,1%,0,0.01,PT,C1384353,Infestation,FALSE,4.1,nilotinib
CID100644241,CID000644241,C0851341,,11%,0.11,0.11,PT,C1384353,Infestation,FALSE,4.1,nilotinib
CID100644241,CID000644241,C0851341,,15%,0.15,0.15,PT,C1384353,Infestation,FALSE,4.1,nilotinib
CID100644241,CID000644241,C0851341,,16%,0.16,0.16,PT,C1384353,Infestation,FALSE,4.1,nilotinib
CID100644241,CID000644241,C0851341,,24%,0.24,0.24,PT,C1384353,Infestation,FALSE,4.1,nilotinib
CID100644241,CID000644241,C0521839,,uncommon,0.001,0.01,PT,C0521839,Influenza like illness,FALSE,4.1,nilotinib
CID100644241,CID000644241,C0917801,,common,0.01,1,PT,C0917801,Insomnia,FALSE,4.1,nilotinib
CID100644241,CID000644241,C0861020,,uncommon,0.001,0.01,PT,C0861020,Insulin C-peptide decreased,FALSE,4.1,nilotinib
CID100644241,CID000644241,C0021775,,uncommon,0.001,0.01,PT,C0021775,Intermittent claudication,FALSE,4.1,nilotinib
CID100644241,CID000644241,C0206062,,uncommon,0.001,0.01,PT,C0206062,Interstitial lung disease,FALSE,4.1,nilotinib
CID100644241,CID000644241,C0022346,,uncommon,0.001,0.01,PT,C0022346,Jaundice,FALSE,4.1,nilotinib
CID100644241,CID000644241,C0152031,,uncommon,0.001,0.01,PT,C0152031,Joint swelling,FALSE,4.1,nilotinib
CID100644241,CID000644241,C0858635,,uncommon,0.001,0.01,PT,C0549373,Laryngeal pain,FALSE,4.1,nilotinib
CID100644241,CID000644241,C0023380,,uncommon,0.001,0.01,PT,C0023380,Lethargy,FALSE,4.1,nilotinib
CID100644241,CID000644241,C0023518,,uncommon,0.001,0.01,PT,C0023518,Leukocytosis,FALSE,4.1,nilotinib
CID100644241,CID000644241,C0549475,,18%,0.18,0.18,PT,C0549475,Lipase increased,FALSE,4.1,nilotinib
CID100644241,CID000644241,C0549475,,4%,0.04,0.04,PT,C0549475,Lipase increased,FALSE,4.1,nilotinib
CID100644241,CID000644241,C0549475,,8%,0.08,0.08,PT,C0549475,Lipase increased,FALSE,4.1,nilotinib
CID100644241,CID000644241,C0549475,,9%,0.09,0.09,PT,C0549475,Lipase increased,FALSE,4.1,nilotinib
CID100644241,CID000644241,C0549475,,very common,0.1,1,PT,C0549475,Lipase increased,FALSE,4.1,nilotinib
CID100644241,CID000644241,C0013609,,uncommon,0.001,0.01,PT,C0013609,Localised oedema,FALSE,4.1,nilotinib
CID100644241,CID000644241,C0039070,,uncommon,0.001,0.01,PT,C0041657,Loss of consciousness,FALSE,4.1,nilotinib
CID100644241,CID000644241,C0041657,,uncommon,0.001,0.01,PT,C0041657,Loss of consciousness,FALSE,4.1,nilotinib
CID100644241,CID000644241,C0024312,,common,0.01,1,PT,C0024312,Lymphopenia,FALSE,4.1,nilotinib
CID100644241,CID000644241,C0231218,,common,0.01,1,PT,C0231218,Malaise,FALSE,4.1,nilotinib
CID100644241,CID000644241,C0231218,,uncommon,0.001,0.01,PT,C0231218,Malaise,FALSE,4.1,nilotinib
CID100644241,CID000644241,C0162429,,1%,0,0.01,PT,C0162429,Malnutrition,FALSE,4.1,nilotinib
CID100644241,CID000644241,C0162429,,15%,0.15,0.15,PT,C0162429,Malnutrition,FALSE,4.1,nilotinib
CID100644241,CID000644241,C0162429,,17%,0.17,0.17,PT,C0162429,Malnutrition,FALSE,4.1,nilotinib
CID100644241,CID000644241,C0025061,,0%,0,0,PT,C0025061,Mediastinal disorder,FALSE,4.1,nilotinib
CID100644241,CID000644241,C0025061,,1%,0,0.01,PT,C0025061,Mediastinal disorder,FALSE,4.1,nilotinib
CID100644241,CID000644241,C0025061,,13%,0.13,0.13,PT,C0025061,Mediastinal disorder,FALSE,4.1,nilotinib
CID100644241,CID000644241,C0025061,,17%,0.17,0.17,PT,C0025061,Mediastinal disorder,FALSE,4.1,nilotinib
CID100644241,CID000644241,C0025061,,18%,0.18,0.18,PT,C0025061,Mediastinal disorder,FALSE,4.1,nilotinib
CID100644241,CID000644241,C0025061,,27%,0.27,0.27,PT,C0025061,Mediastinal disorder,FALSE,4.1,nilotinib
CID100644241,CID000644241,C0025222,,uncommon,0.001,0.01,PT,C0025222,Melaena,FALSE,4.1,nilotinib
CID100644241,CID000644241,C0004936,,0%,0,0,PT,C0004936,Mental disorder,FALSE,4.1,nilotinib
CID100644241,CID000644241,C0004936,,1%,0.01,0.01,PT,C0004936,Mental disorder,FALSE,4.1,nilotinib
CID100644241,CID000644241,C0004936,,12%,0.12,0.12,PT,C0004936,Mental disorder,FALSE,4.1,nilotinib
CID100644241,CID000644241,C0004936,,7%,0.07,0.07,PT,C0004936,Mental disorder,FALSE,4.1,nilotinib
CID100644241,CID000644241,C0085606,,uncommon,0.001,0.01,PT,C0085606,Micturition urgency,FALSE,4.1,nilotinib
CID100644241,CID000644241,C0149931,,uncommon,0.001,0.01,PT,C0149931,Migraine,FALSE,4.1,nilotinib
CID100644241,CID000644241,C0149745,,uncommon,0.001,0.01,PT,C0149745,Mouth ulceration,FALSE,4.1,nilotinib
CID100644241,CID000644241,C0037763,,0%,0,0,PT,C0037763,Muscle spasms,FALSE,4.1,nilotinib
CID100644241,CID000644241,C0037763,,1%,0,0.01,PT,C0037763,Muscle spasms,FALSE,4.1,nilotinib
CID100644241,CID000644241,C0037763,,1%,0.01,0.01,PT,C0037763,Muscle spasms,FALSE,4.1,nilotinib
CID100644241,CID000644241,C0037763,,29%,0.29,0.29,PT,C0037763,Muscle spasms,FALSE,4.1,nilotinib
CID100644241,CID000644241,C0037763,,8%,0.08,0.08,PT,C0037763,Muscle spasms,FALSE,4.1,nilotinib
CID100644241,CID000644241,C0037763,,9%,0.09,0.09,PT,C0037763,Muscle spasms,FALSE,4.1,nilotinib
CID100644241,CID000644241,C0151786,,uncommon,0.001,0.01,PT,C0151786,Muscular weakness,FALSE,4.1,nilotinib
CID100644241,CID000644241,C0476280,,common,0.01,1,PT,C0476280,Musculoskeletal chest pain,FALSE,4.1,nilotinib
CID100644241,CID000644241,C0003862,,0%,0,0,PT,C0948594,Musculoskeletal discomfort,FALSE,4.1,nilotinib
CID100644241,CID000644241,C0003862,,1%,0,0.01,PT,C0948594,Musculoskeletal discomfort,FALSE,4.1,nilotinib
CID100644241,CID000644241,C0003862,,1%,0.01,0.01,PT,C0948594,Musculoskeletal discomfort,FALSE,4.1,nilotinib
CID100644241,CID000644241,C0003862,,7%,0.07,0.07,PT,C0948594,Musculoskeletal discomfort,FALSE,4.1,nilotinib
CID100644241,CID000644241,C0003862,,8%,0.08,0.08,PT,C0948594,Musculoskeletal discomfort,FALSE,4.1,nilotinib
CID100644241,CID000644241,C0003862,,9%,0.09,0.09,PT,C0948594,Musculoskeletal discomfort,FALSE,4.1,nilotinib
CID100644241,CID000644241,C0231528,,1%,0,0.01,PT,C0948594,Musculoskeletal discomfort,FALSE,4.1,nilotinib
CID100644241,CID000644241,C0231528,,10%,0.1,0.1,PT,C0948594,Musculoskeletal discomfort,FALSE,4.1,nilotinib
CID100644241,CID000644241,C0231528,,11%,0.11,0.11,PT,C0948594,Musculoskeletal discomfort,FALSE,4.1,nilotinib
CID100644241,CID000644241,C0231528,,12%,0.12,0.12,PT,C0948594,Musculoskeletal discomfort,FALSE,4.1,nilotinib
CID100644241,CID000644241,C0026858,,common,0.01,1,PT,C0026858,Musculoskeletal pain,FALSE,4.1,nilotinib
CID100644241,CID000644241,C0026858,,uncommon,0.001,0.01,PT,C0026858,Musculoskeletal pain,FALSE,4.1,nilotinib
CID100644241,CID000644241,C0948525,,uncommon,0.001,0.01,PT,C0948525,Musculoskeletal stiffness,FALSE,4.1,nilotinib
CID100644241,CID000644241,C0231528,,1%,0,0.01,PT,C0231528,Myalgia,FALSE,4.1,nilotinib
CID100644241,CID000644241,C0231528,,10%,0.1,0.1,PT,C0231528,Myalgia,FALSE,4.1,nilotinib
CID100644241,CID000644241,C0231528,,11%,0.11,0.11,PT,C0231528,Myalgia,FALSE,4.1,nilotinib
CID100644241,CID000644241,C0231528,,12%,0.12,0.12,PT,C0231528,Myalgia,FALSE,4.1,nilotinib
CID100644241,CID000644241,C0027051,,uncommon,0.001,0.01,PT,C0027051,Myocardial infarction,FALSE,4.1,nilotinib
CID100644241,CID000644241,C0027441,,common,0.01,1,PT,C0027441,Nasopharyngitis,FALSE,4.1,nilotinib
CID100644241,CID000644241,C0027497,,0%,0,0,PT,C0027497,Nausea,FALSE,4.1,nilotinib
CID100644241,CID000644241,C0027497,,1%,0,0.01,PT,C0027497,Nausea,FALSE,4.1,nilotinib
CID100644241,CID000644241,C0027497,,1%,0.01,0.01,PT,C0027497,Nausea,FALSE,4.1,nilotinib
CID100644241,CID000644241,C0027497,,14%,0.14,0.14,PT,C0027497,Nausea,FALSE,4.1,nilotinib
CID100644241,CID000644241,C0027497,,20%,0.2,0.2,PT,C0027497,Nausea,FALSE,4.1,nilotinib
CID100644241,CID000644241,C0027497,,21%,0.21,0.21,PT,C0027497,Nausea,FALSE,4.1,nilotinib
CID100644241,CID000644241,C0027497,,34%,0.34,0.34,PT,C0027497,Nausea,FALSE,4.1,nilotinib
CID100644241,CID000644241,C0007859,,common,0.01,1,PT,C0007859,Neck pain,FALSE,4.1,nilotinib
CID100644241,CID000644241,C0027765,,1%,0,0.01,PT,C0027765,Nervous system disorder,FALSE,4.1,nilotinib
CID100644241,CID000644241,C0027765,,1%,0.01,0.01,PT,C0027765,Nervous system disorder,FALSE,4.1,nilotinib
CID100644241,CID000644241,C0027765,,15%,0.15,0.15,PT,C0027765,Nervous system disorder,FALSE,4.1,nilotinib
CID100644241,CID000644241,C0027765,,16%,0.16,0.16,PT,C0027765,Nervous system disorder,FALSE,4.1,nilotinib
CID100644241,CID000644241,C0027765,,2%,0.02,0.02,PT,C0027765,Nervous system disorder,FALSE,4.1,nilotinib
CID100644241,CID000644241,C0027765,,20%,0.2,0.2,PT,C0027765,Nervous system disorder,FALSE,4.1,nilotinib
CID100644241,CID000644241,C0027765,,21%,0.21,0.21,PT,C0027765,Nervous system disorder,FALSE,4.1,nilotinib
CID100644241,CID000644241,C0027765,,22%,0.22,0.22,PT,C0027765,Nervous system disorder,FALSE,4.1,nilotinib
CID100644241,CID000644241,C0027765,,3%,0.03,0.03,PT,C0027765,Nervous system disorder,FALSE,4.1,nilotinib
CID100644241,CID000644241,C0027765,,31%,0.31,0.31,PT,C0027765,Nervous system disorder,FALSE,4.1,nilotinib
CID100644241,CID000644241,C0027765,,35%,0.35,0.35,PT,C0027765,Nervous system disorder,FALSE,4.1,nilotinib
CID100644241,CID000644241,C0027765,,very common,0.1,1,PT,C0027765,Nervous system disorder,FALSE,4.1,nilotinib
CID100644241,CID000644241,C0031117,,common,0.01,1,PT,C0031117,Neuropathy peripheral,FALSE,4.1,nilotinib
CID100644241,CID000644241,C0027947,,11%,0.11,0.11,PT,C0027947,Neutropenia,FALSE,4.1,nilotinib
CID100644241,CID000644241,C0027947,,12%,0.12,0.12,PT,C0027947,Neutropenia,FALSE,4.1,nilotinib
CID100644241,CID000644241,C0027947,,15%,0.15,0.15,PT,C0027947,Neutropenia,FALSE,4.1,nilotinib
CID100644241,CID000644241,C0027947,,17%,0.17,0.17,PT,C0027947,Neutropenia,FALSE,4.1,nilotinib
CID100644241,CID000644241,C0027947,,21%,0.21,0.21,PT,C0027947,Neutropenia,FALSE,4.1,nilotinib
CID100644241,CID000644241,C0027947,,31%,0.31,0.31,PT,C0027947,Neutropenia,FALSE,4.1,nilotinib
CID100644241,CID000644241,C0027947,,42%,0.42,0.42,PT,C0027947,Neutropenia,FALSE,4.1,nilotinib
CID100644241,CID000644241,C0027947,,very common,0.1,1,PT,C0027947,Neutropenia,FALSE,4.1,nilotinib
CID100644241,CID000644241,C0028081,,common,0.01,1,PT,C0028081,Night sweats,FALSE,4.1,nilotinib
CID100644241,CID000644241,C0028734,,uncommon,0.001,0.01,PT,C0028734,Nocturia,FALSE,4.1,nilotinib
CID100644241,CID000644241,C0476281,,common,0.01,1,PT,C0476281,Non-cardiac chest pain,FALSE,4.1,nilotinib
CID100644241,CID000644241,C1557335,,uncommon,0.001,0.01,PT,C1557335,Ocular surface disease,FALSE,4.1,nilotinib
CID100644241,CID000644241,C0085649,,0%,0,0,PT,C0085649,Oedema peripheral,FALSE,4.1,nilotinib
CID100644241,CID000644241,C0085649,,1%,0,0.01,PT,C0085649,Oedema peripheral,FALSE,4.1,nilotinib
CID100644241,CID000644241,C0085649,,17%,0.17,0.17,PT,C0085649,Oedema peripheral,FALSE,4.1,nilotinib
CID100644241,CID000644241,C0085649,,5%,0.05,0.05,PT,C0085649,Oedema peripheral,FALSE,4.1,nilotinib
CID100644241,CID000644241,C0085649,,6%,0.06,0.06,PT,C0085649,Oedema peripheral,FALSE,4.1,nilotinib
CID100644241,CID000644241,C0085649,,common,0.01,1,PT,C0085649,Oedema peripheral,FALSE,4.1,nilotinib
CID100644241,CID000644241,C0221727,,uncommon,0.001,0.01,PT,C0221727,Oesophageal pain,FALSE,4.1,nilotinib
CID100644241,CID000644241,C2586050,,uncommon,0.001,0.01,PT,C2586050,Oesophagitis ulcerative,FALSE,4.1,nilotinib
CID100644241,CID000644241,C0029134,,uncommon,0.001,0.01,PT,C0029134,Optic neuritis,FALSE,4.1,nilotinib
CID100644241,CID000644241,C0030353,,uncommon,0.001,0.01,PT,C0029134,Optic neuritis,FALSE,4.1,nilotinib
CID100644241,CID000644241,C0006849,,uncommon,0.001,0.01,PT,C0006849,Oral candidiasis,FALSE,4.1,nilotinib
CID100644241,CID000644241,C1262299,,common,0.01,1,PT,C1262299,Oral papilloma,FALSE,4.1,nilotinib
CID100644241,CID000644241,C2363731,,uncommon,0.001,0.01,PT,C2363731,Oropharyngeal pain,FALSE,4.1,nilotinib
CID100644241,CID000644241,C0030193,,common,0.01,1,PT,C0030193,Pain,FALSE,4.1,nilotinib
CID100644241,CID000644241,C0030193,,uncommon,0.001,0.01,PT,C0030193,Pain,FALSE,4.1,nilotinib
CID100644241,CID000644241,C0030196,,1%,0,0.01,PT,C0030196,Pain in extremity,FALSE,4.1,nilotinib
CID100644241,CID000644241,C0030196,,3%,0.03,0.03,PT,C0030196,Pain in extremity,FALSE,4.1,nilotinib
CID100644241,CID000644241,C0030196,,5%,0.05,0.05,PT,C0030196,Pain in extremity,FALSE,4.1,nilotinib
CID100644241,CID000644241,C0030196,,7%,0.07,0.07,PT,C0030196,Pain in extremity,FALSE,4.1,nilotinib
CID100644241,CID000644241,C0241136,,uncommon,0.001,0.01,PT,C0241136,Pain of skin,FALSE,4.1,nilotinib
CID100644241,CID000644241,C0030252,,common,0.01,1,PT,C0030252,Palpitations,FALSE,4.1,nilotinib
CID100644241,CID000644241,C0030305,,common,0.01,1,PT,C0030305,Pancreatitis,FALSE,4.1,nilotinib
CID100644241,CID000644241,C0030305,,uncommon,0.001,0.01,PT,C0030305,Pancreatitis,FALSE,4.1,nilotinib
CID100644241,CID000644241,C0030312,,common,0.01,1,PT,C0030312,Pancytopenia,FALSE,4.1,nilotinib
CID100644241,CID000644241,C0030312,,uncommon,0.001,0.01,PT,C0030312,Pancytopenia,FALSE,4.1,nilotinib
CID100644241,CID000644241,C0030353,,uncommon,0.001,0.01,PT,C0030353,Papilloedema,FALSE,4.1,nilotinib
CID100644241,CID000644241,C0030554,,common,0.01,1,PT,C0030554,Paraesthesia,FALSE,4.1,nilotinib
CID100644241,CID000644241,C0030554,,uncommon,0.001,0.01,PT,C0030554,Paraesthesia,FALSE,4.1,nilotinib
CID100644241,CID000644241,C0030489,,common,0.01,1,PT,C0030489,Paraproteinaemia,FALSE,4.1,nilotinib
CID100644241,CID000644241,C0031039,,uncommon,0.001,0.01,PT,C0031039,Pericardial effusion,FALSE,4.1,nilotinib
CID100644241,CID000644241,C0031046,,uncommon,0.001,0.01,PT,C0031046,Pericarditis,FALSE,4.1,nilotinib
CID100644241,CID000644241,C0151205,,common,0.01,1,PT,C0151205,Periorbital oedema,FALSE,4.1,nilotinib
CID100644241,CID000644241,C0151205,,uncommon,0.001,0.01,PT,C0151205,Periorbital oedema,FALSE,4.1,nilotinib
CID100644241,CID000644241,C1306889,,uncommon,0.001,0.01,PT,C1306889,Peripheral arterial occlusive disease,FALSE,4.1,nilotinib
CID100644241,CID000644241,C0877334,,uncommon,0.001,0.01,PT,C3495797,Peripheral artery stenosis,FALSE,4.1,nilotinib
CID100644241,CID000644241,C0031256,,uncommon,0.001,0.01,PT,C0031256,Petechiae,FALSE,4.1,nilotinib
CID100644241,CID000644241,C0031350,,common,0.01,1,PT,C0031350,Pharyngitis,FALSE,4.1,nilotinib
CID100644241,CID000644241,C0031350,,uncommon,0.001,0.01,PT,C0031350,Pharyngitis,FALSE,4.1,nilotinib
CID100644241,CID000644241,C0085636,,uncommon,0.001,0.01,PT,C0085636,Photophobia,FALSE,4.1,nilotinib
CID100644241,CID000644241,C0085635,,uncommon,0.001,0.01,PT,C0085635,Photopsia,FALSE,4.1,nilotinib
CID100644241,CID000644241,C0349506,,uncommon,0.001,0.01,PT,C0162830,Photosensitivity reaction,FALSE,4.1,nilotinib
CID100644241,CID000644241,C0032227,,uncommon,0.001,0.01,PT,C0032227,Pleural effusion,FALSE,4.1,nilotinib
CID100644241,CID000644241,C0032231,,uncommon,0.001,0.01,PT,C0032231,Pleurisy,FALSE,4.1,nilotinib
CID100644241,CID000644241,C0008033,,uncommon,0.001,0.01,PT,C0008033,Pleuritic pain,FALSE,4.1,nilotinib
CID100644241,CID000644241,C0032285,,uncommon,0.001,0.01,PT,C0032285,Pneumonia,FALSE,4.1,nilotinib
CID100644241,CID000644241,C0042023,,common,0.01,1,PT,C0042023,Pollakiuria,FALSE,4.1,nilotinib
CID100644241,CID000644241,C0042023,,uncommon,0.001,0.01,PT,C0042023,Pollakiuria,FALSE,4.1,nilotinib
CID100644241,CID000644241,C0085606,,uncommon,0.001,0.01,PT,C0042023,Pollakiuria,FALSE,4.1,nilotinib
CID100644241,CID000644241,C0033774,,0%,0,0,PT,C0033774,Pruritus,FALSE,4.1,nilotinib
CID100644241,CID000644241,C0033774,,1%,0,0.01,PT,C0033774,Pruritus,FALSE,4.1,nilotinib
CID100644241,CID000644241,C0033774,,14%,0.14,0.14,PT,C0033774,Pruritus,FALSE,4.1,nilotinib
CID100644241,CID000644241,C0033774,,18%,0.18,0.18,PT,C0033774,Pruritus,FALSE,4.1,nilotinib
CID100644241,CID000644241,C0033774,,24%,0.24,0.24,PT,C0033774,Pruritus,FALSE,4.1,nilotinib
CID100644241,CID000644241,C0033774,,5%,0.05,0.05,PT,C0033774,Pruritus,FALSE,4.1,nilotinib
CID100644241,CID000644241,C0033860,,uncommon,0.001,0.01,PT,C0033860,Psoriasis,FALSE,4.1,nilotinib
CID100644241,CID000644241,C0020542,,uncommon,0.001,0.01,PT,C0020542,Pulmonary hypertension,FALSE,4.1,nilotinib
CID100644241,CID000644241,C0034063,,uncommon,0.001,0.01,PT,C0034063,Pulmonary oedema,FALSE,4.1,nilotinib
CID100644241,CID000644241,C0015230,,0%,0,0,PT,C0015230,Rash,FALSE,4.1,nilotinib
CID100644241,CID000644241,C0015230,,1%,0,0.01,PT,C0015230,Rash,FALSE,4.1,nilotinib
CID100644241,CID000644241,C0015230,,1%,0.01,0.01,PT,C0015230,Rash,FALSE,4.1,nilotinib
CID100644241,CID000644241,C0015230,,14%,0.14,0.14,PT,C0015230,Rash,FALSE,4.1,nilotinib
CID100644241,CID000644241,C0015230,,2%,0.02,0.02,PT,C0015230,Rash,FALSE,4.1,nilotinib
CID100644241,CID000644241,C0015230,,28%,0.28,0.28,PT,C0015230,Rash,FALSE,4.1,nilotinib
CID100644241,CID000644241,C0015230,,3%,0.03,0.03,PT,C0015230,Rash,FALSE,4.1,nilotinib
CID100644241,CID000644241,C0015230,,33%,0.33,0.33,PT,C0015230,Rash,FALSE,4.1,nilotinib
CID100644241,CID000644241,C0015230,,37%,0.37,0.37,PT,C0015230,Rash,FALSE,4.1,nilotinib
CID100644241,CID000644241,C0267596,,uncommon,0.001,0.01,PT,C0267596,Rectal haemorrhage,FALSE,4.1,nilotinib
CID100644241,CID000644241,C0035078,,uncommon,0.001,0.01,PT,C0035078,Renal failure,FALSE,4.1,nilotinib
CID100644241,CID000644241,C0035258,,uncommon,0.001,0.01,PT,C0035258,Restless legs syndrome,FALSE,4.1,nilotinib
CID100644241,CID000644241,C0151705,,uncommon,0.001,0.01,PT,C0151705,Retroperitoneal haemorrhage,FALSE,4.1,nilotinib
CID100644241,CID000644241,C0035455,,common,0.01,1,PT,C0035455,Rhinitis,FALSE,4.1,nilotinib
CID100644241,CID000644241,C0406484,,uncommon,0.001,0.01,PT,C0406484,Sebaceous hyperplasia,FALSE,4.1,nilotinib
CID100644241,CID000644241,C0011432,,uncommon,0.001,0.01,PT,C0011432,Sensitivity of teeth,FALSE,4.1,nilotinib
CID100644241,CID000644241,C0243026,,uncommon,0.001,0.01,PT,C0243026,Sepsis,FALSE,4.1,nilotinib
CID100644241,CID000644241,C0039070,,uncommon,0.001,0.01,PT,C0036974,Shock,FALSE,4.1,nilotinib
CID100644241,CID000644241,C0036982,,uncommon,0.001,0.01,PT,C0036982,Shock haemorrhagic,FALSE,4.1,nilotinib
CID100644241,CID000644241,C0151514,,uncommon,0.001,0.01,PT,C0151514,Skin atrophy,FALSE,4.1,nilotinib
CID100644241,CID000644241,C0151907,,uncommon,0.001,0.01,PT,C0151907,Skin discolouration,FALSE,4.1,nilotinib
CID100644241,CID000644241,C0178298,,0%,0,0,PT,C0037274,Skin disorder,FALSE,4.1,nilotinib
CID100644241,CID000644241,C0178298,,2%,0.02,0.02,PT,C0037274,Skin disorder,FALSE,4.1,nilotinib
CID100644241,CID000644241,C0178298,,28%,0.28,0.28,PT,C0037274,Skin disorder,FALSE,4.1,nilotinib
CID100644241,CID000644241,C0178298,,29%,0.29,0.29,PT,C0037274,Skin disorder,FALSE,4.1,nilotinib
CID100644241,CID000644241,C0178298,,33%,0.33,0.33,PT,C0037274,Skin disorder,FALSE,4.1,nilotinib
CID100644241,CID000644241,C0178298,,36%,0.36,0.36,PT,C0037274,Skin disorder,FALSE,4.1,nilotinib
CID100644241,CID000644241,C0237849,,uncommon,0.001,0.01,PT,C0237849,Skin exfoliation,FALSE,4.1,nilotinib
CID100644241,CID000644241,C0162834,,uncommon,0.001,0.01,PT,C0162834,Skin hyperpigmentation,FALSE,4.1,nilotinib
CID100644241,CID000644241,C0151717,,uncommon,0.001,0.01,PT,C0151717,Skin hypertrophy,FALSE,4.1,nilotinib
CID100644241,CID000644241,C0347390,,common,0.01,1,PT,C0347390,Skin papilloma,FALSE,4.1,nilotinib
CID100644241,CID000644241,C0037299,,uncommon,0.001,0.01,PT,C0037299,Skin ulcer,FALSE,4.1,nilotinib
CID100644241,CID000644241,C0038362,,uncommon,0.001,0.01,PT,C0038362,Stomatitis,FALSE,4.1,nilotinib
CID100644241,CID000644241,C0149745,,uncommon,0.001,0.01,PT,C0038362,Stomatitis,FALSE,4.1,nilotinib
CID100644241,CID000644241,C0241266,,uncommon,0.001,0.01,PT,C0241266,Subcutaneous abscess,FALSE,4.1,nilotinib
CID100644241,CID000644241,C0919671,,uncommon,0.001,0.01,PT,C0919671,Subileus,FALSE,4.1,nilotinib
CID100644241,CID000644241,C0151602,,uncommon,0.001,0.01,PT,C0151602,Swelling face,FALSE,4.1,nilotinib
CID100644241,CID000644241,C0039070,,uncommon,0.001,0.01,PT,C0039070,Syncope,FALSE,4.1,nilotinib
CID100644241,CID000644241,C0039231,,common,0.01,1,PT,C0039231,Tachycardia,FALSE,4.1,nilotinib
CID100644241,CID000644241,C0700184,,uncommon,0.001,0.01,PT,C0700184,Throat irritation,FALSE,4.1,nilotinib
CID100644241,CID000644241,C0040034,,10%,0.1,0.1,PT,C0040034,Thrombocytopenia,FALSE,4.1,nilotinib
CID100644241,CID000644241,C0040034,,12%,0.12,0.12,PT,C0040034,Thrombocytopenia,FALSE,4.1,nilotinib
CID100644241,CID000644241,C0040034,,18%,0.18,0.18,PT,C0040034,Thrombocytopenia,FALSE,4.1,nilotinib
CID100644241,CID000644241,C0040034,,30%,0.3,0.3,PT,C0040034,Thrombocytopenia,FALSE,4.1,nilotinib
CID100644241,CID000644241,C0040034,,31%,0.31,0.31,PT,C0040034,Thrombocytopenia,FALSE,4.1,nilotinib
CID100644241,CID000644241,C0040034,,42%,0.42,0.42,PT,C0040034,Thrombocytopenia,FALSE,4.1,nilotinib
CID100644241,CID000644241,C0040034,,9%,0.09,0.09,PT,C0040034,Thrombocytopenia,FALSE,4.1,nilotinib
CID100644241,CID000644241,C0040034,,very common,0.1,1,PT,C0040034,Thrombocytopenia,FALSE,4.1,nilotinib
CID100644241,CID000644241,C0836924,,uncommon,0.001,0.01,PT,C0836924,Thrombocytosis,FALSE,4.1,nilotinib
CID100644241,CID000644241,C0040053,,uncommon,0.001,0.01,PT,C0040053,Thrombosis,FALSE,4.1,nilotinib
CID100644241,CID000644241,C0040147,,uncommon,0.001,0.01,PT,C0040147,Thyroiditis,FALSE,4.1,nilotinib
CID100644241,CID000644241,C0040259,,uncommon,0.001,0.01,PT,C0040259,Tinea pedis,FALSE,4.1,nilotinib
CID100644241,CID000644241,C0040264,,common,0.01,1,PT,C0040264,Tinnitus,FALSE,4.1,nilotinib
CID100644241,CID000644241,C0040822,,uncommon,0.001,0.01,PT,C0040822,Tremor,FALSE,4.1,nilotinib
CID100644241,CID000644241,C1141948,,uncommon,0.001,0.01,PT,C1141948,Troponin increased,FALSE,4.1,nilotinib
CID100644241,CID000644241,C0041364,,rare,0,0.001,PT,C0041364,Tumour lysis syndrome,FALSE,4.1,nilotinib
CID100644241,CID000644241,C0041912,,common,0.01,1,PT,C0041912,Upper respiratory tract infection,FALSE,4.1,nilotinib
CID100644241,CID000644241,C0042024,,uncommon,0.001,0.01,PT,C0042024,Urinary incontinence,FALSE,4.1,nilotinib
CID100644241,CID000644241,C0042029,,uncommon,0.001,0.01,PT,C0042029,Urinary tract infection,FALSE,4.1,nilotinib
CID100644241,CID000644241,C0042109,,common,0.01,1,PT,C0042109,Urticaria,FALSE,4.1,nilotinib
CID100644241,CID000644241,C0242973,,uncommon,0.001,0.01,PT,C0242973,Ventricular dysfunction,FALSE,4.1,nilotinib
CID100644241,CID000644241,C0151636,,common,0.01,1,PT,C0151636,Ventricular extrasystoles,FALSE,4.1,nilotinib
CID100644241,CID000644241,C0042571,,common,0.01,1,PT,C0042571,Vertigo,FALSE,4.1,nilotinib
CID100644241,CID000644241,C0344232,,uncommon,0.001,0.01,PT,C0344232,Vision blurred,FALSE,4.1,nilotinib
CID100644241,CID000644241,C0234632,,uncommon,0.001,0.01,PT,C0234632,Visual acuity reduced,FALSE,4.1,nilotinib
CID100644241,CID000644241,C3665347,,uncommon,0.001,0.01,PT,C3665347,Visual impairment,FALSE,4.1,nilotinib
CID100644241,CID000644241,C0042963,,0%,0,0,PT,C0042963,Vomiting,FALSE,4.1,nilotinib
CID100644241,CID000644241,C0042963,,1%,0,0.01,PT,C0042963,Vomiting,FALSE,4.1,nilotinib
CID100644241,CID000644241,C0042963,,1%,0.01,0.01,PT,C0042963,Vomiting,FALSE,4.1,nilotinib
CID100644241,CID000644241,C0042963,,10%,0.1,0.1,PT,C0042963,Vomiting,FALSE,4.1,nilotinib
CID100644241,CID000644241,C0042963,,18%,0.18,0.18,PT,C0042963,Vomiting,FALSE,4.1,nilotinib
CID100644241,CID000644241,C0042963,,6%,0.06,0.06,PT,C0042963,Vomiting,FALSE,4.1,nilotinib
CID100644241,CID000644241,C0042963,,9%,0.09,0.09,PT,C0042963,Vomiting,FALSE,4.1,nilotinib
CID100644241,CID000644241,C0043096,,common,0.01,1,PT,C0043096,Weight decreased,FALSE,4.1,nilotinib
CID100644241,CID000644241,C0043094,,common,0.01,1,PT,C0043094,Weight increased,FALSE,4.1,nilotinib
CID100644241,CID000644241,C0043144,,uncommon,0.001,0.01,PT,C0043144,Wheezing,FALSE,4.1,nilotinib
CID100644241,CID000644241,C0043349,,common,0.01,1,PT,C0043349,Xerophthalmia,FALSE,4.1,nilotinib
CID124826799,CID024826799,C0000737,,10%,0.1,0.1,PT,C0000737,Abdominal pain,FALSE,4.1,ponatinib
CID124826799,CID024826799,C0000737,,11%,0.11,0.11,PT,C0000737,Abdominal pain,FALSE,4.1,ponatinib
CID124826799,CID024826799,C0000737,,3.6%,0.036,0.036,PT,C0000737,Abdominal pain,FALSE,4.1,ponatinib
CID124826799,CID024826799,C0000737,,34%,0.34,0.34,PT,C0000737,Abdominal pain,FALSE,4.1,ponatinib
CID124826799,CID024826799,C0000737,,40%,0.4,0.4,PT,C0000737,Abdominal pain,FALSE,4.1,ponatinib
CID124826799,CID024826799,C0000737,,44%,0.44,0.44,PT,C0000737,Abdominal pain,FALSE,4.1,ponatinib
CID124826799,CID024826799,C0000737,,49%,0.49,0.49,PT,C0000737,Abdominal pain,FALSE,4.1,ponatinib
CID124826799,CID024826799,C0000737,,6%,0.06,0.06,PT,C0000737,Abdominal pain,FALSE,4.1,ponatinib
CID124826799,CID024826799,C0000737,,8%,0.08,0.08,PT,C0000737,Abdominal pain,FALSE,4.1,ponatinib
CID124826799,CID024826799,C0027051,,2.9%,0.029,0.029,PT,C0948089,Acute coronary syndrome,FALSE,4.1,ponatinib
CID124826799,CID024826799,C0151905,,12%,0.12,0.12,PT,C0151905,Alanine aminotransferase increased,FALSE,4.1,ponatinib
CID124826799,CID024826799,C0151905,,53%,0.53,0.53,PT,C0151905,Alanine aminotransferase increased,FALSE,4.1,ponatinib
CID124826799,CID024826799,C0151905,,6%,0.06,0.06,PT,C0151905,Alanine aminotransferase increased,FALSE,4.1,ponatinib
CID124826799,CID024826799,C0151905,,8%,0.08,0.08,PT,C0151905,Alanine aminotransferase increased,FALSE,4.1,ponatinib
CID124826799,CID024826799,C0859978,,0%,0,0,PT,C0859978,Amylase decreased,FALSE,4.1,ponatinib
CID124826799,CID024826799,C0859978,,1%,0,0.01,PT,C0859978,Amylase decreased,FALSE,4.1,ponatinib
CID124826799,CID024826799,C0859978,,2%,0.02,0.02,PT,C0859978,Amylase decreased,FALSE,4.1,ponatinib
CID124826799,CID024826799,C0151479,,1%,0,0.01,PT,C0151479,Amylase increased,FALSE,4.1,ponatinib
CID124826799,CID024826799,C0151479,,3%,0.03,0.03,PT,C0151479,Amylase increased,FALSE,4.1,ponatinib
CID124826799,CID024826799,C0002871,,20%,0.2,0.2,PT,C0002871,Anaemia,FALSE,4.1,ponatinib
CID124826799,CID024826799,C0002871,,26%,0.26,0.26,PT,C0002871,Anaemia,FALSE,4.1,ponatinib
CID124826799,CID024826799,C0002871,,34%,0.34,0.34,PT,C0002871,Anaemia,FALSE,4.1,ponatinib
CID124826799,CID024826799,C0002871,,48%,0.48,0.48,PT,C0002871,Anaemia,FALSE,4.1,ponatinib
CID124826799,CID024826799,C0002871,,55%,0.55,0.55,PT,C0002871,Anaemia,FALSE,4.1,ponatinib
CID124826799,CID024826799,C0002871,,9%,0.09,0.09,PT,C0002871,Anaemia,FALSE,4.1,ponatinib
CID124826799,CID024826799,C0003862,,0%,0,0,PT,C0003862,Arthralgia,FALSE,4.1,ponatinib
CID124826799,CID024826799,C0003862,,1%,0.01,0.01,PT,C0003862,Arthralgia,FALSE,4.1,ponatinib
CID124826799,CID024826799,C0003862,,13%,0.13,0.13,PT,C0003862,Arthralgia,FALSE,4.1,ponatinib
CID124826799,CID024826799,C0003862,,19%,0.19,0.19,PT,C0003862,Arthralgia,FALSE,4.1,ponatinib
CID124826799,CID024826799,C0003862,,2%,0.02,0.02,PT,C0003862,Arthralgia,FALSE,4.1,ponatinib
CID124826799,CID024826799,C0003862,,26%,0.26,0.26,PT,C0003862,Arthralgia,FALSE,4.1,ponatinib
CID124826799,CID024826799,C0003862,,31%,0.31,0.31,PT,C0003862,Arthralgia,FALSE,4.1,ponatinib
CID124826799,CID024826799,C0151904,,2%,0.02,0.02,PT,C0151904,Aspartate aminotransferase increased,FALSE,4.1,ponatinib
CID124826799,CID024826799,C0151904,,3%,0.03,0.03,PT,C0151904,Aspartate aminotransferase increased,FALSE,4.1,ponatinib
CID124826799,CID024826799,C0151904,,4%,0.04,0.04,PT,C0151904,Aspartate aminotransferase increased,FALSE,4.1,ponatinib
CID124826799,CID024826799,C0151904,,41%,0.41,0.41,PT,C0151904,Aspartate aminotransferase increased,FALSE,4.1,ponatinib
CID124826799,CID024826799,C0004093,,3%,0.03,0.03,PT,C0004093,Asthenia,FALSE,4.1,ponatinib
CID124826799,CID024826799,C0004093,,31%,0.31,0.31,PT,C0004093,Asthenia,FALSE,4.1,ponatinib
CID124826799,CID024826799,C0004093,,35%,0.35,0.35,PT,C0004093,Asthenia,FALSE,4.1,ponatinib
CID124826799,CID024826799,C0004093,,36%,0.36,0.36,PT,C0004093,Asthenia,FALSE,4.1,ponatinib
CID124826799,CID024826799,C0004093,,39%,0.39,0.39,PT,C0004093,Asthenia,FALSE,4.1,ponatinib
CID124826799,CID024826799,C0004093,,5%,0.05,0.05,PT,C0004093,Asthenia,FALSE,4.1,ponatinib
CID124826799,CID024826799,C0004093,,6%,0.06,0.06,PT,C0004093,Asthenia,FALSE,4.1,ponatinib
CID124826799,CID024826799,C0015672,,3%,0.03,0.03,PT,C0004093,Asthenia,FALSE,4.1,ponatinib
CID124826799,CID024826799,C0015672,,31%,0.31,0.31,PT,C0004093,Asthenia,FALSE,4.1,ponatinib
CID124826799,CID024826799,C0015672,,35%,0.35,0.35,PT,C0004093,Asthenia,FALSE,4.1,ponatinib
CID124826799,CID024826799,C0015672,,36%,0.36,0.36,PT,C0004093,Asthenia,FALSE,4.1,ponatinib
CID124826799,CID024826799,C0015672,,39%,0.39,0.39,PT,C0004093,Asthenia,FALSE,4.1,ponatinib
CID124826799,CID024826799,C0015672,,5%,0.05,0.05,PT,C0004093,Asthenia,FALSE,4.1,ponatinib
CID124826799,CID024826799,C0015672,,6%,0.06,0.06,PT,C0004093,Asthenia,FALSE,4.1,ponatinib
CID124826799,CID024826799,C0004604,,0%,0,0,PT,C0004604,Back pain,FALSE,4.1,ponatinib
CID124826799,CID024826799,C0004604,,1%,0.01,0.01,PT,C0004604,Back pain,FALSE,4.1,ponatinib
CID124826799,CID024826799,C0004604,,11%,0.11,0.11,PT,C0004604,Back pain,FALSE,4.1,ponatinib
CID124826799,CID024826799,C0004604,,13%,0.13,0.13,PT,C0004604,Back pain,FALSE,4.1,ponatinib
CID124826799,CID024826799,C0004604,,15%,0.15,0.15,PT,C0004604,Back pain,FALSE,4.1,ponatinib
CID124826799,CID024826799,C0004604,,16%,0.16,0.16,PT,C0004604,Back pain,FALSE,4.1,ponatinib
CID124826799,CID024826799,C0004604,,2%,0.02,0.02,PT,C0004604,Back pain,FALSE,4.1,ponatinib
CID124826799,CID024826799,C0860864,,1%,0.01,0.01,PT,C0853777,Blood albumin decreased,FALSE,4.1,ponatinib
CID124826799,CID024826799,C0860864,,28%,0.28,0.28,PT,C0853777,Blood albumin decreased,FALSE,4.1,ponatinib
CID124826799,CID024826799,C0151849,,1%,0.01,0.01,PT,C0852911,Blood alkaline phosphatase increased,FALSE,4.1,ponatinib
CID124826799,CID024826799,C0151849,,2%,0.02,0.02,PT,C0852911,Blood alkaline phosphatase increased,FALSE,4.1,ponatinib
CID124826799,CID024826799,C0151849,,37%,0.37,0.37,PT,C0852911,Blood alkaline phosphatase increased,FALSE,4.1,ponatinib
CID124826799,CID024826799,C0151849,,4%,0.04,0.04,PT,C0852911,Blood alkaline phosphatase increased,FALSE,4.1,ponatinib
CID124826799,CID024826799,C0311468,,1%,0.01,0.01,PT,C0311468,Blood bilirubin increased,FALSE,4.1,ponatinib
CID124826799,CID024826799,C0311468,,19%,0.19,0.19,PT,C0311468,Blood bilirubin increased,FALSE,4.1,ponatinib
CID124826799,CID024826799,C0860967,,1%,0.01,0.01,PT,C3665624,Blood calcium decreased,FALSE,4.1,ponatinib
CID124826799,CID024826799,C0860967,,52%,0.52,0.52,PT,C3665624,Blood calcium decreased,FALSE,4.1,ponatinib
CID124826799,CID024826799,C0151578,,1%,0,0.01,PT,C0235431,Blood creatinine increased,FALSE,4.1,ponatinib
CID124826799,CID024826799,C0151578,,7%,0.07,0.07,PT,C0235431,Blood creatinine increased,FALSE,4.1,ponatinib
CID124826799,CID024826799,C1704381,,0%,0,0,PT,C0595883,Blood glucose decreased,FALSE,4.1,ponatinib
CID124826799,CID024826799,C1704381,,24%,0.24,0.24,PT,C0595883,Blood glucose decreased,FALSE,4.1,ponatinib
CID124826799,CID024826799,C0860803,,0%,0,0,PT,C0595877,Blood glucose increased,FALSE,4.1,ponatinib
CID124826799,CID024826799,C0860803,,5%,0.05,0.05,PT,C0595877,Blood glucose increased,FALSE,4.1,ponatinib
CID124826799,CID024826799,C0860803,,58%,0.58,0.58,PT,C0595877,Blood glucose increased,FALSE,4.1,ponatinib
CID124826799,CID024826799,C0860803,,6%,0.06,0.06,PT,C0595877,Blood glucose increased,FALSE,4.1,ponatinib
CID124826799,CID024826799,C0860803,,7%,0.07,0.07,PT,C0595877,Blood glucose increased,FALSE,4.1,ponatinib
CID124826799,CID024826799,C0920102,,57%,0.57,0.57,PT,C0877517,Blood phosphorus decreased,FALSE,4.1,ponatinib
CID124826799,CID024826799,C0920102,,6%,0.06,0.06,PT,C0877517,Blood phosphorus decreased,FALSE,4.1,ponatinib
CID124826799,CID024826799,C0920102,,7%,0.07,0.07,PT,C0877517,Blood phosphorus decreased,FALSE,4.1,ponatinib
CID124826799,CID024826799,C0920102,,8%,0.08,0.08,PT,C0877517,Blood phosphorus decreased,FALSE,4.1,ponatinib
CID124826799,CID024826799,C0920102,,9%,0.09,0.09,PT,C0877517,Blood phosphorus decreased,FALSE,4.1,ponatinib
CID124826799,CID024826799,C0860866,,1%,0,0.01,PT,C0853761,Blood potassium decreased,FALSE,4.1,ponatinib
CID124826799,CID024826799,C0860866,,16%,0.16,0.16,PT,C0853761,Blood potassium decreased,FALSE,4.1,ponatinib
CID124826799,CID024826799,C0860866,,2%,0.02,0.02,PT,C0853761,Blood potassium decreased,FALSE,4.1,ponatinib
CID124826799,CID024826799,C0860866,,4%,0.04,0.04,PT,C0853761,Blood potassium decreased,FALSE,4.1,ponatinib
CID124826799,CID024826799,C0856882,,1%,0.01,0.01,PT,C0853760,Blood potassium increased,FALSE,4.1,ponatinib
CID124826799,CID024826799,C0856882,,15%,0.15,0.15,PT,C0853760,Blood potassium increased,FALSE,4.1,ponatinib
CID124826799,CID024826799,C0856882,,2%,0.02,0.02,PT,C0853760,Blood potassium increased,FALSE,4.1,ponatinib
CID124826799,CID024826799,C0856882,,3%,0.03,0.03,PT,C0853760,Blood potassium increased,FALSE,4.1,ponatinib
CID124826799,CID024826799,C0595879,,1%,0,0.01,PT,C0595878,Blood sodium increased,FALSE,4.1,ponatinib
CID124826799,CID024826799,C0595879,,10%,0.1,0.1,PT,C0595878,Blood sodium increased,FALSE,4.1,ponatinib
CID124826799,CID024826799,C0015967,,0%,0,0,PT,C0015967,Body temperature increased,FALSE,4.1,ponatinib
CID124826799,CID024826799,C0015967,,1%,0.01,0.01,PT,C0015967,Body temperature increased,FALSE,4.1,ponatinib
CID124826799,CID024826799,C0015967,,23%,0.23,0.23,PT,C0015967,Body temperature increased,FALSE,4.1,ponatinib
CID124826799,CID024826799,C0015967,,25%,0.25,0.25,PT,C0015967,Body temperature increased,FALSE,4.1,ponatinib
CID124826799,CID024826799,C0015967,,3%,0.03,0.03,PT,C0015967,Body temperature increased,FALSE,4.1,ponatinib
CID124826799,CID024826799,C0015967,,3.3%,0.033,0.033,PT,C0015967,Body temperature increased,FALSE,4.1,ponatinib
CID124826799,CID024826799,C0015967,,31%,0.31,0.31,PT,C0015967,Body temperature increased,FALSE,4.1,ponatinib
CID124826799,CID024826799,C0015967,,32%,0.32,0.32,PT,C0015967,Body temperature increased,FALSE,4.1,ponatinib
CID124826799,CID024826799,C0015967,,5%,0.05,0.05,PT,C0015967,Body temperature increased,FALSE,4.1,ponatinib
CID124826799,CID024826799,C0151825,,1%,0,0.01,PT,C0151825,Bone pain,FALSE,4.1,ponatinib
CID124826799,CID024826799,C0151825,,1%,0.01,0.01,PT,C0151825,Bone pain,FALSE,4.1,ponatinib
CID124826799,CID024826799,C0151825,,11%,0.11,0.11,PT,C0151825,Bone pain,FALSE,4.1,ponatinib
CID124826799,CID024826799,C0151825,,12%,0.12,0.12,PT,C0151825,Bone pain,FALSE,4.1,ponatinib
CID124826799,CID024826799,C0151825,,3%,0.03,0.03,PT,C0151825,Bone pain,FALSE,4.1,ponatinib
CID124826799,CID024826799,C0151825,,9%,0.09,0.09,PT,C0151825,Bone pain,FALSE,4.1,ponatinib
CID124826799,CID024826799,C0018801,,15%,0.15,0.15,PT,C0018801,Cardiac failure,FALSE,4.1,ponatinib
CID124826799,CID024826799,C0018801,,3%,0.03,0.03,PT,C0018801,Cardiac failure,FALSE,4.1,ponatinib
CID124826799,CID024826799,C0018801,,4%,0.04,0.04,PT,C0018801,Cardiac failure,FALSE,4.1,ponatinib
CID124826799,CID024826799,C0018801,,6%,0.06,0.06,PT,C0018801,Cardiac failure,FALSE,4.1,ponatinib
CID124826799,CID024826799,C0018801,,7%,0.07,0.07,PT,C0018801,Cardiac failure,FALSE,4.1,ponatinib
CID124826799,CID024826799,C0018801,,8%,0.08,0.08,PT,C0018801,Cardiac failure,FALSE,4.1,ponatinib
CID124826799,CID024826799,C0007642,,0%,0,0,PT,C0007642,Cellulitis,FALSE,4.1,ponatinib
CID124826799,CID024826799,C0007642,,1%,0.01,0.01,PT,C0007642,Cellulitis,FALSE,4.1,ponatinib
CID124826799,CID024826799,C0007642,,11%,0.11,0.11,PT,C0007642,Cellulitis,FALSE,4.1,ponatinib
CID124826799,CID024826799,C0007642,,2%,0.02,0.02,PT,C0007642,Cellulitis,FALSE,4.1,ponatinib
CID124826799,CID024826799,C0007642,,3%,0.03,0.03,PT,C0007642,Cellulitis,FALSE,4.1,ponatinib
CID124826799,CID024826799,C0007642,,4%,0.04,0.04,PT,C0007642,Cellulitis,FALSE,4.1,ponatinib
CID124826799,CID024826799,C0085593,,0%,0,0,PT,C0085593,Chills,FALSE,4.1,ponatinib
CID124826799,CID024826799,C0085593,,11%,0.11,0.11,PT,C0085593,Chills,FALSE,4.1,ponatinib
CID124826799,CID024826799,C0085593,,13%,0.13,0.13,PT,C0085593,Chills,FALSE,4.1,ponatinib
CID124826799,CID024826799,C0085593,,2%,0.02,0.02,PT,C0085593,Chills,FALSE,4.1,ponatinib
CID124826799,CID024826799,C0085593,,7%,0.07,0.07,PT,C0085593,Chills,FALSE,4.1,ponatinib
CID124826799,CID024826799,C0085593,,9%,0.09,0.09,PT,C0085593,Chills,FALSE,4.1,ponatinib
CID124826799,CID024826799,C0009806,,0%,0,0,PT,C0009806,Constipation,FALSE,4.1,ponatinib
CID124826799,CID024826799,C0009806,,2%,0.02,0.02,PT,C0009806,Constipation,FALSE,4.1,ponatinib
CID124826799,CID024826799,C0009806,,24%,0.24,0.24,PT,C0009806,Constipation,FALSE,4.1,ponatinib
CID124826799,CID024826799,C0009806,,26%,0.26,0.26,PT,C0009806,Constipation,FALSE,4.1,ponatinib
CID124826799,CID024826799,C0009806,,3%,0.03,0.03,PT,C0009806,Constipation,FALSE,4.1,ponatinib
CID124826799,CID024826799,C0009806,,37%,0.37,0.37,PT,C0009806,Constipation,FALSE,4.1,ponatinib
CID124826799,CID024826799,C0009806,,47%,0.47,0.47,PT,C0009806,Constipation,FALSE,4.1,ponatinib
CID124826799,CID024826799,C0010200,,0%,0,0,PT,C0010200,Cough,FALSE,4.1,ponatinib
CID124826799,CID024826799,C0010200,,12%,0.12,0.12,PT,C0010200,Cough,FALSE,4.1,ponatinib
CID124826799,CID024826799,C0010200,,17%,0.17,0.17,PT,C0010200,Cough,FALSE,4.1,ponatinib
CID124826799,CID024826799,C0010200,,18%,0.18,0.18,PT,C0010200,Cough,FALSE,4.1,ponatinib
CID124826799,CID024826799,C0010200,,6%,0.06,0.06,PT,C0010200,Cough,FALSE,4.1,ponatinib
CID124826799,CID024826799,C0232462,,0%,0,0,PT,C0232462,Decreased appetite,FALSE,4.1,ponatinib
CID124826799,CID024826799,C0232462,,1%,0,0.01,PT,C0232462,Decreased appetite,FALSE,4.1,ponatinib
CID124826799,CID024826799,C0232462,,1%,0.01,0.01,PT,C0232462,Decreased appetite,FALSE,4.1,ponatinib
CID124826799,CID024826799,C0232462,,12%,0.12,0.12,PT,C0232462,Decreased appetite,FALSE,4.1,ponatinib
CID124826799,CID024826799,C0232462,,31%,0.31,0.31,PT,C0232462,Decreased appetite,FALSE,4.1,ponatinib
CID124826799,CID024826799,C0232462,,8%,0.08,0.08,PT,C0232462,Decreased appetite,FALSE,4.1,ponatinib
CID124826799,CID024826799,C0015230,,11%,0.11,0.11,PT,C0011603,Dermatitis,FALSE,4.1,ponatinib
CID124826799,CID024826799,C0015230,,34%,0.34,0.34,PT,C0011603,Dermatitis,FALSE,4.1,ponatinib
CID124826799,CID024826799,C0015230,,39%,0.39,0.39,PT,C0011603,Dermatitis,FALSE,4.1,ponatinib
CID124826799,CID024826799,C0015230,,48%,0.48,0.48,PT,C0011603,Dermatitis,FALSE,4.1,ponatinib
CID124826799,CID024826799,C0015230,,5%,0.05,0.05,PT,C0011603,Dermatitis,FALSE,4.1,ponatinib
CID124826799,CID024826799,C0015230,,54%,0.54,0.54,PT,C0011603,Dermatitis,FALSE,4.1,ponatinib
CID124826799,CID024826799,C0015230,,6%,0.06,0.06,PT,C0011603,Dermatitis,FALSE,4.1,ponatinib
CID124826799,CID024826799,C0015230,,8%,0.08,0.08,PT,C0011603,Dermatitis,FALSE,4.1,ponatinib
CID124826799,CID024826799,C0011991,,0%,0,0,PT,C0011991,Diarrhoea,FALSE,4.1,ponatinib
CID124826799,CID024826799,C0011991,,1%,0.01,0.01,PT,C0011991,Diarrhoea,FALSE,4.1,ponatinib
CID124826799,CID024826799,C0011991,,1.6%,0.016,0.016,PT,C0011991,Diarrhoea,FALSE,4.1,ponatinib
CID124826799,CID024826799,C0011991,,13%,0.13,0.13,PT,C0011991,Diarrhoea,FALSE,4.1,ponatinib
CID124826799,CID024826799,C0011991,,16%,0.16,0.16,PT,C0011991,Diarrhoea,FALSE,4.1,ponatinib
CID124826799,CID024826799,C0011991,,18%,0.18,0.18,PT,C0011991,Diarrhoea,FALSE,4.1,ponatinib
CID124826799,CID024826799,C0011991,,26%,0.26,0.26,PT,C0011991,Diarrhoea,FALSE,4.1,ponatinib
CID124826799,CID024826799,C0011991,,3%,0.03,0.03,PT,C0011991,Diarrhoea,FALSE,4.1,ponatinib
CID124826799,CID024826799,C0012833,,0%,0,0,PT,C0012833,Dizziness,FALSE,4.1,ponatinib
CID124826799,CID024826799,C0012833,,11%,0.11,0.11,PT,C0012833,Dizziness,FALSE,4.1,ponatinib
CID124826799,CID024826799,C0012833,,3%,0.03,0.03,PT,C0012833,Dizziness,FALSE,4.1,ponatinib
CID124826799,CID024826799,C0012833,,5%,0.05,0.05,PT,C0012833,Dizziness,FALSE,4.1,ponatinib
CID124826799,CID024826799,C0151908,,0%,0,0,PT,C0151908,Dry skin,FALSE,4.1,ponatinib
CID124826799,CID024826799,C0151908,,1%,0.01,0.01,PT,C0151908,Dry skin,FALSE,4.1,ponatinib
CID124826799,CID024826799,C0151908,,2%,0.02,0.02,PT,C0151908,Dry skin,FALSE,4.1,ponatinib
CID124826799,CID024826799,C0151908,,24%,0.24,0.24,PT,C0151908,Dry skin,FALSE,4.1,ponatinib
CID124826799,CID024826799,C0151908,,25%,0.25,0.25,PT,C0151908,Dry skin,FALSE,4.1,ponatinib
CID124826799,CID024826799,C0151908,,27%,0.27,0.27,PT,C0151908,Dry skin,FALSE,4.1,ponatinib
CID124826799,CID024826799,C0151908,,39%,0.39,0.39,PT,C0151908,Dry skin,FALSE,4.1,ponatinib
CID124826799,CID024826799,C0013404,,0%,0,0,PT,C0013404,Dyspnoea,FALSE,4.1,ponatinib
CID124826799,CID024826799,C0013404,,11%,0.11,0.11,PT,C0013404,Dyspnoea,FALSE,4.1,ponatinib
CID124826799,CID024826799,C0013404,,15%,0.15,0.15,PT,C0013404,Dyspnoea,FALSE,4.1,ponatinib
CID124826799,CID024826799,C0013404,,2%,0.02,0.02,PT,C0013404,Dyspnoea,FALSE,4.1,ponatinib
CID124826799,CID024826799,C0013404,,21%,0.21,0.21,PT,C0013404,Dyspnoea,FALSE,4.1,ponatinib
CID124826799,CID024826799,C0013404,,6%,0.06,0.06,PT,C0013404,Dyspnoea,FALSE,4.1,ponatinib
CID124826799,CID024826799,C0013404,,7%,0.07,0.07,PT,C0013404,Dyspnoea,FALSE,4.1,ponatinib
CID124826799,CID024826799,C0015672,,3%,0.03,0.03,PT,C0015672,Fatigue,FALSE,4.1,ponatinib
CID124826799,CID024826799,C0015672,,31%,0.31,0.31,PT,C0015672,Fatigue,FALSE,4.1,ponatinib
CID124826799,CID024826799,C0015672,,35%,0.35,0.35,PT,C0015672,Fatigue,FALSE,4.1,ponatinib
CID124826799,CID024826799,C0015672,,36%,0.36,0.36,PT,C0015672,Fatigue,FALSE,4.1,ponatinib
CID124826799,CID024826799,C0015672,,39%,0.39,0.39,PT,C0015672,Fatigue,FALSE,4.1,ponatinib
CID124826799,CID024826799,C0015672,,5%,0.05,0.05,PT,C0015672,Fatigue,FALSE,4.1,ponatinib
CID124826799,CID024826799,C0015672,,6%,0.06,0.06,PT,C0015672,Fatigue,FALSE,4.1,ponatinib
CID124826799,CID024826799,C0746883,,1%,0,0.01,PT,C0746883,Febrile neutropenia,FALSE,4.1,ponatinib
CID124826799,CID024826799,C0746883,,1%,0.01,0.01,PT,C0746883,Febrile neutropenia,FALSE,4.1,ponatinib
CID124826799,CID024826799,C0746883,,11%,0.11,0.11,PT,C0746883,Febrile neutropenia,FALSE,4.1,ponatinib
CID124826799,CID024826799,C0746883,,2.9%,0.029,0.029,PT,C0746883,Febrile neutropenia,FALSE,4.1,ponatinib
CID124826799,CID024826799,C0746883,,25%,0.25,0.25,PT,C0746883,Febrile neutropenia,FALSE,4.1,ponatinib
CID124826799,CID024826799,C0746883,,4%,0.04,0.04,PT,C0746883,Febrile neutropenia,FALSE,4.1,ponatinib
CID124826799,CID024826799,C0151662,,6%,0.06,0.06,PT,C0151662,Gamma-glutamyltransferase increased,FALSE,4.1,ponatinib
CID124826799,CID024826799,C0017181,,1%,0,0.01,PT,C0017181,Gastrointestinal haemorrhage,FALSE,4.1,ponatinib
CID124826799,CID024826799,C0017181,,1%,0.01,0.01,PT,C0017181,Gastrointestinal haemorrhage,FALSE,4.1,ponatinib
CID124826799,CID024826799,C0017181,,11%,0.11,0.11,PT,C0017181,Gastrointestinal haemorrhage,FALSE,4.1,ponatinib
CID124826799,CID024826799,C0017181,,2%,0.02,0.02,PT,C0017181,Gastrointestinal haemorrhage,FALSE,4.1,ponatinib
CID124826799,CID024826799,C0017181,,5%,0.05,0.05,PT,C0017181,Gastrointestinal haemorrhage,FALSE,4.1,ponatinib
CID124826799,CID024826799,C0017181,,6%,0.06,0.06,PT,C0017181,Gastrointestinal haemorrhage,FALSE,4.1,ponatinib
CID124826799,CID024826799,C0017181,,8%,0.08,0.08,PT,C0017181,Gastrointestinal haemorrhage,FALSE,4.1,ponatinib
CID124826799,CID024826799,C0017181,,9%,0.09,0.09,PT,C0017181,Gastrointestinal haemorrhage,FALSE,4.1,ponatinib
CID124826799,CID024826799,C0000737,,10%,0.1,0.1,PT,C0687713,Gastrointestinal pain,FALSE,4.1,ponatinib
CID124826799,CID024826799,C0000737,,11%,0.11,0.11,PT,C0687713,Gastrointestinal pain,FALSE,4.1,ponatinib
CID124826799,CID024826799,C0000737,,3.6%,0.036,0.036,PT,C0687713,Gastrointestinal pain,FALSE,4.1,ponatinib
CID124826799,CID024826799,C0000737,,34%,0.34,0.34,PT,C0687713,Gastrointestinal pain,FALSE,4.1,ponatinib
CID124826799,CID024826799,C0000737,,40%,0.4,0.4,PT,C0687713,Gastrointestinal pain,FALSE,4.1,ponatinib
CID124826799,CID024826799,C0000737,,44%,0.44,0.44,PT,C0687713,Gastrointestinal pain,FALSE,4.1,ponatinib
CID124826799,CID024826799,C0000737,,49%,0.49,0.49,PT,C0687713,Gastrointestinal pain,FALSE,4.1,ponatinib
CID124826799,CID024826799,C0000737,,6%,0.06,0.06,PT,C0687713,Gastrointestinal pain,FALSE,4.1,ponatinib
CID124826799,CID024826799,C0000737,,8%,0.08,0.08,PT,C0687713,Gastrointestinal pain,FALSE,4.1,ponatinib
CID124826799,CID024826799,C0018681,,0%,0,0,PT,C0018681,Headache,FALSE,4.1,ponatinib
CID124826799,CID024826799,C0018681,,25%,0.25,0.25,PT,C0018681,Headache,FALSE,4.1,ponatinib
CID124826799,CID024826799,C0018681,,28%,0.28,0.28,PT,C0018681,Headache,FALSE,4.1,ponatinib
CID124826799,CID024826799,C0018681,,3%,0.03,0.03,PT,C0018681,Headache,FALSE,4.1,ponatinib
CID124826799,CID024826799,C0018681,,31%,0.31,0.31,PT,C0018681,Headache,FALSE,4.1,ponatinib
CID124826799,CID024826799,C0018681,,39%,0.39,0.39,PT,C0018681,Headache,FALSE,4.1,ponatinib
CID124826799,CID024826799,C0553702,,0%,0,0,PT,C0020437,Hypercalcaemia,FALSE,4.1,ponatinib
CID124826799,CID024826799,C0553702,,5%,0.05,0.05,PT,C0020437,Hypercalcaemia,FALSE,4.1,ponatinib
CID124826799,CID024826799,C0020538,,26%,0.26,0.26,PT,C0020538,Hypertension,FALSE,4.1,ponatinib
CID124826799,CID024826799,C0020538,,31%,0.31,0.31,PT,C0020538,Hypertension,FALSE,4.1,ponatinib
CID124826799,CID024826799,C0020538,,36%,0.36,0.36,PT,C0020538,Hypertension,FALSE,4.1,ponatinib
CID124826799,CID024826799,C0020538,,39%,0.39,0.39,PT,C0020538,Hypertension,FALSE,4.1,ponatinib
CID124826799,CID024826799,C0020538,,53%,0.53,0.53,PT,C0020538,Hypertension,FALSE,4.1,ponatinib
CID124826799,CID024826799,C0020538,,65%,0.65,0.65,PT,C0020538,Hypertension,FALSE,4.1,ponatinib
CID124826799,CID024826799,C0020538,,68%,0.68,0.68,PT,C0020538,Hypertension,FALSE,4.1,ponatinib
CID124826799,CID024826799,C0020538,,71%,0.71,0.71,PT,C0020538,Hypertension,FALSE,4.1,ponatinib
CID124826799,CID024826799,C0860871,,2%,0.02,0.02,PT,C0020625,Hyponatraemia,FALSE,4.1,ponatinib
CID124826799,CID024826799,C0860871,,29%,0.29,0.29,PT,C0020625,Hyponatraemia,FALSE,4.1,ponatinib
CID124826799,CID024826799,C0860871,,4%,0.04,0.04,PT,C0020625,Hyponatraemia,FALSE,4.1,ponatinib
CID124826799,CID024826799,C0860871,,5%,0.05,0.05,PT,C0020625,Hyponatraemia,FALSE,4.1,ponatinib
CID124826799,CID024826799,C0860871,,6%,0.06,0.06,PT,C0020625,Hyponatraemia,FALSE,4.1,ponatinib
CID124826799,CID024826799,C0009450,,1%,0.01,0.01,PT,C0009450,Infection,FALSE,4.1,ponatinib
CID124826799,CID024826799,C0917801,,0%,0,0,PT,C0917801,Insomnia,FALSE,4.1,ponatinib
CID124826799,CID024826799,C0917801,,12%,0.12,0.12,PT,C0917801,Insomnia,FALSE,4.1,ponatinib
CID124826799,CID024826799,C0917801,,7%,0.07,0.07,PT,C0917801,Insomnia,FALSE,4.1,ponatinib
CID124826799,CID024826799,C0917801,,8%,0.08,0.08,PT,C0917801,Insomnia,FALSE,4.1,ponatinib
CID124826799,CID024826799,C0917801,,9%,0.09,0.09,PT,C0917801,Insomnia,FALSE,4.1,ponatinib
CID124826799,CID024826799,C0022116,,0%,0,0,PT,C0022116,Ischaemia,FALSE,4.1,ponatinib
CID124826799,CID024826799,C0022116,,10%,0.1,0.1,PT,C0022116,Ischaemia,FALSE,4.1,ponatinib
CID124826799,CID024826799,C0022116,,11%,0.11,0.11,PT,C0022116,Ischaemia,FALSE,4.1,ponatinib
CID124826799,CID024826799,C0022116,,19%,0.19,0.19,PT,C0022116,Ischaemia,FALSE,4.1,ponatinib
CID124826799,CID024826799,C0022116,,20%,0.2,0.2,PT,C0022116,Ischaemia,FALSE,4.1,ponatinib
CID124826799,CID024826799,C0022116,,3%,0.03,0.03,PT,C0022116,Ischaemia,FALSE,4.1,ponatinib
CID124826799,CID024826799,C0022116,,5%,0.05,0.05,PT,C0022116,Ischaemia,FALSE,4.1,ponatinib
CID124826799,CID024826799,C0022116,,9%,0.09,0.09,PT,C0022116,Ischaemia,FALSE,4.1,ponatinib
CID124826799,CID024826799,C0023530,,12%,0.12,0.12,PT,C0023530,Leukopenia,FALSE,4.1,ponatinib
CID124826799,CID024826799,C0023530,,14%,0.14,0.14,PT,C0023530,Leukopenia,FALSE,4.1,ponatinib
CID124826799,CID024826799,C0023530,,25%,0.25,0.25,PT,C0023530,Leukopenia,FALSE,4.1,ponatinib
CID124826799,CID024826799,C0023530,,33%,0.33,0.33,PT,C0023530,Leukopenia,FALSE,4.1,ponatinib
CID124826799,CID024826799,C0023530,,35%,0.35,0.35,PT,C0023530,Leukopenia,FALSE,4.1,ponatinib
CID124826799,CID024826799,C0023530,,53%,0.53,0.53,PT,C0023530,Leukopenia,FALSE,4.1,ponatinib
CID124826799,CID024826799,C0023530,,63%,0.63,0.63,PT,C0023530,Leukopenia,FALSE,4.1,ponatinib
CID124826799,CID024826799,C0549475,,1.3%,0.013,0.013,PT,C0549475,Lipase increased,FALSE,4.1,ponatinib
CID124826799,CID024826799,C0549475,,10%,0.1,0.1,PT,C0549475,Lipase increased,FALSE,4.1,ponatinib
CID124826799,CID024826799,C0549475,,11%,0.11,0.11,PT,C0549475,Lipase increased,FALSE,4.1,ponatinib
CID124826799,CID024826799,C0549475,,12%,0.12,0.12,PT,C0549475,Lipase increased,FALSE,4.1,ponatinib
CID124826799,CID024826799,C0549475,,15%,0.15,0.15,PT,C0549475,Lipase increased,FALSE,4.1,ponatinib
CID124826799,CID024826799,C0549475,,41%,0.41,0.41,PT,C0549475,Lipase increased,FALSE,4.1,ponatinib
CID124826799,CID024826799,C0549475,,5%,0.05,0.05,PT,C0549475,Lipase increased,FALSE,4.1,ponatinib
CID124826799,CID024826799,C0549475,,9%,0.09,0.09,PT,C0549475,Lipase increased,FALSE,4.1,ponatinib
CID124826799,CID024826799,C0024312,,10%,0.1,0.1,PT,C0024312,Lymphopenia,FALSE,4.1,ponatinib
CID124826799,CID024826799,C0024312,,15%,0.15,0.15,PT,C0024312,Lymphopenia,FALSE,4.1,ponatinib
CID124826799,CID024826799,C0024312,,22%,0.22,0.22,PT,C0024312,Lymphopenia,FALSE,4.1,ponatinib
CID124826799,CID024826799,C0024312,,24%,0.24,0.24,PT,C0024312,Lymphopenia,FALSE,4.1,ponatinib
CID124826799,CID024826799,C0024312,,26%,0.26,0.26,PT,C0024312,Lymphopenia,FALSE,4.1,ponatinib
CID124826799,CID024826799,C0024312,,28%,0.28,0.28,PT,C0024312,Lymphopenia,FALSE,4.1,ponatinib
CID124826799,CID024826799,C0024312,,37%,0.37,0.37,PT,C0024312,Lymphopenia,FALSE,4.1,ponatinib
CID124826799,CID024826799,C0024312,,9%,0.09,0.09,PT,C0024312,Lymphopenia,FALSE,4.1,ponatinib
CID124826799,CID024826799,C0333355,,0%,0,0,PT,C0333355,Mucosal inflammation,FALSE,4.1,ponatinib
CID124826799,CID024826799,C0333355,,1%,0.01,0.01,PT,C0333355,Mucosal inflammation,FALSE,4.1,ponatinib
CID124826799,CID024826799,C0333355,,10%,0.1,0.1,PT,C0333355,Mucosal inflammation,FALSE,4.1,ponatinib
CID124826799,CID024826799,C0333355,,15%,0.15,0.15,PT,C0333355,Mucosal inflammation,FALSE,4.1,ponatinib
CID124826799,CID024826799,C0333355,,23%,0.23,0.23,PT,C0333355,Mucosal inflammation,FALSE,4.1,ponatinib
CID124826799,CID024826799,C0333355,,3%,0.03,0.03,PT,C0333355,Mucosal inflammation,FALSE,4.1,ponatinib
CID124826799,CID024826799,C0333355,,9%,0.09,0.09,PT,C0333355,Mucosal inflammation,FALSE,4.1,ponatinib
CID124826799,CID024826799,C0037763,,0%,0,0,PT,C0037763,Muscle spasms,FALSE,4.1,ponatinib
CID124826799,CID024826799,C0037763,,12%,0.12,0.12,PT,C0037763,Muscle spasms,FALSE,4.1,ponatinib
CID124826799,CID024826799,C0037763,,13%,0.13,0.13,PT,C0037763,Muscle spasms,FALSE,4.1,ponatinib
CID124826799,CID024826799,C0037763,,5%,0.05,0.05,PT,C0037763,Muscle spasms,FALSE,4.1,ponatinib
CID124826799,CID024826799,C0003862,,0%,0,0,PT,C0948594,Musculoskeletal discomfort,FALSE,4.1,ponatinib
CID124826799,CID024826799,C0003862,,1%,0.01,0.01,PT,C0948594,Musculoskeletal discomfort,FALSE,4.1,ponatinib
CID124826799,CID024826799,C0003862,,13%,0.13,0.13,PT,C0948594,Musculoskeletal discomfort,FALSE,4.1,ponatinib
CID124826799,CID024826799,C0003862,,19%,0.19,0.19,PT,C0948594,Musculoskeletal discomfort,FALSE,4.1,ponatinib
CID124826799,CID024826799,C0003862,,2%,0.02,0.02,PT,C0948594,Musculoskeletal discomfort,FALSE,4.1,ponatinib
CID124826799,CID024826799,C0003862,,26%,0.26,0.26,PT,C0948594,Musculoskeletal discomfort,FALSE,4.1,ponatinib
CID124826799,CID024826799,C0003862,,31%,0.31,0.31,PT,C0948594,Musculoskeletal discomfort,FALSE,4.1,ponatinib
CID124826799,CID024826799,C0231528,,0%,0,0,PT,C0948594,Musculoskeletal discomfort,FALSE,4.1,ponatinib
CID124826799,CID024826799,C0231528,,1%,0.01,0.01,PT,C0948594,Musculoskeletal discomfort,FALSE,4.1,ponatinib
CID124826799,CID024826799,C0231528,,16%,0.16,0.16,PT,C0948594,Musculoskeletal discomfort,FALSE,4.1,ponatinib
CID124826799,CID024826799,C0231528,,20%,0.2,0.2,PT,C0948594,Musculoskeletal discomfort,FALSE,4.1,ponatinib
CID124826799,CID024826799,C0231528,,22%,0.22,0.22,PT,C0948594,Musculoskeletal discomfort,FALSE,4.1,ponatinib
CID124826799,CID024826799,C0231528,,6%,0.06,0.06,PT,C0948594,Musculoskeletal discomfort,FALSE,4.1,ponatinib
CID124826799,CID024826799,C0231528,,0%,0,0,PT,C0231528,Myalgia,FALSE,4.1,ponatinib
CID124826799,CID024826799,C0231528,,1%,0.01,0.01,PT,C0231528,Myalgia,FALSE,4.1,ponatinib
CID124826799,CID024826799,C0231528,,16%,0.16,0.16,PT,C0231528,Myalgia,FALSE,4.1,ponatinib
CID124826799,CID024826799,C0231528,,20%,0.2,0.2,PT,C0231528,Myalgia,FALSE,4.1,ponatinib
CID124826799,CID024826799,C0231528,,22%,0.22,0.22,PT,C0231528,Myalgia,FALSE,4.1,ponatinib
CID124826799,CID024826799,C0231528,,6%,0.06,0.06,PT,C0231528,Myalgia,FALSE,4.1,ponatinib
CID124826799,CID024826799,C0027051,,2.9%,0.029,0.029,PT,C0027051,Myocardial infarction,FALSE,4.1,ponatinib
CID124826799,CID024826799,C0027441,,0%,0,0,PT,C0027441,Nasopharyngitis,FALSE,4.1,ponatinib
CID124826799,CID024826799,C0027441,,12%,0.12,0.12,PT,C0027441,Nasopharyngitis,FALSE,4.1,ponatinib
CID124826799,CID024826799,C0027441,,3%,0.03,0.03,PT,C0027441,Nasopharyngitis,FALSE,4.1,ponatinib
CID124826799,CID024826799,C0027441,,9%,0.09,0.09,PT,C0027441,Nasopharyngitis,FALSE,4.1,ponatinib
CID124826799,CID024826799,C0027497,,0%,0,0,PT,C0027497,Nausea,FALSE,4.1,ponatinib
CID124826799,CID024826799,C0027497,,1%,0.01,0.01,PT,C0027497,Nausea,FALSE,4.1,ponatinib
CID124826799,CID024826799,C0027497,,2%,0.02,0.02,PT,C0027497,Nausea,FALSE,4.1,ponatinib
CID124826799,CID024826799,C0027497,,22%,0.22,0.22,PT,C0027497,Nausea,FALSE,4.1,ponatinib
CID124826799,CID024826799,C0027497,,23%,0.23,0.23,PT,C0027497,Nausea,FALSE,4.1,ponatinib
CID124826799,CID024826799,C0027497,,27%,0.27,0.27,PT,C0027497,Nausea,FALSE,4.1,ponatinib
CID124826799,CID024826799,C0027497,,32%,0.32,0.32,PT,C0027497,Nausea,FALSE,4.1,ponatinib
CID124826799,CID024826799,C0031117,,0%,0,0,PT,C0031117,Neuropathy peripheral,FALSE,4.1,ponatinib
CID124826799,CID024826799,C0031117,,1%,0.01,0.01,PT,C0031117,Neuropathy peripheral,FALSE,4.1,ponatinib
CID124826799,CID024826799,C0031117,,11%,0.11,0.11,PT,C0031117,Neuropathy peripheral,FALSE,4.1,ponatinib
CID124826799,CID024826799,C0031117,,16%,0.16,0.16,PT,C0031117,Neuropathy peripheral,FALSE,4.1,ponatinib
CID124826799,CID024826799,C0031117,,2%,0.02,0.02,PT,C0031117,Neuropathy peripheral,FALSE,4.1,ponatinib
CID124826799,CID024826799,C0031117,,6%,0.06,0.06,PT,C0031117,Neuropathy peripheral,FALSE,4.1,ponatinib
CID124826799,CID024826799,C0031117,,8%,0.08,0.08,PT,C0031117,Neuropathy peripheral,FALSE,4.1,ponatinib
CID124826799,CID024826799,C0027947,,13%,0.13,0.13,PT,C0027947,Neutropenia,FALSE,4.1,ponatinib
CID124826799,CID024826799,C0027947,,23%,0.23,0.23,PT,C0027947,Neutropenia,FALSE,4.1,ponatinib
CID124826799,CID024826799,C0027947,,24%,0.24,0.24,PT,C0027947,Neutropenia,FALSE,4.1,ponatinib
CID124826799,CID024826799,C0027947,,33%,0.33,0.33,PT,C0027947,Neutropenia,FALSE,4.1,ponatinib
CID124826799,CID024826799,C0027947,,47%,0.47,0.47,PT,C0027947,Neutropenia,FALSE,4.1,ponatinib
CID124826799,CID024826799,C0027947,,51%,0.51,0.51,PT,C0027947,Neutropenia,FALSE,4.1,ponatinib
CID124826799,CID024826799,C0027947,,52%,0.52,0.52,PT,C0027947,Neutropenia,FALSE,4.1,ponatinib
CID124826799,CID024826799,C0027947,,55%,0.55,0.55,PT,C0027947,Neutropenia,FALSE,4.1,ponatinib
CID124826799,CID024826799,C0027947,,63%,0.63,0.63,PT,C0027947,Neutropenia,FALSE,4.1,ponatinib
CID124826799,CID024826799,C0853697,,1.3%,0.013,0.013,PT,C0853697,Neutrophil count decreased,FALSE,4.1,ponatinib
CID124826799,CID024826799,C0013604,,0%,0,0,PT,C0013604,Oedema,FALSE,4.1,ponatinib
CID124826799,CID024826799,C0013604,,1%,0,0.01,PT,C0013604,Oedema,FALSE,4.1,ponatinib
CID124826799,CID024826799,C0013604,,13%,0.13,0.13,PT,C0013604,Oedema,FALSE,4.1,ponatinib
CID124826799,CID024826799,C0013604,,19%,0.19,0.19,PT,C0013604,Oedema,FALSE,4.1,ponatinib
CID124826799,CID024826799,C0013604,,22%,0.22,0.22,PT,C0013604,Oedema,FALSE,4.1,ponatinib
CID124826799,CID024826799,C0030193,,0%,0,0,PT,C0030193,Pain,FALSE,4.1,ponatinib
CID124826799,CID024826799,C0030193,,1%,0,0.01,PT,C0030193,Pain,FALSE,4.1,ponatinib
CID124826799,CID024826799,C0030193,,16%,0.16,0.16,PT,C0030193,Pain,FALSE,4.1,ponatinib
CID124826799,CID024826799,C0030193,,3%,0.03,0.03,PT,C0030193,Pain,FALSE,4.1,ponatinib
CID124826799,CID024826799,C0030193,,6%,0.06,0.06,PT,C0030193,Pain,FALSE,4.1,ponatinib
CID124826799,CID024826799,C0030193,,7%,0.07,0.07,PT,C0030193,Pain,FALSE,4.1,ponatinib
CID124826799,CID024826799,C0030193,,8%,0.08,0.08,PT,C0030193,Pain,FALSE,4.1,ponatinib
CID124826799,CID024826799,C0030196,,0%,0,0,PT,C0030196,Pain in extremity,FALSE,4.1,ponatinib
CID124826799,CID024826799,C0030196,,13%,0.13,0.13,PT,C0030196,Pain in extremity,FALSE,4.1,ponatinib
CID124826799,CID024826799,C0030196,,17%,0.17,0.17,PT,C0030196,Pain in extremity,FALSE,4.1,ponatinib
CID124826799,CID024826799,C0030196,,2%,0.02,0.02,PT,C0030196,Pain in extremity,FALSE,4.1,ponatinib
CID124826799,CID024826799,C0030196,,9%,0.09,0.09,PT,C0030196,Pain in extremity,FALSE,4.1,ponatinib
CID124826799,CID024826799,C0030305,,5.1%,0.051,0.051,PT,C0030305,Pancreatitis,FALSE,4.1,ponatinib
CID124826799,CID024826799,C0030305,,6%,0.06,0.06,PT,C0030305,Pancreatitis,FALSE,4.1,ponatinib
CID124826799,CID024826799,C0030312,,1.3%,0.013,0.013,PT,C0030312,Pancytopenia,FALSE,4.1,ponatinib
CID124826799,CID024826799,C0392386,,2.9%,0.029,0.029,PT,C0392386,Platelet count decreased,FALSE,4.1,ponatinib
CID124826799,CID024826799,C0392386,,34%,0.34,0.34,PT,C0392386,Platelet count decreased,FALSE,4.1,ponatinib
CID124826799,CID024826799,C0392386,,39%,0.39,0.39,PT,C0392386,Platelet count decreased,FALSE,4.1,ponatinib
CID124826799,CID024826799,C0392386,,45%,0.45,0.45,PT,C0392386,Platelet count decreased,FALSE,4.1,ponatinib
CID124826799,CID024826799,C0392386,,47%,0.47,0.47,PT,C0392386,Platelet count decreased,FALSE,4.1,ponatinib
CID124826799,CID024826799,C0032227,,0%,0,0,PT,C0032227,Pleural effusion,FALSE,4.1,ponatinib
CID124826799,CID024826799,C0032227,,1%,0.01,0.01,PT,C0032227,Pleural effusion,FALSE,4.1,ponatinib
CID124826799,CID024826799,C0032227,,11%,0.11,0.11,PT,C0032227,Pleural effusion,FALSE,4.1,ponatinib
CID124826799,CID024826799,C0032227,,13%,0.13,0.13,PT,C0032227,Pleural effusion,FALSE,4.1,ponatinib
CID124826799,CID024826799,C0032227,,19%,0.19,0.19,PT,C0032227,Pleural effusion,FALSE,4.1,ponatinib
CID124826799,CID024826799,C0032227,,2%,0.02,0.02,PT,C0032227,Pleural effusion,FALSE,4.1,ponatinib
CID124826799,CID024826799,C0032227,,3%,0.03,0.03,PT,C0032227,Pleural effusion,FALSE,4.1,ponatinib
CID124826799,CID024826799,C0032285,,11%,0.11,0.11,PT,C0032285,Pneumonia,FALSE,4.1,ponatinib
CID124826799,CID024826799,C0032285,,13%,0.13,0.13,PT,C0032285,Pneumonia,FALSE,4.1,ponatinib
CID124826799,CID024826799,C0032285,,2%,0.02,0.02,PT,C0032285,Pneumonia,FALSE,4.1,ponatinib
CID124826799,CID024826799,C0032285,,3%,0.03,0.03,PT,C0032285,Pneumonia,FALSE,4.1,ponatinib
CID124826799,CID024826799,C0032285,,9%,0.09,0.09,PT,C0032285,Pneumonia,FALSE,4.1,ponatinib
CID124826799,CID024826799,C0015230,,11%,0.11,0.11,PT,C0015230,Rash,FALSE,4.1,ponatinib
CID124826799,CID024826799,C0015230,,34%,0.34,0.34,PT,C0015230,Rash,FALSE,4.1,ponatinib
CID124826799,CID024826799,C0015230,,39%,0.39,0.39,PT,C0015230,Rash,FALSE,4.1,ponatinib
CID124826799,CID024826799,C0015230,,48%,0.48,0.48,PT,C0015230,Rash,FALSE,4.1,ponatinib
CID124826799,CID024826799,C0015230,,5%,0.05,0.05,PT,C0015230,Rash,FALSE,4.1,ponatinib
CID124826799,CID024826799,C0015230,,54%,0.54,0.54,PT,C0015230,Rash,FALSE,4.1,ponatinib
CID124826799,CID024826799,C0015230,,6%,0.06,0.06,PT,C0015230,Rash,FALSE,4.1,ponatinib
CID124826799,CID024826799,C0015230,,8%,0.08,0.08,PT,C0015230,Rash,FALSE,4.1,ponatinib
CID124826799,CID024826799,C0243026,,1%,0.01,0.01,PT,C0243026,Sepsis,FALSE,4.1,ponatinib
CID124826799,CID024826799,C0243026,,22%,0.22,0.22,PT,C0243026,Sepsis,FALSE,4.1,ponatinib
CID124826799,CID024826799,C0243026,,5%,0.05,0.05,PT,C0243026,Sepsis,FALSE,4.1,ponatinib
CID124826799,CID024826799,C0243026,,8%,0.08,0.08,PT,C0243026,Sepsis,FALSE,4.1,ponatinib
CID124826799,CID024826799,C0040034,,30%,0.3,0.3,PT,C0040034,Thrombocytopenia,FALSE,4.1,ponatinib
CID124826799,CID024826799,C0040034,,34%,0.34,0.34,PT,C0040034,Thrombocytopenia,FALSE,4.1,ponatinib
CID124826799,CID024826799,C0040034,,39%,0.39,0.39,PT,C0040034,Thrombocytopenia,FALSE,4.1,ponatinib
CID124826799,CID024826799,C0040034,,4%,0.04,0.04,PT,C0040034,Thrombocytopenia,FALSE,4.1,ponatinib
CID124826799,CID024826799,C0040034,,45%,0.45,0.45,PT,C0040034,Thrombocytopenia,FALSE,4.1,ponatinib
CID124826799,CID024826799,C0040034,,47%,0.47,0.47,PT,C0040034,Thrombocytopenia,FALSE,4.1,ponatinib
CID124826799,CID024826799,C0041912,,0%,0,0,PT,C0041912,Upper respiratory tract infection,FALSE,4.1,ponatinib
CID124826799,CID024826799,C0041912,,1%,0.01,0.01,PT,C0041912,Upper respiratory tract infection,FALSE,4.1,ponatinib
CID124826799,CID024826799,C0041912,,11%,0.11,0.11,PT,C0041912,Upper respiratory tract infection,FALSE,4.1,ponatinib
CID124826799,CID024826799,C0041912,,2%,0.02,0.02,PT,C0041912,Upper respiratory tract infection,FALSE,4.1,ponatinib
CID124826799,CID024826799,C0041912,,8%,0.08,0.08,PT,C0041912,Upper respiratory tract infection,FALSE,4.1,ponatinib
CID124826799,CID024826799,C0042029,,0%,0,0,PT,C0042029,Urinary tract infection,FALSE,4.1,ponatinib
CID124826799,CID024826799,C0042029,,1%,0.01,0.01,PT,C0042029,Urinary tract infection,FALSE,4.1,ponatinib
CID124826799,CID024826799,C0042029,,12%,0.12,0.12,PT,C0042029,Urinary tract infection,FALSE,4.1,ponatinib
CID124826799,CID024826799,C0042029,,7%,0.07,0.07,PT,C0042029,Urinary tract infection,FALSE,4.1,ponatinib
CID124826799,CID024826799,C0042029,,9%,0.09,0.09,PT,C0042029,Urinary tract infection,FALSE,4.1,ponatinib
CID124826799,CID024826799,C0042963,,0%,0,0,PT,C0042963,Vomiting,FALSE,4.1,ponatinib
CID124826799,CID024826799,C0042963,,13%,0.13,0.13,PT,C0042963,Vomiting,FALSE,4.1,ponatinib
CID124826799,CID024826799,C0042963,,2%,0.02,0.02,PT,C0042963,Vomiting,FALSE,4.1,ponatinib
CID124826799,CID024826799,C0042963,,22%,0.22,0.22,PT,C0042963,Vomiting,FALSE,4.1,ponatinib
CID124826799,CID024826799,C0042963,,23%,0.23,0.23,PT,C0042963,Vomiting,FALSE,4.1,ponatinib
CID124826799,CID024826799,C0042963,,24%,0.24,0.24,PT,C0042963,Vomiting,FALSE,4.1,ponatinib
CID124826799,CID024826799,C0043096,,0%,0,0,PT,C0043096,Weight decreased,FALSE,4.1,ponatinib
CID124826799,CID024826799,C0043096,,1%,0,0.01,PT,C0043096,Weight decreased,FALSE,4.1,ponatinib
CID124826799,CID024826799,C0043096,,13%,0.13,0.13,PT,C0043096,Weight decreased,FALSE,4.1,ponatinib
CID124826799,CID024826799,C0043096,,5%,0.05,0.05,PT,C0043096,Weight decreased,FALSE,4.1,ponatinib
CID124826799,CID024826799,C0043096,,6%,0.06,0.06,PT,C0043096,Weight decreased,FALSE,4.1,ponatinib
CID124826799,CID024826799,C0043096,,7%,0.07,0.07,PT,C0043096,Weight decreased,FALSE,4.1,ponatinib
CID124826799,CID024826799,C0750394,,12%,0.12,0.12,PT,C0750394,White blood cell count decreased,FALSE,4.1,ponatinib
CID124826799,CID024826799,C0750394,,14%,0.14,0.14,PT,C0750394,White blood cell count decreased,FALSE,4.1,ponatinib
CID124826799,CID024826799,C0750394,,25%,0.25,0.25,PT,C0750394,White blood cell count decreased,FALSE,4.1,ponatinib
CID124826799,CID024826799,C0750394,,33%,0.33,0.33,PT,C0750394,White blood cell count decreased,FALSE,4.1,ponatinib
CID124826799,CID024826799,C0750394,,35%,0.35,0.35,PT,C0750394,White blood cell count decreased,FALSE,4.1,ponatinib
CID124826799,CID024826799,C0750394,,53%,0.53,0.53,PT,C0750394,White blood cell count decreased,FALSE,4.1,ponatinib
CID124826799,CID024826799,C0750394,,63%,0.63,0.63,PT,C0750394,White blood cell count decreased,FALSE,4.1,ponatinib
CID100005391,CID000005391,C0232487,,1.5%,0.015,0.015,PT,C0232487,Abdominal discomfort,FALSE,4.1,temazepam
CID100005391,CID000005391,C0232487,,1.9%,0.019,0.019,PT,C0232487,Abdominal discomfort,FALSE,4.1,temazepam
CID100005391,CID000005391,C0232487,placebo,1.9%,0.019,0.019,PT,C0232487,Abdominal discomfort,TRUE,4.1,temazepam
CID100005391,CID000005391,C0003467,,1.5%,0.015,0.015,PT,C0003467,Anxiety,FALSE,4.1,temazepam
CID100005391,CID000005391,C0003467,,2%,0.02,0.02,PT,C0003467,Anxiety,FALSE,4.1,temazepam
CID100005391,CID000005391,C0003467,placebo,1.5%,0.015,0.015,PT,C0003467,Anxiety,TRUE,4.1,temazepam
CID100005391,CID000005391,C0004093,,0.9%,0.009,0.009,PT,C0004093,Asthenia,FALSE,4.1,temazepam
CID100005391,CID000005391,C0004093,,1.4%,0.014,0.014,PT,C0004093,Asthenia,FALSE,4.1,temazepam
CID100005391,CID000005391,C0004093,placebo,0.9%,0.009,0.009,PT,C0004093,Asthenia,TRUE,4.1,temazepam
CID100005391,CID000005391,C0015672,,4.7%,0.047,0.047,PT,C0004093,Asthenia,FALSE,4.1,temazepam
CID100005391,CID000005391,C0015672,,4.8%,0.048,0.048,PT,C0004093,Asthenia,FALSE,4.1,temazepam
CID100005391,CID000005391,C0015672,placebo,4.7%,0.047,0.047,PT,C0004093,Asthenia,TRUE,4.1,temazepam
CID100005391,CID000005391,C0009676,,0.5%,0.005,0.005,PT,C0009676,Confusional state,FALSE,4.1,temazepam
CID100005391,CID000005391,C0009676,,1.3%,0.013,0.013,PT,C0009676,Confusional state,FALSE,4.1,temazepam
CID100005391,CID000005391,C0009676,placebo,0.5%,0.005,0.005,PT,C0009676,Confusional state,TRUE,4.1,temazepam
CID100005391,CID000005391,C0011570,,1.7%,0.017,0.017,PT,C0011570,Depression,FALSE,4.1,temazepam
CID100005391,CID000005391,C0011570,,1.8%,0.018,0.018,PT,C0011570,Depression,FALSE,4.1,temazepam
CID100005391,CID000005391,C0011570,placebo,1.8%,0.018,0.018,PT,C0011570,Depression,TRUE,4.1,temazepam
CID100005391,CID000005391,C0011991,,1.1%,0.011,0.011,PT,C0011991,Diarrhoea,FALSE,4.1,temazepam
CID100005391,CID000005391,C0011991,,1.7%,0.017,0.017,PT,C0011991,Diarrhoea,FALSE,4.1,temazepam
CID100005391,CID000005391,C0011991,placebo,1.1%,0.011,0.011,PT,C0011991,Diarrhoea,TRUE,4.1,temazepam
CID100005391,CID000005391,C0012833,,3.3%,0.033,0.033,PT,C0012833,Dizziness,FALSE,4.1,temazepam
CID100005391,CID000005391,C0012833,,4.5%,0.045,0.045,PT,C0012833,Dizziness,FALSE,4.1,temazepam
CID100005391,CID000005391,C0012833,placebo,3.3%,0.033,0.033,PT,C0012833,Dizziness,TRUE,4.1,temazepam
CID100005391,CID000005391,C0043352,,1.7%,0.017,0.017,PT,C0043352,Dry mouth,FALSE,4.1,temazepam
CID100005391,CID000005391,C0043352,,2.2%,0.022,0.022,PT,C0043352,Dry mouth,FALSE,4.1,temazepam
CID100005391,CID000005391,C0043352,placebo,2.2%,0.022,0.022,PT,C0043352,Dry mouth,TRUE,4.1,temazepam
CID100005391,CID000005391,C0235146,,0.4%,0.004,0.004,PT,C0235146,Euphoric mood,FALSE,4.1,temazepam
CID100005391,CID000005391,C0235146,,1.5%,0.015,0.015,PT,C0235146,Euphoric mood,FALSE,4.1,temazepam
CID100005391,CID000005391,C0235146,placebo,0.4%,0.004,0.004,PT,C0235146,Euphoric mood,TRUE,4.1,temazepam
CID100005391,CID000005391,C0015672,,4.7%,0.047,0.047,PT,C0015672,Fatigue,FALSE,4.1,temazepam
CID100005391,CID000005391,C0015672,,4.8%,0.048,0.048,PT,C0015672,Fatigue,FALSE,4.1,temazepam
CID100005391,CID000005391,C0015672,placebo,4.7%,0.047,0.047,PT,C0015672,Fatigue,TRUE,4.1,temazepam
CID100005391,CID000005391,C0009676,,0.5%,0.005,0.005,PT,C1443060,Feeling abnormal,FALSE,4.1,temazepam
CID100005391,CID000005391,C0009676,,1.3%,0.013,0.013,PT,C1443060,Feeling abnormal,FALSE,4.1,temazepam
CID100005391,CID000005391,C0009676,placebo,0.5%,0.005,0.005,PT,C1443060,Feeling abnormal,TRUE,4.1,temazepam
CID100005391,CID000005391,C0221100,,1.1%,0.011,0.011,PT,C0221100,Hangover,FALSE,4.1,temazepam
CID100005391,CID000005391,C0221100,,2.5%,0.025,0.025,PT,C0221100,Hangover,FALSE,4.1,temazepam
CID100005391,CID000005391,C0221100,placebo,1.1%,0.011,0.011,PT,C0221100,Hangover,TRUE,4.1,temazepam
CID100005391,CID000005391,C0018681,,8.5%,0.085,0.085,PT,C0018681,Headache,FALSE,4.1,temazepam
CID100005391,CID000005391,C0018681,,9.1%,0.091,0.091,PT,C0018681,Headache,FALSE,4.1,temazepam
CID100005391,CID000005391,C0018681,placebo,9.1%,0.091,0.091,PT,C0018681,Headache,TRUE,4.1,temazepam
CID100005391,CID000005391,C0023380,,3.4%,0.034,0.034,PT,C0023380,Lethargy,FALSE,4.1,temazepam
CID100005391,CID000005391,C0023380,,4.5%,0.045,0.045,PT,C0023380,Lethargy,FALSE,4.1,temazepam
CID100005391,CID000005391,C0023380,placebo,3.4%,0.034,0.034,PT,C0023380,Lethargy,TRUE,4.1,temazepam
CID100005391,CID000005391,C0027497,,3.1%,0.031,0.031,PT,C0027497,Nausea,FALSE,4.1,temazepam
CID100005391,CID000005391,C0027497,,3.8%,0.038,0.038,PT,C0027497,Nausea,FALSE,4.1,temazepam
CID100005391,CID000005391,C0027497,placebo,3.8%,0.038,0.038,PT,C0027497,Nausea,TRUE,4.1,temazepam
CID100005391,CID000005391,C0027769,,4.6%,0.046,0.046,PT,C0027769,Nervousness,FALSE,4.1,temazepam
CID100005391,CID000005391,C0027769,,8.2%,0.082,0.082,PT,C0027769,Nervousness,FALSE,4.1,temazepam
CID100005391,CID000005391,C0027769,placebo,8.2%,0.082,0.082,PT,C0027769,Nervousness,TRUE,4.1,temazepam
CID100005391,CID000005391,C0028084,,1.2%,0.012,0.012,PT,C0028084,Nightmare,FALSE,4.1,temazepam
CID100005391,CID000005391,C0028084,,1.7%,0.017,0.017,PT,C0028084,Nightmare,FALSE,4.1,temazepam
CID100005391,CID000005391,C0028084,placebo,1.7%,0.017,0.017,PT,C0028084,Nightmare,TRUE,4.1,temazepam
CID100005391,CID000005391,C0013144,,5.6%,0.056,0.056,PT,C2830004,Somnolence,FALSE,4.1,temazepam
CID100005391,CID000005391,C0013144,,9.1%,0.091,0.091,PT,C2830004,Somnolence,FALSE,4.1,temazepam
CID100005391,CID000005391,C0013144,placebo,5.6%,0.056,0.056,PT,C2830004,Somnolence,TRUE,4.1,temazepam
CID100005391,CID000005391,C0027769,,4.6%,0.046,0.046,PT,C0233494,Tension,FALSE,4.1,temazepam
CID100005391,CID000005391,C0027769,,8.2%,0.082,0.082,PT,C0233494,Tension,FALSE,4.1,temazepam
CID100005391,CID000005391,C0027769,placebo,8.2%,0.082,0.082,PT,C0233494,Tension,TRUE,4.1,temazepam
CID100005391,CID000005391,C0042571,,0.8%,0.008,0.008,PT,C0042571,Vertigo,FALSE,4.1,temazepam
CID100005391,CID000005391,C0042571,,1.2%,0.012,0.012,PT,C0042571,Vertigo,FALSE,4.1,temazepam
CID100005391,CID000005391,C0042571,placebo,0.8%,0.008,0.008,PT,C0042571,Vertigo,TRUE,4.1,temazepam
CID100005391,CID000005391,C0344232,,1.3%,0.013,0.013,PT,C0344232,Vision blurred,FALSE,4.1,temazepam
CID100005391,CID000005391,C0344232,placebo,1.3%,0.013,0.013,PT,C0344232,Vision blurred,TRUE,4.1,temazepam
CID100005556,CID000005556,C0004134,,4.6%,0.046,0.046,PT,C0004134,Ataxia,FALSE,4.1,triazolam
CID100005556,CID000005556,C0004134,placebo,0.8%,0.008,0.008,PT,C0004134,Ataxia,TRUE,4.1,triazolam
CID100005556,CID000005556,C0520966,,4.6%,0.046,0.046,PT,C0520966,Coordination abnormal,FALSE,4.1,triazolam
CID100005556,CID000005556,C0520966,placebo,0.8%,0.008,0.008,PT,C0520966,Coordination abnormal,TRUE,4.1,triazolam
CID100005556,CID000005556,C0012833,,7.8%,0.078,0.078,PT,C0012833,Dizziness,FALSE,4.1,triazolam
CID100005556,CID000005556,C0012833,placebo,3.1%,0.031,0.031,PT,C0012833,Dizziness,TRUE,4.1,triazolam
CID100005556,CID000005556,C0220870,,4.9%,0.049,0.049,PT,C0012833,Dizziness,FALSE,4.1,triazolam
CID100005556,CID000005556,C0220870,placebo,0.9%,0.009,0.009,PT,C0012833,Dizziness,TRUE,4.1,triazolam
CID100005556,CID000005556,C0018681,,9.7%,0.097,0.097,PT,C0018681,Headache,FALSE,4.1,triazolam
CID100005556,CID000005556,C0018681,placebo,8.4%,0.084,0.084,PT,C0018681,Headache,TRUE,4.1,triazolam
CID100005556,CID000005556,C0027497,,4.6%,0.046,0.046,PT,C0027497,Nausea,FALSE,4.1,triazolam
CID100005556,CID000005556,C0027497,placebo,3.7%,0.037,0.037,PT,C0027497,Nausea,TRUE,4.1,triazolam
CID100005556,CID000005556,C0027769,,5.2%,0.052,0.052,PT,C0027769,Nervousness,FALSE,4.1,triazolam
CID100005556,CID000005556,C0027769,placebo,4.5%,0.045,0.045,PT,C0027769,Nervousness,TRUE,4.1,triazolam
CID100005556,CID000005556,C0013144,,14%,0.14,0.14,PT,C2830004,Somnolence,FALSE,4.1,triazolam
CID100005556,CID000005556,C0013144,placebo,6.4%,0.064,0.064,PT,C2830004,Somnolence,TRUE,4.1,triazolam
CID100005556,CID000005556,C0027769,,5.2%,0.052,0.052,PT,C0233494,Tension,FALSE,4.1,triazolam
CID100005556,CID000005556,C0027769,placebo,4.5%,0.045,0.045,PT,C0233494,Tension,TRUE,4.1,triazolam
CID100005556,CID000005556,C0042963,,4.6%,0.046,0.046,PT,C0042963,Vomiting,FALSE,4.1,triazolam
CID100005556,CID000005556,C0042963,placebo,3.7%,0.037,0.037,PT,C0042963,Vomiting,TRUE,4.1,triazolam
